assembly_id	taxid	num_SCG_hits	uniq_SCG_hits	perc_comp	perc_redund	num_SCG_hits_after_len_filt	in_final_tree
LK1002	NA	14	14	87.50	0.00	14	Yes
LK1006	NA	14	14	87.50	0.00	14	Yes
LK1008	NA	14	14	87.50	0.00	14	Yes
LK1009	NA	14	14	87.50	0.00	14	Yes
LK1012	NA	14	14	87.50	0.00	14	Yes
LK1015	NA	14	14	87.50	0.00	14	Yes
LK1018	NA	14	14	87.50	0.00	14	Yes
LK1019	NA	14	14	87.50	0.00	14	Yes
LK1021	NA	14	14	87.50	0.00	14	Yes
LK1022	NA	14	14	87.50	0.00	14	Yes
LK1024	NA	14	14	87.50	0.00	11	Yes
LK1026	NA	14	14	87.50	0.00	14	Yes
LK1027	NA	14	14	87.50	0.00	14	Yes
LK1030	NA	14	14	87.50	0.00	14	Yes
LK1031	NA	14	14	87.50	0.00	14	Yes
LK1034	NA	14	14	87.50	0.00	14	Yes
LK1036	NA	14	14	87.50	0.00	14	Yes
LK1041	NA	14	14	87.50	0.00	14	Yes
LK1045	NA	14	14	87.50	0.00	11	Yes
LK1046	NA	14	14	87.50	0.00	14	Yes
LK1049	NA	14	14	87.50	0.00	14	Yes
LK1053	NA	14	14	87.50	0.00	14	Yes
LK1054	NA	14	14	87.50	0.00	14	Yes
LK1055	NA	14	14	87.50	0.00	14	Yes
LK1056	NA	14	14	87.50	0.00	14	Yes
LK1059	NA	14	14	87.50	0.00	14	Yes
LK1072	NA	14	14	87.50	0.00	14	Yes
LK1073	NA	14	14	87.50	0.00	14	Yes
LK1082	NA	14	13	87.50	6.25	11	Yes
LK1085	NA	14	14	87.50	0.00	11	Yes
LK1090	NA	14	14	87.50	0.00	14	Yes
LK1091	NA	14	14	87.50	0.00	14	Yes
LK1092	NA	14	14	87.50	0.00	14	Yes
LK1093	NA	14	14	87.50	0.00	14	Yes
LK1098	NA	14	14	87.50	0.00	14	Yes
LK1099	NA	14	14	87.50	0.00	14	Yes
LK1106	NA	14	14	87.50	0.00	14	Yes
LK1112	NA	14	14	87.50	0.00	14	Yes
LK1113	NA	14	14	87.50	0.00	14	Yes
LK1116	NA	14	14	87.50	0.00	14	Yes
LK1117	NA	14	14	87.50	0.00	14	Yes
LK1118	NA	14	14	87.50	0.00	14	Yes
LK1128	NA	14	14	87.50	0.00	14	Yes
LK1134	NA	14	14	87.50	0.00	14	Yes
LK1136	NA	14	14	87.50	0.00	14	Yes
LK1137	NA	14	14	87.50	0.00	14	Yes
LK1145	NA	14	14	87.50	0.00	14	Yes
LK1147	NA	14	14	87.50	0.00	14	Yes
LK1172	NA	14	14	87.50	0.00	14	Yes
LK1173	NA	14	14	87.50	0.00	14	Yes
LK1176	NA	14	14	87.50	0.00	14	Yes
LK1188	NA	14	14	87.50	0.00	11	Yes
LK1198	NA	14	14	87.50	0.00	14	Yes
LK1204	NA	14	14	87.50	0.00	14	Yes
LK1207	NA	14	14	87.50	0.00	14	Yes
LK1208	NA	14	14	87.50	0.00	14	Yes
LK1224	NA	14	14	87.50	0.00	14	Yes
LK1231	NA	14	14	87.50	0.00	14	Yes
LK1237	NA	14	14	87.50	0.00	14	Yes
LK1239	NA	14	14	87.50	0.00	14	Yes
LK1246	NA	14	14	87.50	0.00	14	Yes
LK1250	NA	14	14	87.50	0.00	14	Yes
LK1252	NA	14	14	87.50	0.00	12	Yes
LK1255	NA	14	14	87.50	0.00	14	Yes
LK1257	NA	14	14	87.50	0.00	12	Yes
LK1263	NA	14	14	87.50	0.00	14	Yes
LK1270	NA	14	14	87.50	0.00	14	Yes
LK1274	NA	14	14	87.50	0.00	14	Yes
LK1275	NA	14	14	87.50	0.00	14	Yes
LK1277	NA	14	14	87.50	0.00	14	Yes
LK1278	NA	14	14	87.50	0.00	14	Yes
LK1279	NA	14	14	87.50	0.00	13	Yes
LK1289	NA	14	14	87.50	0.00	14	Yes
LK1301	NA	14	14	87.50	0.00	14	Yes
LK1302	NA	14	14	87.50	0.00	11	Yes
LK1306	NA	14	14	87.50	0.00	14	Yes
LK1311	NA	14	14	87.50	0.00	13	Yes
LK1330	NA	14	14	87.50	0.00	14	Yes
LK1334	NA	14	14	87.50	0.00	14	Yes
LK1335	NA	14	14	87.50	0.00	14	Yes
LK1337	NA	14	14	87.50	0.00	14	Yes
LK1346	NA	14	14	87.50	0.00	14	Yes
LK1347	NA	14	14	87.50	0.00	14	Yes
LK1348	NA	14	14	87.50	0.00	14	Yes
LK1350	NA	14	14	87.50	0.00	11	Yes
LK1351	NA	14	14	87.50	0.00	12	Yes
LK1352	NA	14	14	87.50	0.00	11	Yes
LK1358	NA	14	14	87.50	0.00	14	Yes
LK1362	NA	14	14	87.50	0.00	14	Yes
LK1363	NA	14	14	87.50	0.00	14	Yes
LK1366	NA	14	14	87.50	0.00	14	Yes
LK1379	NA	14	14	87.50	0.00	14	Yes
LK1380	NA	14	14	87.50	0.00	14	Yes
LK1382	NA	14	14	87.50	0.00	14	Yes
LK1383	NA	14	14	87.50	0.00	14	Yes
LK1384	NA	14	14	87.50	0.00	14	Yes
LK1386	NA	14	14	87.50	0.00	14	Yes
LK1390	NA	14	14	87.50	0.00	14	Yes
LK1393	NA	14	14	87.50	0.00	14	Yes
LK1404	NA	14	14	87.50	0.00	11	Yes
LK402	NA	14	14	87.50	0.00	14	Yes
LK405	NA	14	14	87.50	0.00	14	Yes
LK408	NA	14	14	87.50	0.00	14	Yes
LK409	NA	14	14	87.50	0.00	14	Yes
LK411	NA	14	14	87.50	0.00	14	Yes
LK413	NA	14	14	87.50	0.00	14	Yes
LK417	NA	14	14	87.50	0.00	14	Yes
LK419	NA	14	14	87.50	0.00	14	Yes
LK421	NA	14	14	87.50	0.00	14	Yes
LK426	NA	14	14	87.50	0.00	14	Yes
LK428	NA	14	14	87.50	0.00	14	Yes
LK430	NA	14	14	87.50	0.00	14	Yes
LK434	NA	14	14	87.50	0.00	14	Yes
LK439	NA	14	14	87.50	0.00	14	Yes
LK441	NA	14	14	87.50	0.00	14	Yes
LK443	NA	14	14	87.50	0.00	14	Yes
LK444	NA	14	12	87.50	12.50	12	Yes
LK455	NA	14	14	87.50	0.00	14	Yes
LK464	NA	14	14	87.50	0.00	14	Yes
LK466	NA	14	14	87.50	0.00	14	Yes
LK467	NA	14	14	87.50	0.00	14	Yes
LK470	NA	14	14	87.50	0.00	14	Yes
LK478	NA	14	14	87.50	0.00	14	Yes
LK479	NA	14	14	87.50	0.00	14	Yes
LK485	NA	14	14	87.50	0.00	14	Yes
LK488	NA	14	14	87.50	0.00	13	Yes
LK489	NA	14	14	87.50	0.00	14	Yes
LK494	NA	14	14	87.50	0.00	14	Yes
LK508	NA	14	14	87.50	0.00	14	Yes
LK518	NA	14	14	87.50	0.00	13	Yes
LK519	NA	14	14	87.50	0.00	14	Yes
LK522	NA	14	14	87.50	0.00	12	Yes
LK523	NA	14	14	87.50	0.00	14	Yes
LK524	NA	14	14	87.50	0.00	14	Yes
LK533	NA	14	14	87.50	0.00	14	Yes
LK538	NA	14	14	87.50	0.00	14	Yes
LK542	NA	14	14	87.50	0.00	14	Yes
LK553	NA	14	14	87.50	0.00	14	Yes
LK557	NA	14	14	87.50	0.00	12	Yes
LK561	NA	14	14	87.50	0.00	14	Yes
LK569	NA	14	14	87.50	0.00	14	Yes
LK570	NA	14	14	87.50	0.00	14	Yes
LK572	NA	14	14	87.50	0.00	14	Yes
LK583	NA	14	14	87.50	0.00	14	Yes
LK591	NA	14	14	87.50	0.00	14	Yes
LK617	NA	14	14	87.50	0.00	14	Yes
LK630	NA	14	14	87.50	0.00	11	Yes
LK639	NA	14	14	87.50	0.00	14	Yes
LK661	NA	14	14	87.50	0.00	14	Yes
LK672	NA	14	14	87.50	0.00	14	Yes
LK687	NA	14	14	87.50	0.00	14	Yes
LK697	NA	14	14	87.50	0.00	14	Yes
LK698	NA	14	14	87.50	0.00	14	Yes
LK705	NA	14	14	87.50	0.00	14	Yes
LK712	NA	14	14	87.50	0.00	14	Yes
LK716	NA	14	14	87.50	0.00	14	Yes
LK719	NA	14	14	87.50	0.00	14	Yes
LK729	NA	14	14	87.50	0.00	14	Yes
LK792	NA	14	14	87.50	0.00	14	Yes
LK871	NA	14	14	87.50	0.00	14	Yes
LK894	NA	14	14	87.50	0.00	14	Yes
LK904	NA	14	14	87.50	0.00	14	Yes
LK930	NA	14	14	87.50	0.00	14	Yes
LK934	NA	14	14	87.50	0.00	14	Yes
LK935	NA	14	14	87.50	0.00	13	Yes
LK936	NA	14	14	87.50	0.00	14	Yes
LK938	NA	14	14	87.50	0.00	12	Yes
LK941	NA	14	14	87.50	0.00	14	Yes
LK942	NA	14	14	87.50	0.00	14	Yes
LK945	NA	14	14	87.50	0.00	13	Yes
LK946	NA	14	14	87.50	0.00	14	Yes
LK948	NA	14	14	87.50	0.00	14	Yes
LK949	NA	14	14	87.50	0.00	14	Yes
LK950	NA	14	14	87.50	0.00	14	Yes
LK951	NA	14	14	87.50	0.00	13	Yes
LK952	NA	14	14	87.50	0.00	14	Yes
LK953	NA	14	14	87.50	0.00	12	Yes
LK955	NA	14	14	87.50	0.00	14	Yes
LK956	NA	14	14	87.50	0.00	14	Yes
LK960	NA	14	14	87.50	0.00	14	Yes
LK975	NA	14	14	87.50	0.00	14	Yes
LK984	NA	14	14	87.50	0.00	14	Yes
SMGC_1	NA	14	14	87.50	0.00	14	Yes
SMGC_10	NA	14	14	87.50	0.00	13	Yes
SMGC_100	NA	14	14	87.50	0.00	14	Yes
SMGC_101	NA	14	14	87.50	0.00	14	Yes
SMGC_102	NA	10	10	62.50	0.00	10	Yes
SMGC_103	NA	14	14	87.50	0.00	13	Yes
SMGC_104	NA	14	14	87.50	0.00	14	Yes
SMGC_105	NA	14	14	87.50	0.00	14	Yes
SMGC_106	NA	10	10	62.50	0.00	7	Yes
SMGC_108	NA	14	14	87.50	0.00	14	Yes
SMGC_11	NA	14	14	87.50	0.00	14	Yes
SMGC_110	NA	14	14	87.50	0.00	14	Yes
SMGC_114	NA	14	14	87.50	0.00	13	Yes
SMGC_115	NA	14	14	87.50	0.00	14	Yes
SMGC_116	NA	11	11	68.75	0.00	10	Yes
SMGC_117	NA	14	14	87.50	0.00	13	Yes
SMGC_118	NA	13	13	81.25	0.00	13	Yes
SMGC_119	NA	14	14	87.50	0.00	14	Yes
SMGC_12	NA	14	14	87.50	0.00	14	Yes
SMGC_120	NA	14	14	87.50	0.00	14	Yes
SMGC_121	NA	14	14	87.50	0.00	14	Yes
SMGC_122	NA	14	14	87.50	0.00	14	Yes
SMGC_123	NA	14	14	87.50	0.00	13	Yes
SMGC_124	NA	14	14	87.50	0.00	13	Yes
SMGC_125	NA	14	14	87.50	0.00	14	Yes
SMGC_126	NA	14	14	87.50	0.00	14	Yes
SMGC_127	NA	14	14	87.50	0.00	14	Yes
SMGC_128	NA	14	14	87.50	0.00	14	Yes
SMGC_129	NA	14	14	87.50	0.00	13	Yes
SMGC_13	NA	14	14	87.50	0.00	14	Yes
SMGC_130	NA	14	14	87.50	0.00	14	Yes
SMGC_131	NA	14	14	87.50	0.00	14	Yes
SMGC_132	NA	14	14	87.50	0.00	14	Yes
SMGC_133	NA	11	11	68.75	0.00	11	Yes
SMGC_134	NA	14	14	87.50	0.00	14	Yes
SMGC_137	NA	14	14	87.50	0.00	14	Yes
SMGC_138	NA	14	14	87.50	0.00	14	Yes
SMGC_139	NA	14	14	87.50	0.00	14	Yes
SMGC_14	NA	14	14	87.50	0.00	14	Yes
SMGC_140	NA	14	14	87.50	0.00	14	Yes
SMGC_143	NA	14	14	87.50	0.00	12	Yes
SMGC_144	NA	14	14	87.50	0.00	14	Yes
SMGC_145	NA	14	14	87.50	0.00	13	Yes
SMGC_148	NA	10	10	62.50	0.00	10	Yes
SMGC_15	NA	14	14	87.50	0.00	14	Yes
SMGC_150	NA	9	9	56.25	0.00	9	Yes
SMGC_151	NA	14	14	87.50	0.00	14	Yes
SMGC_152	NA	14	14	87.50	0.00	14	Yes
SMGC_153	NA	10	9	62.50	6.25	8	Yes
SMGC_154	NA	14	14	87.50	0.00	14	Yes
SMGC_155	NA	14	14	87.50	0.00	14	Yes
SMGC_156	NA	14	14	87.50	0.00	14	Yes
SMGC_157	NA	14	14	87.50	0.00	14	Yes
SMGC_158	NA	14	14	87.50	0.00	14	Yes
SMGC_159	NA	14	14	87.50	0.00	14	Yes
SMGC_16	NA	14	14	87.50	0.00	14	Yes
SMGC_161	NA	14	12	87.50	12.50	11	Yes
SMGC_162	NA	14	14	87.50	0.00	14	Yes
SMGC_163	NA	14	14	87.50	0.00	14	Yes
SMGC_164	NA	10	10	62.50	0.00	9	Yes
SMGC_165	NA	14	13	87.50	6.25	12	Yes
SMGC_166	NA	14	14	87.50	0.00	12	Yes
SMGC_167	NA	12	12	75.00	0.00	12	Yes
SMGC_17	NA	14	14	87.50	0.00	14	Yes
SMGC_170	NA	14	14	87.50	0.00	14	Yes
SMGC_171	NA	14	14	87.50	0.00	14	Yes
SMGC_173	NA	14	14	87.50	0.00	13	Yes
SMGC_174	NA	14	14	87.50	0.00	14	Yes
SMGC_176	NA	14	14	87.50	0.00	13	Yes
SMGC_177	NA	14	13	87.50	6.25	13	Yes
SMGC_178	NA	12	11	75.00	6.25	8	Yes
SMGC_18	NA	14	14	87.50	0.00	14	Yes
SMGC_180	NA	10	10	62.50	0.00	7	Yes
SMGC_182	NA	14	14	87.50	0.00	13	Yes
SMGC_183	NA	14	14	87.50	0.00	14	Yes
SMGC_184	NA	14	14	87.50	0.00	14	Yes
SMGC_185	NA	12	12	75.00	0.00	10	Yes
SMGC_186	NA	13	13	81.25	0.00	11	Yes
SMGC_187	NA	14	14	87.50	0.00	14	Yes
SMGC_188	NA	10	10	62.50	0.00	9	Yes
SMGC_189	NA	12	12	75.00	0.00	10	Yes
SMGC_19	NA	14	14	87.50	0.00	14	Yes
SMGC_192	NA	12	11	75.00	6.25	10	Yes
SMGC_193	NA	12	12	75.00	0.00	11	Yes
SMGC_195	NA	14	14	87.50	0.00	13	Yes
SMGC_196	NA	14	14	87.50	0.00	14	Yes
SMGC_197	NA	14	14	87.50	0.00	13	Yes
SMGC_198	NA	14	14	87.50	0.00	14	Yes
SMGC_199	NA	14	14	87.50	0.00	14	Yes
SMGC_2	NA	14	14	87.50	0.00	14	Yes
SMGC_20	NA	14	14	87.50	0.00	14	Yes
SMGC_200	NA	14	14	87.50	0.00	13	Yes
SMGC_201	NA	14	14	87.50	0.00	14	Yes
SMGC_202	NA	14	14	87.50	0.00	14	Yes
SMGC_203	NA	12	12	75.00	0.00	10	Yes
SMGC_204	NA	14	14	87.50	0.00	14	Yes
SMGC_205	NA	14	14	87.50	0.00	13	Yes
SMGC_207	NA	14	14	87.50	0.00	13	Yes
SMGC_208	NA	14	14	87.50	0.00	14	Yes
SMGC_209	NA	14	14	87.50	0.00	14	Yes
SMGC_210	NA	14	14	87.50	0.00	14	Yes
SMGC_211	NA	14	14	87.50	0.00	14	Yes
SMGC_212	NA	14	14	87.50	0.00	14	Yes
SMGC_213	NA	14	14	87.50	0.00	14	Yes
SMGC_215	NA	14	14	87.50	0.00	14	Yes
SMGC_216	NA	14	14	87.50	0.00	14	Yes
SMGC_217	NA	14	14	87.50	0.00	13	Yes
SMGC_218	NA	14	14	87.50	0.00	14	Yes
SMGC_220	NA	14	14	87.50	0.00	14	Yes
SMGC_221	NA	14	14	87.50	0.00	14	Yes
SMGC_222	NA	14	14	87.50	0.00	14	Yes
SMGC_223	NA	14	14	87.50	0.00	13	Yes
SMGC_224	NA	14	14	87.50	0.00	14	Yes
SMGC_225	NA	14	14	87.50	0.00	14	Yes
SMGC_226	NA	14	14	87.50	0.00	12	Yes
SMGC_227	NA	14	14	87.50	0.00	14	Yes
SMGC_228	NA	14	14	87.50	0.00	14	Yes
SMGC_229	NA	14	14	87.50	0.00	14	Yes
SMGC_23	NA	14	14	87.50	0.00	13	Yes
SMGC_230	NA	14	14	87.50	0.00	14	Yes
SMGC_231	NA	14	14	87.50	0.00	14	Yes
SMGC_232	NA	14	14	87.50	0.00	14	Yes
SMGC_233	NA	14	14	87.50	0.00	14	Yes
SMGC_234	NA	14	14	87.50	0.00	14	Yes
SMGC_235	NA	14	14	87.50	0.00	14	Yes
SMGC_236	NA	14	14	87.50	0.00	14	Yes
SMGC_237	NA	14	14	87.50	0.00	14	Yes
SMGC_238	NA	14	14	87.50	0.00	14	Yes
SMGC_239	NA	14	14	87.50	0.00	14	Yes
SMGC_24	NA	14	14	87.50	0.00	14	Yes
SMGC_240	NA	14	14	87.50	0.00	14	Yes
SMGC_241	NA	14	14	87.50	0.00	14	Yes
SMGC_242	NA	14	14	87.50	0.00	14	Yes
SMGC_243	NA	14	14	87.50	0.00	14	Yes
SMGC_244	NA	14	14	87.50	0.00	14	Yes
SMGC_245	NA	14	14	87.50	0.00	14	Yes
SMGC_246	NA	14	13	87.50	6.25	13	Yes
SMGC_247	NA	14	14	87.50	0.00	14	Yes
SMGC_248	NA	14	14	87.50	0.00	14	Yes
SMGC_249	NA	9	9	56.25	0.00	9	Yes
SMGC_25	NA	14	14	87.50	0.00	14	Yes
SMGC_250	NA	14	14	87.50	0.00	14	Yes
SMGC_251	NA	12	12	75.00	0.00	11	Yes
SMGC_253	NA	11	11	68.75	0.00	11	Yes
SMGC_255	NA	14	14	87.50	0.00	14	Yes
SMGC_256	NA	12	12	75.00	0.00	12	Yes
SMGC_257	NA	14	14	87.50	0.00	14	Yes
SMGC_259	NA	14	14	87.50	0.00	14	Yes
SMGC_26	NA	14	14	87.50	0.00	14	Yes
SMGC_260	NA	14	14	87.50	0.00	13	Yes
SMGC_261	NA	14	14	87.50	0.00	14	Yes
SMGC_263	NA	11	11	68.75	0.00	10	Yes
SMGC_264	NA	14	14	87.50	0.00	13	Yes
SMGC_265	NA	14	14	87.50	0.00	14	Yes
SMGC_266	NA	14	14	87.50	0.00	14	Yes
SMGC_267	NA	14	14	87.50	0.00	14	Yes
SMGC_268	NA	14	14	87.50	0.00	13	Yes
SMGC_269	NA	14	14	87.50	0.00	12	Yes
SMGC_27	NA	14	14	87.50	0.00	14	Yes
SMGC_270	NA	14	14	87.50	0.00	13	Yes
SMGC_271	NA	14	14	87.50	0.00	14	Yes
SMGC_272	NA	14	14	87.50	0.00	14	Yes
SMGC_273	NA	14	14	87.50	0.00	14	Yes
SMGC_274	NA	14	14	87.50	0.00	12	Yes
SMGC_275	NA	11	11	68.75	0.00	11	Yes
SMGC_276	NA	14	14	87.50	0.00	14	Yes
SMGC_278	NA	12	12	75.00	0.00	11	Yes
SMGC_28	NA	14	14	87.50	0.00	12	Yes
SMGC_280	NA	14	14	87.50	0.00	14	Yes
SMGC_281	NA	14	14	87.50	0.00	13	Yes
SMGC_282	NA	14	14	87.50	0.00	13	Yes
SMGC_283	NA	13	13	81.25	0.00	13	Yes
SMGC_284	NA	14	14	87.50	0.00	14	Yes
SMGC_285	NA	14	14	87.50	0.00	12	Yes
SMGC_286	NA	14	14	87.50	0.00	14	Yes
SMGC_288	NA	14	14	87.50	0.00	14	Yes
SMGC_289	NA	14	14	87.50	0.00	14	Yes
SMGC_291	NA	14	14	87.50	0.00	14	Yes
SMGC_292	NA	14	14	87.50	0.00	13	Yes
SMGC_294	NA	14	14	87.50	0.00	14	Yes
SMGC_296	NA	14	13	87.50	6.25	12	Yes
SMGC_297	NA	12	12	75.00	0.00	10	Yes
SMGC_299	NA	14	13	87.50	6.25	13	Yes
SMGC_3	NA	14	10	87.50	25.00	10	Yes
SMGC_30	NA	13	13	81.25	0.00	13	Yes
SMGC_300	NA	10	10	62.50	0.00	9	Yes
SMGC_301	NA	14	14	87.50	0.00	14	Yes
SMGC_304	NA	14	14	87.50	0.00	14	Yes
SMGC_305	NA	14	14	87.50	0.00	14	Yes
SMGC_306	NA	14	14	87.50	0.00	14	Yes
SMGC_307	NA	14	14	87.50	0.00	13	Yes
SMGC_308	NA	11	11	68.75	0.00	10	Yes
SMGC_309	NA	14	14	87.50	0.00	11	Yes
SMGC_31	NA	14	14	87.50	0.00	14	Yes
SMGC_310	NA	14	14	87.50	0.00	14	Yes
SMGC_311	NA	14	14	87.50	0.00	14	Yes
SMGC_312	NA	14	14	87.50	0.00	14	Yes
SMGC_313	NA	14	14	87.50	0.00	14	Yes
SMGC_314	NA	14	14	87.50	0.00	12	Yes
SMGC_315	NA	14	14	87.50	0.00	14	Yes
SMGC_316	NA	14	14	87.50	0.00	14	Yes
SMGC_319	NA	14	14	87.50	0.00	14	Yes
SMGC_32	NA	14	14	87.50	0.00	14	Yes
SMGC_320	NA	14	12	87.50	18.75	12	Yes
SMGC_321	NA	14	14	87.50	0.00	14	Yes
SMGC_322	NA	14	14	87.50	0.00	14	Yes
SMGC_323	NA	14	14	87.50	0.00	14	Yes
SMGC_324	NA	14	14	87.50	0.00	14	Yes
SMGC_325	NA	11	11	68.75	0.00	11	Yes
SMGC_326	NA	14	14	87.50	0.00	11	Yes
SMGC_327	NA	7	7	43.75	0.00	7	Yes
SMGC_329	NA	14	14	87.50	0.00	14	Yes
SMGC_33	NA	14	14	87.50	0.00	12	Yes
SMGC_330	NA	14	14	87.50	0.00	14	Yes
SMGC_331	NA	14	14	87.50	0.00	14	Yes
SMGC_334	NA	13	12	81.25	6.25	12	Yes
SMGC_335	NA	14	14	87.50	0.00	14	Yes
SMGC_336	NA	14	14	87.50	0.00	14	Yes
SMGC_337	NA	14	14	87.50	0.00	14	Yes
SMGC_338	NA	14	14	87.50	0.00	14	Yes
SMGC_339	NA	14	14	87.50	0.00	14	Yes
SMGC_34	NA	14	14	87.50	0.00	14	Yes
SMGC_340	NA	14	13	87.50	6.25	13	Yes
SMGC_341	NA	14	14	87.50	0.00	14	Yes
SMGC_342	NA	13	12	81.25	6.25	12	Yes
SMGC_343	NA	14	14	87.50	0.00	14	Yes
SMGC_344	NA	14	14	87.50	0.00	14	Yes
SMGC_345	NA	14	14	87.50	0.00	12	Yes
SMGC_346	NA	14	14	87.50	0.00	14	Yes
SMGC_347	NA	14	14	87.50	0.00	14	Yes
SMGC_348	NA	12	12	75.00	0.00	11	Yes
SMGC_352	NA	11	11	68.75	0.00	9	Yes
SMGC_353	NA	9	9	56.25	0.00	8	Yes
SMGC_354	NA	14	14	87.50	0.00	14	Yes
SMGC_355	NA	14	14	87.50	0.00	14	Yes
SMGC_356	NA	14	14	87.50	0.00	14	Yes
SMGC_357	NA	14	14	87.50	0.00	14	Yes
SMGC_358	NA	14	14	87.50	0.00	14	Yes
SMGC_36	NA	14	14	87.50	0.00	12	Yes
SMGC_360	NA	14	14	87.50	0.00	13	Yes
SMGC_361	NA	14	14	87.50	0.00	14	Yes
SMGC_363	NA	10	10	62.50	0.00	10	Yes
SMGC_364	NA	9	9	56.25	0.00	7	Yes
SMGC_366	NA	14	14	87.50	0.00	14	Yes
SMGC_367	NA	12	10	75.00	12.50	9	Yes
SMGC_369	NA	14	14	87.50	0.00	14	Yes
SMGC_37	NA	14	14	87.50	0.00	13	Yes
SMGC_370	NA	14	14	87.50	0.00	13	Yes
SMGC_371	NA	13	13	81.25	0.00	12	Yes
SMGC_372	NA	14	14	87.50	0.00	14	Yes
SMGC_373	NA	14	13	87.50	6.25	13	Yes
SMGC_374	NA	14	14	87.50	0.00	14	Yes
SMGC_375	NA	14	14	87.50	0.00	14	Yes
SMGC_377	NA	14	14	87.50	0.00	14	Yes
SMGC_379	NA	14	13	87.50	6.25	13	Yes
SMGC_38	NA	14	12	87.50	12.50	12	Yes
SMGC_381	NA	14	14	87.50	0.00	14	Yes
SMGC_384	NA	14	14	87.50	0.00	14	Yes
SMGC_389	NA	14	14	87.50	0.00	13	Yes
SMGC_39	NA	14	14	87.50	0.00	14	Yes
SMGC_390	NA	14	14	87.50	0.00	14	Yes
SMGC_391	NA	12	11	75.00	6.25	11	Yes
SMGC_392	NA	14	13	87.50	6.25	12	Yes
SMGC_393	NA	7	7	43.75	0.00	7	Yes
SMGC_395	NA	14	14	87.50	0.00	14	Yes
SMGC_396	NA	14	14	87.50	0.00	13	Yes
SMGC_398	NA	14	14	87.50	0.00	13	Yes
SMGC_399	NA	14	14	87.50	0.00	13	Yes
SMGC_4	NA	14	14	87.50	0.00	14	Yes
SMGC_40	NA	14	14	87.50	0.00	13	Yes
SMGC_400	NA	14	14	87.50	0.00	14	Yes
SMGC_402	NA	10	10	62.50	0.00	10	Yes
SMGC_403	NA	8	8	50.00	0.00	8	Yes
SMGC_408	NA	13	13	81.25	0.00	12	Yes
SMGC_41	NA	14	14	87.50	0.00	14	Yes
SMGC_410	NA	14	14	87.50	0.00	14	Yes
SMGC_411	NA	14	14	87.50	0.00	14	Yes
SMGC_412	NA	14	14	87.50	0.00	14	Yes
SMGC_416	NA	13	13	81.25	0.00	13	Yes
SMGC_419	NA	14	14	87.50	0.00	14	Yes
SMGC_42	NA	14	14	87.50	0.00	14	Yes
SMGC_421	NA	14	14	87.50	0.00	14	Yes
SMGC_422	NA	13	13	81.25	0.00	12	Yes
SMGC_425	NA	14	14	87.50	0.00	13	Yes
SMGC_426	NA	14	14	87.50	0.00	14	Yes
SMGC_428	NA	14	14	87.50	0.00	14	Yes
SMGC_429	NA	14	14	87.50	0.00	14	Yes
SMGC_43	NA	14	14	87.50	0.00	14	Yes
SMGC_430	NA	10	10	62.50	0.00	8	Yes
SMGC_433	NA	14	14	87.50	0.00	14	Yes
SMGC_435	NA	11	10	68.75	6.25	8	Yes
SMGC_436	NA	14	14	87.50	0.00	14	Yes
SMGC_437	NA	14	14	87.50	0.00	14	Yes
SMGC_438	NA	14	14	87.50	0.00	12	Yes
SMGC_439	NA	11	11	68.75	0.00	10	Yes
SMGC_441	NA	14	14	87.50	0.00	14	Yes
SMGC_442	NA	14	14	87.50	0.00	14	Yes
SMGC_443	NA	8	8	50.00	0.00	7	Yes
SMGC_444	NA	14	14	87.50	0.00	14	Yes
SMGC_445	NA	14	12	87.50	12.50	11	Yes
SMGC_446	NA	14	14	87.50	0.00	13	Yes
SMGC_447	NA	14	14	87.50	0.00	14	Yes
SMGC_448	NA	14	14	87.50	0.00	14	Yes
SMGC_449	NA	14	14	87.50	0.00	13	Yes
SMGC_45	NA	14	14	87.50	0.00	14	Yes
SMGC_455	NA	14	13	87.50	6.25	12	Yes
SMGC_456	NA	14	14	87.50	0.00	14	Yes
SMGC_457	NA	14	14	87.50	0.00	14	Yes
SMGC_458	NA	14	13	87.50	6.25	12	Yes
SMGC_461	NA	14	14	87.50	0.00	14	Yes
SMGC_465	NA	12	12	75.00	0.00	12	Yes
SMGC_466	NA	14	14	87.50	0.00	13	Yes
SMGC_467	NA	10	9	62.50	6.25	8	Yes
SMGC_468	NA	11	11	68.75	0.00	11	Yes
SMGC_469	NA	14	14	87.50	0.00	14	Yes
SMGC_47	NA	10	10	62.50	0.00	10	Yes
SMGC_470	NA	8	7	50.00	6.25	7	Yes
SMGC_473	NA	14	14	87.50	0.00	14	Yes
SMGC_474	NA	14	14	87.50	0.00	14	Yes
SMGC_476	NA	14	14	87.50	0.00	14	Yes
SMGC_478	NA	14	14	87.50	0.00	13	Yes
SMGC_479	NA	14	14	87.50	0.00	12	Yes
SMGC_48	NA	14	14	87.50	0.00	13	Yes
SMGC_480	NA	14	14	87.50	0.00	14	Yes
SMGC_484	NA	14	14	87.50	0.00	14	Yes
SMGC_486	NA	14	14	87.50	0.00	13	Yes
SMGC_487	NA	14	14	87.50	0.00	14	Yes
SMGC_488	NA	10	10	62.50	0.00	10	Yes
SMGC_49	NA	14	14	87.50	0.00	14	Yes
SMGC_490	NA	9	8	56.25	6.25	7	Yes
SMGC_491	NA	14	11	87.50	18.75	11	Yes
SMGC_495	NA	14	14	87.50	0.00	14	Yes
SMGC_5	NA	14	14	87.50	0.00	14	Yes
SMGC_50	NA	14	14	87.50	0.00	14	Yes
SMGC_500	NA	14	13	87.50	6.25	13	Yes
SMGC_501	NA	14	13	87.50	6.25	13	Yes
SMGC_505	NA	14	14	87.50	0.00	13	Yes
SMGC_506	NA	14	14	87.50	0.00	14	Yes
SMGC_507	NA	14	14	87.50	0.00	14	Yes
SMGC_508	NA	14	14	87.50	0.00	14	Yes
SMGC_510	NA	14	14	87.50	0.00	14	Yes
SMGC_511	NA	14	14	87.50	0.00	14	Yes
SMGC_512	NA	14	14	87.50	0.00	14	Yes
SMGC_513	NA	14	14	87.50	0.00	14	Yes
SMGC_514	NA	11	11	68.75	0.00	11	Yes
SMGC_515	NA	11	11	68.75	0.00	11	Yes
SMGC_516	NA	9	9	56.25	0.00	8	Yes
SMGC_517	NA	14	14	87.50	0.00	14	Yes
SMGC_518	NA	10	10	62.50	0.00	9	Yes
SMGC_519	NA	12	12	75.00	0.00	10	Yes
SMGC_52	NA	14	14	87.50	0.00	14	Yes
SMGC_520	NA	14	14	87.50	0.00	14	Yes
SMGC_522	NA	14	14	87.50	0.00	13	Yes
SMGC_524	NA	14	13	87.50	6.25	13	Yes
SMGC_525	NA	14	14	87.50	0.00	14	Yes
SMGC_526	NA	14	14	87.50	0.00	13	Yes
SMGC_527	NA	14	14	87.50	0.00	14	Yes
SMGC_528	NA	14	14	87.50	0.00	12	Yes
SMGC_529	NA	14	14	87.50	0.00	13	Yes
SMGC_53	NA	14	13	87.50	6.25	13	Yes
SMGC_530	NA	13	13	81.25	0.00	13	Yes
SMGC_532	NA	14	14	87.50	0.00	14	Yes
SMGC_533	NA	14	13	87.50	6.25	12	Yes
SMGC_535	NA	13	13	81.25	0.00	12	Yes
SMGC_537	NA	10	10	62.50	0.00	7	Yes
SMGC_538	NA	14	14	87.50	0.00	13	Yes
SMGC_539	NA	14	14	87.50	0.00	13	Yes
SMGC_542	NA	14	14	87.50	0.00	14	Yes
SMGC_543	NA	14	14	87.50	0.00	14	Yes
SMGC_544	NA	14	14	87.50	0.00	14	Yes
SMGC_545	NA	14	14	87.50	0.00	13	Yes
SMGC_546	NA	9	9	56.25	0.00	8	Yes
SMGC_548	NA	14	14	87.50	0.00	14	Yes
SMGC_549	NA	14	14	87.50	0.00	14	Yes
SMGC_55	NA	14	14	87.50	0.00	14	Yes
SMGC_550	NA	14	14	87.50	0.00	13	Yes
SMGC_551	NA	14	14	87.50	0.00	13	Yes
SMGC_552	NA	14	14	87.50	0.00	14	Yes
SMGC_553	NA	11	11	68.75	0.00	9	Yes
SMGC_557	NA	10	10	62.50	0.00	8	Yes
SMGC_56	NA	14	14	87.50	0.00	14	Yes
SMGC_560	NA	14	14	87.50	0.00	14	Yes
SMGC_563	NA	9	9	56.25	0.00	9	Yes
SMGC_566	NA	10	9	62.50	6.25	8	Yes
SMGC_567	NA	14	14	87.50	0.00	14	Yes
SMGC_569	NA	14	14	87.50	0.00	14	Yes
SMGC_57	NA	14	14	87.50	0.00	14	Yes
SMGC_571	NA	14	14	87.50	0.00	14	Yes
SMGC_572	NA	14	14	87.50	0.00	14	Yes
SMGC_574	NA	14	14	87.50	0.00	14	Yes
SMGC_576	NA	14	13	87.50	6.25	12	Yes
SMGC_578	NA	14	14	87.50	0.00	14	Yes
SMGC_579	NA	9	9	56.25	0.00	7	Yes
SMGC_58	NA	14	14	87.50	0.00	14	Yes
SMGC_582	NA	14	14	87.50	0.00	14	Yes
SMGC_584	NA	9	9	56.25	0.00	7	Yes
SMGC_585	NA	12	12	75.00	0.00	12	Yes
SMGC_586	NA	13	11	81.25	12.50	9	Yes
SMGC_588	NA	11	9	68.75	12.50	8	Yes
SMGC_590	NA	14	14	87.50	0.00	13	Yes
SMGC_592	NA	9	9	56.25	0.00	7	Yes
SMGC_594	NA	13	13	81.25	0.00	13	Yes
SMGC_595	NA	9	9	56.25	0.00	7	Yes
SMGC_598	NA	13	13	81.25	0.00	12	Yes
SMGC_6	NA	14	14	87.50	0.00	14	Yes
SMGC_60	NA	9	9	56.25	0.00	9	Yes
SMGC_602	NA	14	14	87.50	0.00	14	Yes
SMGC_603	NA	10	10	62.50	0.00	10	Yes
SMGC_604	NA	10	10	62.50	0.00	8	Yes
SMGC_605	NA	14	14	87.50	0.00	12	Yes
SMGC_606	NA	14	14	87.50	0.00	14	Yes
SMGC_607	NA	14	14	87.50	0.00	13	Yes
SMGC_608	NA	14	14	87.50	0.00	14	Yes
SMGC_609	NA	14	14	87.50	0.00	14	Yes
SMGC_61	NA	14	13	87.50	6.25	12	Yes
SMGC_612	NA	9	9	56.25	0.00	9	Yes
SMGC_613	NA	11	11	68.75	0.00	11	Yes
SMGC_615	NA	14	14	87.50	0.00	14	Yes
SMGC_616	NA	14	14	87.50	0.00	14	Yes
SMGC_617	NA	14	14	87.50	0.00	14	Yes
SMGC_621	NA	14	14	87.50	0.00	14	Yes
SMGC_622	NA	14	14	87.50	0.00	13	Yes
SMGC_63	NA	14	14	87.50	0.00	14	Yes
SMGC_64	NA	11	11	68.75	0.00	8	Yes
SMGC_65	NA	14	14	87.50	0.00	14	Yes
SMGC_66	NA	11	11	68.75	0.00	10	Yes
SMGC_67	NA	14	12	87.50	12.50	12	Yes
SMGC_68	NA	14	14	87.50	0.00	14	Yes
SMGC_69	NA	14	14	87.50	0.00	14	Yes
SMGC_7	NA	14	13	87.50	6.25	13	Yes
SMGC_70	NA	14	14	87.50	0.00	13	Yes
SMGC_71	NA	14	14	87.50	0.00	14	Yes
SMGC_72	NA	14	14	87.50	0.00	14	Yes
SMGC_73	NA	14	14	87.50	0.00	14	Yes
SMGC_74	NA	14	14	87.50	0.00	13	Yes
SMGC_75	NA	14	14	87.50	0.00	14	Yes
SMGC_76	NA	14	14	87.50	0.00	14	Yes
SMGC_77	NA	14	14	87.50	0.00	14	Yes
SMGC_78	NA	14	14	87.50	0.00	14	Yes
SMGC_79	NA	14	14	87.50	0.00	14	Yes
SMGC_8	NA	14	14	87.50	0.00	14	Yes
SMGC_80	NA	14	14	87.50	0.00	14	Yes
SMGC_81	NA	14	14	87.50	0.00	14	Yes
SMGC_82	NA	14	14	87.50	0.00	14	Yes
SMGC_83	NA	14	14	87.50	0.00	14	Yes
SMGC_84	NA	14	14	87.50	0.00	14	Yes
SMGC_85	NA	14	14	87.50	0.00	14	Yes
SMGC_86	NA	14	14	87.50	0.00	14	Yes
SMGC_87	NA	14	14	87.50	0.00	14	Yes
SMGC_88	NA	14	14	87.50	0.00	14	Yes
SMGC_89	NA	14	12	87.50	12.50	12	Yes
SMGC_9	NA	13	13	81.25	0.00	12	Yes
SMGC_90	NA	14	14	87.50	0.00	14	Yes
SMGC_91	NA	14	14	87.50	0.00	14	Yes
SMGC_92	NA	14	14	87.50	0.00	14	Yes
SMGC_93	NA	14	14	87.50	0.00	14	Yes
SMGC_94	NA	14	14	87.50	0.00	12	Yes
SMGC_95	NA	14	14	87.50	0.00	12	Yes
SMGC_96	NA	14	14	87.50	0.00	13	Yes
SMGC_97	NA	14	14	87.50	0.00	14	Yes
SMGC_98	NA	14	14	87.50	0.00	14	Yes
SMGC_99	NA	14	14	87.50	0.00	13	Yes
SMGC_107	NA	5	5	31.25	0.00	4	No
SMGC_109	NA	5	5	31.25	0.00	4	No
SMGC_111	NA	1	1	6.25	0.00	0	No
SMGC_112	NA	0	0	0.00	0.00	0	No
SMGC_113	NA	2	2	12.50	0.00	2	No
SMGC_135	NA	4	4	25.00	0.00	4	No
SMGC_136	NA	0	0	0.00	0.00	0	No
SMGC_141	NA	8	8	50.00	0.00	5	No
SMGC_142	NA	2	2	12.50	0.00	1	No
SMGC_146	NA	2	2	12.50	0.00	2	No
SMGC_147	NA	0	0	0.00	0.00	0	No
SMGC_149	NA	2	2	12.50	0.00	2	No
SMGC_160	NA	1	1	6.25	0.00	1	No
SMGC_168	NA	2	2	12.50	0.00	2	No
SMGC_169	NA	7	7	43.75	0.00	6	No
SMGC_172	NA	7	7	43.75	0.00	4	No
SMGC_175	NA	2	2	12.50	0.00	2	No
SMGC_179	NA	1	1	6.25	0.00	1	No
SMGC_181	NA	2	2	12.50	0.00	2	No
SMGC_190	NA	2	2	12.50	0.00	2	No
SMGC_191	NA	0	0	0.00	0.00	0	No
SMGC_194	NA	0	0	0.00	0.00	0	No
SMGC_206	NA	6	6	37.50	0.00	6	No
SMGC_21	NA	1	1	6.25	0.00	1	No
SMGC_214	NA	0	0	0.00	0.00	0	No
SMGC_219	NA	14	4	87.50	62.50	4	No
SMGC_252	NA	0	0	0.00	0.00	0	No
SMGC_254	NA	2	2	12.50	0.00	2	No
SMGC_258	NA	8	8	50.00	0.00	6	No
SMGC_262	NA	0	0	0.00	0.00	0	No
SMGC_277	NA	6	6	37.50	0.00	6	No
SMGC_279	NA	4	4	25.00	0.00	3	No
SMGC_287	NA	5	5	31.25	0.00	4	No
SMGC_29	NA	0	0	0.00	0.00	0	No
SMGC_290	NA	0	0	0.00	0.00	0	No
SMGC_293	NA	2	2	12.50	0.00	1	No
SMGC_295	NA	0	0	0.00	0.00	0	No
SMGC_298	NA	4	4	25.00	0.00	3	No
SMGC_302	NA	0	0	0.00	0.00	0	No
SMGC_303	NA	0	0	0.00	0.00	0	No
SMGC_317	NA	0	0	0.00	0.00	0	No
SMGC_318	NA	0	0	0.00	0.00	0	No
SMGC_328	NA	0	0	0.00	0.00	0	No
SMGC_332	NA	6	3	37.50	18.75	3	No
SMGC_333	NA	0	0	0.00	0.00	0	No
SMGC_349	NA	0	0	0.00	0.00	0	No
SMGC_35	NA	5	5	31.25	0.00	4	No
SMGC_350	NA	0	0	0.00	0.00	0	No
SMGC_351	NA	0	0	0.00	0.00	0	No
SMGC_359	NA	1	1	6.25	0.00	0	No
SMGC_362	NA	0	0	0.00	0.00	0	No
SMGC_365	NA	1	1	6.25	0.00	1	No
SMGC_368	NA	0	0	0.00	0.00	0	No
SMGC_376	NA	0	0	0.00	0.00	0	No
SMGC_378	NA	0	0	0.00	0.00	0	No
SMGC_380	NA	1	1	6.25	0.00	0	No
SMGC_382	NA	4	3	25.00	6.25	3	No
SMGC_383	NA	0	0	0.00	0.00	0	No
SMGC_385	NA	0	0	0.00	0.00	0	No
SMGC_386	NA	3	3	18.75	0.00	3	No
SMGC_387	NA	4	4	25.00	0.00	3	No
SMGC_388	NA	0	0	0.00	0.00	0	No
SMGC_394	NA	6	6	37.50	0.00	5	No
SMGC_397	NA	4	4	25.00	0.00	4	No
SMGC_401	NA	1	1	6.25	0.00	0	No
SMGC_404	NA	1	1	6.25	0.00	1	No
SMGC_405	NA	7	7	43.75	0.00	5	No
SMGC_406	NA	3	3	18.75	0.00	3	No
SMGC_407	NA	0	0	0.00	0.00	0	No
SMGC_409	NA	0	0	0.00	0.00	0	No
SMGC_413	NA	2	2	12.50	0.00	2	No
SMGC_414	NA	2	2	12.50	0.00	2	No
SMGC_415	NA	0	0	0.00	0.00	0	No
SMGC_417	NA	0	0	0.00	0.00	0	No
SMGC_418	NA	0	0	0.00	0.00	0	No
SMGC_420	NA	11	11	68.75	0.00	6	No
SMGC_423	NA	0	0	0.00	0.00	0	No
SMGC_424	NA	6	6	37.50	0.00	6	No
SMGC_427	NA	5	5	31.25	0.00	3	No
SMGC_431	NA	2	2	12.50	0.00	1	No
SMGC_432	NA	6	6	37.50	0.00	6	No
SMGC_434	NA	0	0	0.00	0.00	0	No
SMGC_44	NA	0	0	0.00	0.00	0	No
SMGC_440	NA	1	1	6.25	0.00	1	No
SMGC_450	NA	14	6	87.50	50.00	6	No
SMGC_451	NA	0	0	0.00	0.00	0	No
SMGC_452	NA	0	0	0.00	0.00	0	No
SMGC_453	NA	0	0	0.00	0.00	0	No
SMGC_454	NA	8	7	50.00	6.25	4	No
SMGC_459	NA	7	7	43.75	0.00	5	No
SMGC_46	NA	14	5	87.50	56.25	5	No
SMGC_460	NA	6	6	37.50	0.00	5	No
SMGC_462	NA	4	4	25.00	0.00	3	No
SMGC_463	NA	5	5	31.25	0.00	4	No
SMGC_464	NA	3	3	18.75	0.00	3	No
SMGC_471	NA	0	0	0.00	0.00	0	No
SMGC_472	NA	2	2	12.50	0.00	2	No
SMGC_475	NA	3	3	18.75	0.00	2	No
SMGC_477	NA	7	7	43.75	0.00	5	No
SMGC_481	NA	0	0	0.00	0.00	0	No
SMGC_482	NA	6	6	37.50	0.00	5	No
SMGC_483	NA	0	0	0.00	0.00	0	No
SMGC_485	NA	0	0	0.00	0.00	0	No
SMGC_489	NA	0	0	0.00	0.00	0	No
SMGC_492	NA	1	1	6.25	0.00	0	No
SMGC_493	NA	0	0	0.00	0.00	0	No
SMGC_494	NA	0	0	0.00	0.00	0	No
SMGC_496	NA	1	1	6.25	0.00	1	No
SMGC_497	NA	1	1	6.25	0.00	0	No
SMGC_498	NA	0	0	0.00	0.00	0	No
SMGC_499	NA	3	3	18.75	0.00	1	No
SMGC_502	NA	0	0	0.00	0.00	0	No
SMGC_503	NA	1	1	6.25	0.00	0	No
SMGC_504	NA	7	7	43.75	0.00	6	No
SMGC_509	NA	1	1	6.25	0.00	0	No
SMGC_51	NA	8	8	50.00	0.00	6	No
SMGC_521	NA	0	0	0.00	0.00	0	No
SMGC_523	NA	7	7	43.75	0.00	5	No
SMGC_531	NA	2	2	12.50	0.00	2	No
SMGC_534	NA	0	0	0.00	0.00	0	No
SMGC_536	NA	2	2	12.50	0.00	2	No
SMGC_54	NA	4	4	25.00	0.00	4	No
SMGC_540	NA	0	0	0.00	0.00	0	No
SMGC_541	NA	2	2	12.50	0.00	1	No
SMGC_547	NA	2	2	12.50	0.00	2	No
SMGC_554	NA	6	6	37.50	0.00	5	No
SMGC_555	NA	0	0	0.00	0.00	0	No
SMGC_556	NA	0	0	0.00	0.00	0	No
SMGC_558	NA	7	6	43.75	6.25	5	No
SMGC_559	NA	0	0	0.00	0.00	0	No
SMGC_561	NA	2	2	12.50	0.00	1	No
SMGC_562	NA	1	1	6.25	0.00	0	No
SMGC_564	NA	0	0	0.00	0.00	0	No
SMGC_565	NA	8	7	50.00	6.25	4	No
SMGC_568	NA	4	4	25.00	0.00	3	No
SMGC_570	NA	3	3	18.75	0.00	3	No
SMGC_573	NA	2	2	12.50	0.00	2	No
SMGC_575	NA	3	3	18.75	0.00	3	No
SMGC_577	NA	0	0	0.00	0.00	0	No
SMGC_580	NA	4	4	25.00	0.00	3	No
SMGC_581	NA	5	5	31.25	0.00	5	No
SMGC_583	NA	2	2	12.50	0.00	2	No
SMGC_587	NA	6	6	37.50	0.00	5	No
SMGC_589	NA	1	1	6.25	0.00	0	No
SMGC_59	NA	0	0	0.00	0.00	0	No
SMGC_591	NA	7	7	43.75	0.00	6	No
SMGC_593	NA	7	7	43.75	0.00	6	No
SMGC_596	NA	0	0	0.00	0.00	0	No
SMGC_597	NA	1	1	6.25	0.00	0	No
SMGC_599	NA	7	7	43.75	0.00	5	No
SMGC_600	NA	0	0	0.00	0.00	0	No
SMGC_601	NA	1	1	6.25	0.00	1	No
SMGC_610	NA	5	5	31.25	0.00	5	No
SMGC_611	NA	0	0	0.00	0.00	0	No
SMGC_614	NA	0	0	0.00	0.00	0	No
SMGC_618	NA	1	1	6.25	0.00	1	No
SMGC_619	NA	0	0	0.00	0.00	0	No
SMGC_62	NA	5	5	31.25	0.00	3	No
SMGC_620	NA	3	3	18.75	0.00	2	No
