Assembly_name	Original_file_name	taxid	num_SCG_hits	uniq_SCG_hits	perc_comp	perc_redund
LK704	/home/projects/Skin_Bioassay_Paper/Polished_Analysis/Comprehensive_Phylogeny/Prodigal/LK704.faa	NA	72	72	97.30	0.00
LK1284	/home/projects/Skin_Bioassay_Paper/Polished_Analysis/Comprehensive_Phylogeny/Prodigal/LK1284.faa	NA	74	73	100.00	1.35
LK458	/home/projects/Skin_Bioassay_Paper/Polished_Analysis/Comprehensive_Phylogeny/Prodigal/LK458.faa	NA	70	70	94.59	0.00
LK1379	/home/projects/Skin_Bioassay_Paper/Polished_Analysis/Comprehensive_Phylogeny/Prodigal/LK1379.faa	NA	72	71	97.30	1.35
LK666	/home/projects/Skin_Bioassay_Paper/Polished_Analysis/Comprehensive_Phylogeny/Prodigal/LK666.faa	NA	73	72	98.65	1.35
LK1270	/home/projects/Skin_Bioassay_Paper/Polished_Analysis/Comprehensive_Phylogeny/Prodigal/LK1270.faa	NA	74	73	100.00	1.35
LK595	/home/projects/Skin_Bioassay_Paper/Polished_Analysis/Comprehensive_Phylogeny/Prodigal/LK595.faa	NA	74	73	100.00	1.35
LK1098	/home/projects/Skin_Bioassay_Paper/Polished_Analysis/Comprehensive_Phylogeny/Prodigal/LK1098.faa	NA	73	73	98.65	0.00
LK527	/home/projects/Skin_Bioassay_Paper/Polished_Analysis/Comprehensive_Phylogeny/Prodigal/LK527.faa	NA	68	68	91.89	0.00
LK1302	/home/projects/Skin_Bioassay_Paper/Polished_Analysis/Comprehensive_Phylogeny/Prodigal/LK1302.faa	NA	73	72	98.65	1.35
LK1321	/home/projects/Skin_Bioassay_Paper/Polished_Analysis/Comprehensive_Phylogeny/Prodigal/LK1321.faa	NA	69	68	93.24	1.35
LK434	/home/projects/Skin_Bioassay_Paper/Polished_Analysis/Comprehensive_Phylogeny/Prodigal/LK434.faa	NA	74	74	100.00	0.00
LK1118	/home/projects/Skin_Bioassay_Paper/Polished_Analysis/Comprehensive_Phylogeny/Prodigal/LK1118.faa	NA	74	73	100.00	2.70
LK494	/home/projects/Skin_Bioassay_Paper/Polished_Analysis/Comprehensive_Phylogeny/Prodigal/LK494.faa	NA	72	72	97.30	0.00
LK602	/home/projects/Skin_Bioassay_Paper/Polished_Analysis/Comprehensive_Phylogeny/Prodigal/LK602.faa	NA	74	73	100.00	1.35
LK1266	/home/projects/Skin_Bioassay_Paper/Polished_Analysis/Comprehensive_Phylogeny/Prodigal/LK1266.faa	NA	71	69	95.95	2.70
LK1140	/home/projects/Skin_Bioassay_Paper/Polished_Analysis/Comprehensive_Phylogeny/Prodigal/LK1140.faa	NA	73	73	98.65	0.00
LK439	/home/projects/Skin_Bioassay_Paper/Polished_Analysis/Comprehensive_Phylogeny/Prodigal/LK439.faa	NA	72	71	97.30	1.35
LK569	/home/projects/Skin_Bioassay_Paper/Polished_Analysis/Comprehensive_Phylogeny/Prodigal/LK569.faa	NA	73	72	98.65	1.35
LK1026	/home/projects/Skin_Bioassay_Paper/Polished_Analysis/Comprehensive_Phylogeny/Prodigal/LK1026.faa	NA	73	71	98.65	2.70
LK1366	/home/projects/Skin_Bioassay_Paper/Polished_Analysis/Comprehensive_Phylogeny/Prodigal/LK1366.faa	NA	74	73	100.00	1.35
LK1289	/home/projects/Skin_Bioassay_Paper/Polished_Analysis/Comprehensive_Phylogeny/Prodigal/LK1289.faa	NA	73	72	98.65	1.35
LK672	/home/projects/Skin_Bioassay_Paper/Polished_Analysis/Comprehensive_Phylogeny/Prodigal/LK672.faa	NA	74	73	100.00	1.35
LK1402	/home/projects/Skin_Bioassay_Paper/Polished_Analysis/Comprehensive_Phylogeny/Prodigal/LK1402.faa	NA	73	72	98.65	1.35
LK630	/home/projects/Skin_Bioassay_Paper/Polished_Analysis/Comprehensive_Phylogeny/Prodigal/LK630.faa	NA	74	73	100.00	1.35
LK668	/home/projects/Skin_Bioassay_Paper/Polished_Analysis/Comprehensive_Phylogeny/Prodigal/LK668.faa	NA	73	72	98.65	1.35
LK952	/home/projects/Skin_Bioassay_Paper/Polished_Analysis/Comprehensive_Phylogeny/Prodigal/LK952.faa	NA	73	72	98.65	1.35
LK935	/home/projects/Skin_Bioassay_Paper/Polished_Analysis/Comprehensive_Phylogeny/Prodigal/LK935.faa	NA	72	71	97.30	1.35
LK1104	/home/projects/Skin_Bioassay_Paper/Polished_Analysis/Comprehensive_Phylogeny/Prodigal/LK1104.faa	NA	73	72	98.65	1.35
LK1400	/home/projects/Skin_Bioassay_Paper/Polished_Analysis/Comprehensive_Phylogeny/Prodigal/LK1400.faa	NA	70	69	94.59	1.35
LK669	/home/projects/Skin_Bioassay_Paper/Polished_Analysis/Comprehensive_Phylogeny/Prodigal/LK669.faa	NA	73	72	98.65	1.35
LK1283	/home/projects/Skin_Bioassay_Paper/Polished_Analysis/Comprehensive_Phylogeny/Prodigal/LK1283.faa	NA	73	72	98.65	1.35
LK1008	/home/projects/Skin_Bioassay_Paper/Polished_Analysis/Comprehensive_Phylogeny/Prodigal/LK1008.faa	NA	71	70	95.95	1.35
LK1072	/home/projects/Skin_Bioassay_Paper/Polished_Analysis/Comprehensive_Phylogeny/Prodigal/LK1072.faa	NA	72	70	97.30	2.70
LK518	/home/projects/Skin_Bioassay_Paper/Polished_Analysis/Comprehensive_Phylogeny/Prodigal/LK518.faa	NA	73	72	98.65	1.35
LK1086	/home/projects/Skin_Bioassay_Paper/Polished_Analysis/Comprehensive_Phylogeny/Prodigal/LK1086.faa	NA	74	73	100.00	1.35
LK1384	/home/projects/Skin_Bioassay_Paper/Polished_Analysis/Comprehensive_Phylogeny/Prodigal/LK1384.faa	NA	73	73	98.65	0.00
LK1176	/home/projects/Skin_Bioassay_Paper/Polished_Analysis/Comprehensive_Phylogeny/Prodigal/LK1176.faa	NA	74	73	100.00	1.35
LK1352	/home/projects/Skin_Bioassay_Paper/Polished_Analysis/Comprehensive_Phylogeny/Prodigal/LK1352.faa	NA	72	72	97.30	0.00
LK1351	/home/projects/Skin_Bioassay_Paper/Polished_Analysis/Comprehensive_Phylogeny/Prodigal/LK1351.faa	NA	74	74	100.00	0.00
LK409	/home/projects/Skin_Bioassay_Paper/Polished_Analysis/Comprehensive_Phylogeny/Prodigal/LK409.faa	NA	72	70	97.30	2.70
LK1145	/home/projects/Skin_Bioassay_Paper/Polished_Analysis/Comprehensive_Phylogeny/Prodigal/LK1145.faa	NA	74	73	100.00	1.35
LK1139	/home/projects/Skin_Bioassay_Paper/Polished_Analysis/Comprehensive_Phylogeny/Prodigal/LK1139.faa	NA	73	73	98.65	0.00
LK583	/home/projects/Skin_Bioassay_Paper/Polished_Analysis/Comprehensive_Phylogeny/Prodigal/LK583.faa	NA	68	68	91.89	0.00
LK557	/home/projects/Skin_Bioassay_Paper/Polished_Analysis/Comprehensive_Phylogeny/Prodigal/LK557.faa	NA	74	74	100.00	0.00
LK1034	/home/projects/Skin_Bioassay_Paper/Polished_Analysis/Comprehensive_Phylogeny/Prodigal/LK1034.faa	NA	74	73	100.00	1.35
LK619	/home/projects/Skin_Bioassay_Paper/Polished_Analysis/Comprehensive_Phylogeny/Prodigal/LK619.faa	NA	70	70	94.59	0.00
LK1027	/home/projects/Skin_Bioassay_Paper/Polished_Analysis/Comprehensive_Phylogeny/Prodigal/LK1027.faa	NA	73	72	98.65	1.35
LK1404	/home/projects/Skin_Bioassay_Paper/Polished_Analysis/Comprehensive_Phylogeny/Prodigal/LK1404.faa	NA	73	72	98.65	1.35
LK661	/home/projects/Skin_Bioassay_Paper/Polished_Analysis/Comprehensive_Phylogeny/Prodigal/LK661.faa	NA	73	71	98.65	2.70
LK1070	/home/projects/Skin_Bioassay_Paper/Polished_Analysis/Comprehensive_Phylogeny/Prodigal/LK1070.faa	NA	73	71	98.65	2.70
LK936	/home/projects/Skin_Bioassay_Paper/Polished_Analysis/Comprehensive_Phylogeny/Prodigal/LK936.faa	NA	74	73	100.00	1.35
LK938	/home/projects/Skin_Bioassay_Paper/Polished_Analysis/Comprehensive_Phylogeny/Prodigal/LK938.faa	NA	72	71	97.30	1.35
LK455	/home/projects/Skin_Bioassay_Paper/Polished_Analysis/Comprehensive_Phylogeny/Prodigal/LK455.faa	NA	73	73	98.65	0.00
LK1012	/home/projects/Skin_Bioassay_Paper/Polished_Analysis/Comprehensive_Phylogeny/Prodigal/LK1012.faa	NA	73	71	98.65	2.70
LK1078	/home/projects/Skin_Bioassay_Paper/Polished_Analysis/Comprehensive_Phylogeny/Prodigal/LK1078.faa	NA	73	73	98.65	0.00
LK588	/home/projects/Skin_Bioassay_Paper/Polished_Analysis/Comprehensive_Phylogeny/Prodigal/LK588.faa	NA	74	73	100.00	1.35
LK716	/home/projects/Skin_Bioassay_Paper/Polished_Analysis/Comprehensive_Phylogeny/Prodigal/LK716.faa	NA	73	72	98.65	1.35
LK1006	/home/projects/Skin_Bioassay_Paper/Polished_Analysis/Comprehensive_Phylogeny/Prodigal/LK1006.faa	NA	74	73	100.00	1.35
LK400	/home/projects/Skin_Bioassay_Paper/Polished_Analysis/Comprehensive_Phylogeny/Prodigal/LK400.faa	NA	72	72	97.30	0.00
LK427	/home/projects/Skin_Bioassay_Paper/Polished_Analysis/Comprehensive_Phylogeny/Prodigal/LK427.faa	NA	73	71	98.65	2.70
LK984	/home/projects/Skin_Bioassay_Paper/Polished_Analysis/Comprehensive_Phylogeny/Prodigal/LK984.faa	NA	74	72	100.00	2.70
LK1099	/home/projects/Skin_Bioassay_Paper/Polished_Analysis/Comprehensive_Phylogeny/Prodigal/LK1099.faa	NA	73	71	98.65	2.70
LK464	/home/projects/Skin_Bioassay_Paper/Polished_Analysis/Comprehensive_Phylogeny/Prodigal/LK464.faa	NA	73	70	98.65	4.05
LK1049	/home/projects/Skin_Bioassay_Paper/Polished_Analysis/Comprehensive_Phylogeny/Prodigal/LK1049.faa	NA	72	72	97.30	0.00
LK526	/home/projects/Skin_Bioassay_Paper/Polished_Analysis/Comprehensive_Phylogeny/Prodigal/LK526.faa	NA	70	70	94.59	0.00
LK426	/home/projects/Skin_Bioassay_Paper/Polished_Analysis/Comprehensive_Phylogeny/Prodigal/LK426.faa	NA	71	70	95.95	1.35
LK500	/home/projects/Skin_Bioassay_Paper/Polished_Analysis/Comprehensive_Phylogeny/Prodigal/LK500.faa	NA	70	70	94.59	0.00
LK942	/home/projects/Skin_Bioassay_Paper/Polished_Analysis/Comprehensive_Phylogeny/Prodigal/LK942.faa	NA	74	73	100.00	1.35
LK445	/home/projects/Skin_Bioassay_Paper/Polished_Analysis/Comprehensive_Phylogeny/Prodigal/LK445.faa	NA	74	74	100.00	0.00
LK1330	/home/projects/Skin_Bioassay_Paper/Polished_Analysis/Comprehensive_Phylogeny/Prodigal/LK1330.faa	NA	72	71	97.30	1.35
LK417	/home/projects/Skin_Bioassay_Paper/Polished_Analysis/Comprehensive_Phylogeny/Prodigal/LK417.faa	NA	74	74	100.00	0.00
LK956	/home/projects/Skin_Bioassay_Paper/Polished_Analysis/Comprehensive_Phylogeny/Prodigal/LK956.faa	NA	74	73	100.00	1.35
LK415	/home/projects/Skin_Bioassay_Paper/Polished_Analysis/Comprehensive_Phylogeny/Prodigal/LK415.faa	NA	74	73	100.00	1.35
LK941	/home/projects/Skin_Bioassay_Paper/Polished_Analysis/Comprehensive_Phylogeny/Prodigal/LK941.faa	NA	74	74	100.00	0.00
LK1390	/home/projects/Skin_Bioassay_Paper/Polished_Analysis/Comprehensive_Phylogeny/Prodigal/LK1390.faa	NA	73	72	98.65	1.35
LK553	/home/projects/Skin_Bioassay_Paper/Polished_Analysis/Comprehensive_Phylogeny/Prodigal/LK553.faa	NA	73	72	98.65	1.35
LK525	/home/projects/Skin_Bioassay_Paper/Polished_Analysis/Comprehensive_Phylogeny/Prodigal/LK525.faa	NA	70	70	94.59	0.00
LK697	/home/projects/Skin_Bioassay_Paper/Polished_Analysis/Comprehensive_Phylogeny/Prodigal/LK697.faa	NA	73	71	98.65	2.70
LK1092	/home/projects/Skin_Bioassay_Paper/Polished_Analysis/Comprehensive_Phylogeny/Prodigal/LK1092.faa	NA	74	73	100.00	1.35
LK700	/home/projects/Skin_Bioassay_Paper/Polished_Analysis/Comprehensive_Phylogeny/Prodigal/LK700.faa	NA	74	73	100.00	1.35
LK1018	/home/projects/Skin_Bioassay_Paper/Polished_Analysis/Comprehensive_Phylogeny/Prodigal/LK1018.faa	NA	72	70	97.30	2.70
LK1306	/home/projects/Skin_Bioassay_Paper/Polished_Analysis/Comprehensive_Phylogeny/Prodigal/LK1306.faa	NA	72	72	97.30	0.00
LK1159	/home/projects/Skin_Bioassay_Paper/Polished_Analysis/Comprehensive_Phylogeny/Prodigal/LK1159.faa	NA	72	71	97.30	1.35
LK533	/home/projects/Skin_Bioassay_Paper/Polished_Analysis/Comprehensive_Phylogeny/Prodigal/LK533.faa	NA	74	73	100.00	1.35
LK1017	/home/projects/Skin_Bioassay_Paper/Polished_Analysis/Comprehensive_Phylogeny/Prodigal/LK1017.faa	NA	74	73	100.00	1.35
LK605	/home/projects/Skin_Bioassay_Paper/Polished_Analysis/Comprehensive_Phylogeny/Prodigal/LK605.faa	NA	74	73	100.00	1.35
LK950	/home/projects/Skin_Bioassay_Paper/Polished_Analysis/Comprehensive_Phylogeny/Prodigal/LK950.faa	NA	74	73	100.00	1.35
LK712	/home/projects/Skin_Bioassay_Paper/Polished_Analysis/Comprehensive_Phylogeny/Prodigal/LK712.faa	NA	73	72	98.65	1.35
LK1272	/home/projects/Skin_Bioassay_Paper/Polished_Analysis/Comprehensive_Phylogeny/Prodigal/LK1272.faa	NA	74	73	100.00	1.35
LK561	/home/projects/Skin_Bioassay_Paper/Polished_Analysis/Comprehensive_Phylogeny/Prodigal/LK561.faa	NA	73	72	98.65	1.35
LK1287	/home/projects/Skin_Bioassay_Paper/Polished_Analysis/Comprehensive_Phylogeny/Prodigal/LK1287.faa	NA	74	73	100.00	1.35
LK419	/home/projects/Skin_Bioassay_Paper/Polished_Analysis/Comprehensive_Phylogeny/Prodigal/LK419.faa	NA	73	71	98.65	2.70
LK1002	/home/projects/Skin_Bioassay_Paper/Polished_Analysis/Comprehensive_Phylogeny/Prodigal/LK1002.faa	NA	72	70	97.30	4.05
LK1095	/home/projects/Skin_Bioassay_Paper/Polished_Analysis/Comprehensive_Phylogeny/Prodigal/LK1095.faa	NA	74	74	100.00	0.00
LK1147	/home/projects/Skin_Bioassay_Paper/Polished_Analysis/Comprehensive_Phylogeny/Prodigal/LK1147.faa	NA	72	70	97.30	2.70
LK1014	/home/projects/Skin_Bioassay_Paper/Polished_Analysis/Comprehensive_Phylogeny/Prodigal/LK1014.faa	NA	72	71	97.30	1.35
LK1077	/home/projects/Skin_Bioassay_Paper/Polished_Analysis/Comprehensive_Phylogeny/Prodigal/LK1077.faa	NA	74	72	100.00	2.70
LK1256	/home/projects/Skin_Bioassay_Paper/Polished_Analysis/Comprehensive_Phylogeny/Prodigal/LK1256.faa	NA	72	70	97.30	2.70
LK1128	/home/projects/Skin_Bioassay_Paper/Polished_Analysis/Comprehensive_Phylogeny/Prodigal/LK1128.faa	NA	73	72	98.65	1.35
LK489	/home/projects/Skin_Bioassay_Paper/Polished_Analysis/Comprehensive_Phylogeny/Prodigal/LK489.faa	NA	74	74	100.00	0.00
LK1257	/home/projects/Skin_Bioassay_Paper/Polished_Analysis/Comprehensive_Phylogeny/Prodigal/LK1257.faa	NA	74	74	100.00	0.00
LK1120	/home/projects/Skin_Bioassay_Paper/Polished_Analysis/Comprehensive_Phylogeny/Prodigal/LK1120.faa	NA	69	69	93.24	0.00
LK1121	/home/projects/Skin_Bioassay_Paper/Polished_Analysis/Comprehensive_Phylogeny/Prodigal/LK1121.faa	NA	73	71	98.65	2.70
LK470	/home/projects/Skin_Bioassay_Paper/Polished_Analysis/Comprehensive_Phylogeny/Prodigal/LK470.faa	NA	74	73	100.00	1.35
LK1208	/home/projects/Skin_Bioassay_Paper/Polished_Analysis/Comprehensive_Phylogeny/Prodigal/LK1208.faa	NA	73	72	98.65	1.35
LK442	/home/projects/Skin_Bioassay_Paper/Polished_Analysis/Comprehensive_Phylogeny/Prodigal/LK442.faa	NA	68	68	91.89	0.00
LK1059	/home/projects/Skin_Bioassay_Paper/Polished_Analysis/Comprehensive_Phylogeny/Prodigal/LK1059.faa	NA	74	73	100.00	1.35
LK1080	/home/projects/Skin_Bioassay_Paper/Polished_Analysis/Comprehensive_Phylogeny/Prodigal/LK1080.faa	NA	74	72	100.00	2.70
LK413	/home/projects/Skin_Bioassay_Paper/Polished_Analysis/Comprehensive_Phylogeny/Prodigal/LK413.faa	NA	74	73	100.00	1.35
LK1244	/home/projects/Skin_Bioassay_Paper/Polished_Analysis/Comprehensive_Phylogeny/Prodigal/LK1244.faa	NA	74	73	100.00	1.35
LK1024	/home/projects/Skin_Bioassay_Paper/Polished_Analysis/Comprehensive_Phylogeny/Prodigal/LK1024.faa	NA	74	73	100.00	1.35
LK1277	/home/projects/Skin_Bioassay_Paper/Polished_Analysis/Comprehensive_Phylogeny/Prodigal/LK1277.faa	NA	73	71	98.65	2.70
LK1206	/home/projects/Skin_Bioassay_Paper/Polished_Analysis/Comprehensive_Phylogeny/Prodigal/LK1206.faa	NA	73	71	98.65	2.70
LK428	/home/projects/Skin_Bioassay_Paper/Polished_Analysis/Comprehensive_Phylogeny/Prodigal/LK428.faa	NA	74	73	100.00	1.35
LK1278	/home/projects/Skin_Bioassay_Paper/Polished_Analysis/Comprehensive_Phylogeny/Prodigal/LK1278.faa	NA	73	70	98.65	4.05
LK1263	/home/projects/Skin_Bioassay_Paper/Polished_Analysis/Comprehensive_Phylogeny/Prodigal/LK1263.faa	NA	74	73	100.00	1.35
LK444	/home/projects/Skin_Bioassay_Paper/Polished_Analysis/Comprehensive_Phylogeny/Prodigal/LK444.faa	NA	74	70	100.00	5.41
LK1392	/home/projects/Skin_Bioassay_Paper/Polished_Analysis/Comprehensive_Phylogeny/Prodigal/LK1392.faa	NA	72	70	97.30	2.70
LK519	/home/projects/Skin_Bioassay_Paper/Polished_Analysis/Comprehensive_Phylogeny/Prodigal/LK519.faa	NA	74	73	100.00	1.35
LK1051	/home/projects/Skin_Bioassay_Paper/Polished_Analysis/Comprehensive_Phylogeny/Prodigal/LK1051.faa	NA	71	69	95.95	2.70
LK951	/home/projects/Skin_Bioassay_Paper/Polished_Analysis/Comprehensive_Phylogeny/Prodigal/LK951.faa	NA	74	73	100.00	1.35
LK1173	/home/projects/Skin_Bioassay_Paper/Polished_Analysis/Comprehensive_Phylogeny/Prodigal/LK1173.faa	NA	72	71	97.30	1.35
LK1397	/home/projects/Skin_Bioassay_Paper/Polished_Analysis/Comprehensive_Phylogeny/Prodigal/LK1397.faa	NA	73	72	98.65	1.35
LK1172	/home/projects/Skin_Bioassay_Paper/Polished_Analysis/Comprehensive_Phylogeny/Prodigal/LK1172.faa	NA	74	73	100.00	1.35
LK604	/home/projects/Skin_Bioassay_Paper/Polished_Analysis/Comprehensive_Phylogeny/Prodigal/LK604.faa	NA	73	72	98.65	1.35
LK443	/home/projects/Skin_Bioassay_Paper/Polished_Analysis/Comprehensive_Phylogeny/Prodigal/LK443.faa	NA	73	73	98.65	0.00
LK1050	/home/projects/Skin_Bioassay_Paper/Polished_Analysis/Comprehensive_Phylogeny/Prodigal/LK1050.faa	NA	73	71	98.65	2.70
LK1362	/home/projects/Skin_Bioassay_Paper/Polished_Analysis/Comprehensive_Phylogeny/Prodigal/LK1362.faa	NA	74	73	100.00	1.35
LK639	/home/projects/Skin_Bioassay_Paper/Polished_Analysis/Comprehensive_Phylogeny/Prodigal/LK639.faa	NA	72	72	97.30	0.00
LK1360	/home/projects/Skin_Bioassay_Paper/Polished_Analysis/Comprehensive_Phylogeny/Prodigal/LK1360.faa	NA	72	71	97.30	1.35
LK421	/home/projects/Skin_Bioassay_Paper/Polished_Analysis/Comprehensive_Phylogeny/Prodigal/LK421.faa	NA	71	69	95.95	2.70
LK488	/home/projects/Skin_Bioassay_Paper/Polished_Analysis/Comprehensive_Phylogeny/Prodigal/LK488.faa	NA	72	71	97.30	1.35
LK1015	/home/projects/Skin_Bioassay_Paper/Polished_Analysis/Comprehensive_Phylogeny/Prodigal/LK1015.faa	NA	74	74	100.00	0.00
LK1021	/home/projects/Skin_Bioassay_Paper/Polished_Analysis/Comprehensive_Phylogeny/Prodigal/LK1021.faa	NA	74	74	100.00	0.00
LK1279	/home/projects/Skin_Bioassay_Paper/Polished_Analysis/Comprehensive_Phylogeny/Prodigal/LK1279.faa	NA	74	74	100.00	0.00
LK1386	/home/projects/Skin_Bioassay_Paper/Polished_Analysis/Comprehensive_Phylogeny/Prodigal/LK1386.faa	NA	74	72	100.00	2.70
LK1245	/home/projects/Skin_Bioassay_Paper/Polished_Analysis/Comprehensive_Phylogeny/Prodigal/LK1245.faa	NA	74	72	100.00	2.70
LK1085	/home/projects/Skin_Bioassay_Paper/Polished_Analysis/Comprehensive_Phylogeny/Prodigal/LK1085.faa	NA	72	72	97.30	0.00
LK1036	/home/projects/Skin_Bioassay_Paper/Polished_Analysis/Comprehensive_Phylogeny/Prodigal/LK1036.faa	NA	74	73	100.00	1.35
LK411	/home/projects/Skin_Bioassay_Paper/Polished_Analysis/Comprehensive_Phylogeny/Prodigal/LK411.faa	NA	74	73	100.00	1.35
LK579	/home/projects/Skin_Bioassay_Paper/Polished_Analysis/Comprehensive_Phylogeny/Prodigal/LK579.faa	NA	70	69	94.59	1.35
LK949	/home/projects/Skin_Bioassay_Paper/Polished_Analysis/Comprehensive_Phylogeny/Prodigal/LK949.faa	NA	71	70	95.95	1.35
LK1054	/home/projects/Skin_Bioassay_Paper/Polished_Analysis/Comprehensive_Phylogeny/Prodigal/LK1054.faa	NA	74	71	100.00	5.41
LK572	/home/projects/Skin_Bioassay_Paper/Polished_Analysis/Comprehensive_Phylogeny/Prodigal/LK572.faa	NA	74	72	100.00	2.70
LK410	/home/projects/Skin_Bioassay_Paper/Polished_Analysis/Comprehensive_Phylogeny/Prodigal/LK410.faa	NA	72	71	97.30	1.35
LK705	/home/projects/Skin_Bioassay_Paper/Polished_Analysis/Comprehensive_Phylogeny/Prodigal/LK705.faa	NA	73	71	98.65	2.70
LK1113	/home/projects/Skin_Bioassay_Paper/Polished_Analysis/Comprehensive_Phylogeny/Prodigal/LK1113.faa	NA	72	71	97.30	1.35
LK1335	/home/projects/Skin_Bioassay_Paper/Polished_Analysis/Comprehensive_Phylogeny/Prodigal/LK1335.faa	NA	61	60	82.43	1.35
LK1198	/home/projects/Skin_Bioassay_Paper/Polished_Analysis/Comprehensive_Phylogeny/Prodigal/LK1198.faa	NA	73	73	98.65	0.00
LK1367	/home/projects/Skin_Bioassay_Paper/Polished_Analysis/Comprehensive_Phylogeny/Prodigal/LK1367.faa	NA	74	73	100.00	1.35
LK694	/home/projects/Skin_Bioassay_Paper/Polished_Analysis/Comprehensive_Phylogeny/Prodigal/LK694.faa	NA	73	72	98.65	1.35
LK1110	/home/projects/Skin_Bioassay_Paper/Polished_Analysis/Comprehensive_Phylogeny/Prodigal/LK1110.faa	NA	74	73	100.00	1.35
LK670	/home/projects/Skin_Bioassay_Paper/Polished_Analysis/Comprehensive_Phylogeny/Prodigal/LK670.faa	NA	63	63	85.14	0.00
LK1380	/home/projects/Skin_Bioassay_Paper/Polished_Analysis/Comprehensive_Phylogeny/Prodigal/LK1380.faa	NA	72	71	97.30	1.35
LK679	/home/projects/Skin_Bioassay_Paper/Polished_Analysis/Comprehensive_Phylogeny/Prodigal/LK679.faa	NA	70	69	94.59	1.35
LK570	/home/projects/Skin_Bioassay_Paper/Polished_Analysis/Comprehensive_Phylogeny/Prodigal/LK570.faa	NA	69	69	93.24	0.00
LK1382	/home/projects/Skin_Bioassay_Paper/Polished_Analysis/Comprehensive_Phylogeny/Prodigal/LK1382.faa	NA	73	72	98.65	1.35
LK1022	/home/projects/Skin_Bioassay_Paper/Polished_Analysis/Comprehensive_Phylogeny/Prodigal/LK1022.faa	NA	74	72	100.00	2.70
LK1282	/home/projects/Skin_Bioassay_Paper/Polished_Analysis/Comprehensive_Phylogeny/Prodigal/LK1282.faa	NA	74	73	100.00	1.35
LK1116	/home/projects/Skin_Bioassay_Paper/Polished_Analysis/Comprehensive_Phylogeny/Prodigal/LK1116.faa	NA	74	73	100.00	1.35
LK1247	/home/projects/Skin_Bioassay_Paper/Polished_Analysis/Comprehensive_Phylogeny/Prodigal/LK1247.faa	NA	74	73	100.00	1.35
LK671	/home/projects/Skin_Bioassay_Paper/Polished_Analysis/Comprehensive_Phylogeny/Prodigal/LK671.faa	NA	73	72	98.65	1.35
LK1112	/home/projects/Skin_Bioassay_Paper/Polished_Analysis/Comprehensive_Phylogeny/Prodigal/LK1112.faa	NA	73	73	98.65	0.00
LK1056	/home/projects/Skin_Bioassay_Paper/Polished_Analysis/Comprehensive_Phylogeny/Prodigal/LK1056.faa	NA	73	72	98.65	1.35
LK1267	/home/projects/Skin_Bioassay_Paper/Polished_Analysis/Comprehensive_Phylogeny/Prodigal/LK1267.faa	NA	73	71	98.65	2.70
LK1102	/home/projects/Skin_Bioassay_Paper/Polished_Analysis/Comprehensive_Phylogeny/Prodigal/LK1102.faa	NA	74	73	100.00	1.35
LK1264	/home/projects/Skin_Bioassay_Paper/Polished_Analysis/Comprehensive_Phylogeny/Prodigal/LK1264.faa	NA	74	73	100.00	1.35
LK1255	/home/projects/Skin_Bioassay_Paper/Polished_Analysis/Comprehensive_Phylogeny/Prodigal/LK1255.faa	NA	74	73	100.00	2.70
LK1090	/home/projects/Skin_Bioassay_Paper/Polished_Analysis/Comprehensive_Phylogeny/Prodigal/LK1090.faa	NA	71	69	95.95	2.70
LK1025	/home/projects/Skin_Bioassay_Paper/Polished_Analysis/Comprehensive_Phylogeny/Prodigal/LK1025.faa	NA	71	69	95.95	2.70
LK401	/home/projects/Skin_Bioassay_Paper/Polished_Analysis/Comprehensive_Phylogeny/Prodigal/LK401.faa	NA	74	73	100.00	1.35
LK586	/home/projects/Skin_Bioassay_Paper/Polished_Analysis/Comprehensive_Phylogeny/Prodigal/LK586.faa	NA	74	73	100.00	1.35
LK1045	/home/projects/Skin_Bioassay_Paper/Polished_Analysis/Comprehensive_Phylogeny/Prodigal/LK1045.faa	NA	73	72	98.65	1.35
LK1288	/home/projects/Skin_Bioassay_Paper/Polished_Analysis/Comprehensive_Phylogeny/Prodigal/LK1288.faa	NA	74	72	100.00	2.70
LK460	/home/projects/Skin_Bioassay_Paper/Polished_Analysis/Comprehensive_Phylogeny/Prodigal/LK460.faa	NA	74	73	100.00	1.35
LK469	/home/projects/Skin_Bioassay_Paper/Polished_Analysis/Comprehensive_Phylogeny/Prodigal/LK469.faa	NA	70	70	94.59	0.00
LK1259	/home/projects/Skin_Bioassay_Paper/Polished_Analysis/Comprehensive_Phylogeny/Prodigal/LK1259.faa	NA	71	70	95.95	1.35
LK478	/home/projects/Skin_Bioassay_Paper/Polished_Analysis/Comprehensive_Phylogeny/Prodigal/LK478.faa	NA	74	72	100.00	2.70
LK1224	/home/projects/Skin_Bioassay_Paper/Polished_Analysis/Comprehensive_Phylogeny/Prodigal/LK1224.faa	NA	72	71	97.30	1.35
LK1249	/home/projects/Skin_Bioassay_Paper/Polished_Analysis/Comprehensive_Phylogeny/Prodigal/LK1249.faa	NA	73	70	98.65	4.05
LK970	/home/projects/Skin_Bioassay_Paper/Polished_Analysis/Comprehensive_Phylogeny/Prodigal/LK970.faa	NA	73	71	98.65	2.70
LK960	/home/projects/Skin_Bioassay_Paper/Polished_Analysis/Comprehensive_Phylogeny/Prodigal/LK960.faa	NA	73	73	98.65	0.00
LK1167	/home/projects/Skin_Bioassay_Paper/Polished_Analysis/Comprehensive_Phylogeny/Prodigal/LK1167.faa	NA	74	73	100.00	1.35
LK1346	/home/projects/Skin_Bioassay_Paper/Polished_Analysis/Comprehensive_Phylogeny/Prodigal/LK1346.faa	NA	74	73	100.00	1.35
LK479	/home/projects/Skin_Bioassay_Paper/Polished_Analysis/Comprehensive_Phylogeny/Prodigal/LK479.faa	NA	74	70	100.00	5.41
LK485	/home/projects/Skin_Bioassay_Paper/Polished_Analysis/Comprehensive_Phylogeny/Prodigal/LK485.faa	NA	74	73	100.00	1.35
LK1363	/home/projects/Skin_Bioassay_Paper/Polished_Analysis/Comprehensive_Phylogeny/Prodigal/LK1363.faa	NA	73	72	98.65	1.35
LK1350	/home/projects/Skin_Bioassay_Paper/Polished_Analysis/Comprehensive_Phylogeny/Prodigal/LK1350.faa	NA	73	71	98.65	2.70
LK1055	/home/projects/Skin_Bioassay_Paper/Polished_Analysis/Comprehensive_Phylogeny/Prodigal/LK1055.faa	NA	73	73	98.65	0.00
LK894	/home/projects/Skin_Bioassay_Paper/Polished_Analysis/Comprehensive_Phylogeny/Prodigal/LK894.faa	NA	70	70	94.59	0.00
LK792	/home/projects/Skin_Bioassay_Paper/Polished_Analysis/Comprehensive_Phylogeny/Prodigal/LK792.faa	NA	72	71	97.30	1.35
LK1252	/home/projects/Skin_Bioassay_Paper/Polished_Analysis/Comprehensive_Phylogeny/Prodigal/LK1252.faa	NA	74	74	100.00	0.00
LK1094	/home/projects/Skin_Bioassay_Paper/Polished_Analysis/Comprehensive_Phylogeny/Prodigal/LK1094.faa	NA	71	70	95.95	1.35
LK466	/home/projects/Skin_Bioassay_Paper/Polished_Analysis/Comprehensive_Phylogeny/Prodigal/LK466.faa	NA	74	73	100.00	1.35
LK1157	/home/projects/Skin_Bioassay_Paper/Polished_Analysis/Comprehensive_Phylogeny/Prodigal/LK1157.faa	NA	73	73	98.65	0.00
LK1268	/home/projects/Skin_Bioassay_Paper/Polished_Analysis/Comprehensive_Phylogeny/Prodigal/LK1268.faa	NA	72	70	97.30	2.70
LK1053	/home/projects/Skin_Bioassay_Paper/Polished_Analysis/Comprehensive_Phylogeny/Prodigal/LK1053.faa	NA	72	71	97.30	1.35
LK1041	/home/projects/Skin_Bioassay_Paper/Polished_Analysis/Comprehensive_Phylogeny/Prodigal/LK1041.faa	NA	74	73	100.00	1.35
LK412	/home/projects/Skin_Bioassay_Paper/Polished_Analysis/Comprehensive_Phylogeny/Prodigal/LK412.faa	NA	71	70	95.95	1.35
LK1383	/home/projects/Skin_Bioassay_Paper/Polished_Analysis/Comprehensive_Phylogeny/Prodigal/LK1383.faa	NA	73	72	98.65	1.35
LK430	/home/projects/Skin_Bioassay_Paper/Polished_Analysis/Comprehensive_Phylogeny/Prodigal/LK430.faa	NA	73	71	98.65	2.70
LK1007	/home/projects/Skin_Bioassay_Paper/Polished_Analysis/Comprehensive_Phylogeny/Prodigal/LK1007.faa	NA	73	71	98.65	2.70
LK871	/home/projects/Skin_Bioassay_Paper/Polished_Analysis/Comprehensive_Phylogeny/Prodigal/LK871.faa	NA	74	73	100.00	1.35
LK1082	/home/projects/Skin_Bioassay_Paper/Polished_Analysis/Comprehensive_Phylogeny/Prodigal/LK1082.faa	NA	74	72	100.00	2.70
LK934	/home/projects/Skin_Bioassay_Paper/Polished_Analysis/Comprehensive_Phylogeny/Prodigal/LK934.faa	NA	74	74	100.00	0.00
LK1000	/home/projects/Skin_Bioassay_Paper/Polished_Analysis/Comprehensive_Phylogeny/Prodigal/LK1000.faa	NA	74	74	100.00	0.00
LK591	/home/projects/Skin_Bioassay_Paper/Polished_Analysis/Comprehensive_Phylogeny/Prodigal/LK591.faa	NA	70	70	94.59	0.00
LK593	/home/projects/Skin_Bioassay_Paper/Polished_Analysis/Comprehensive_Phylogeny/Prodigal/LK593.faa	NA	74	73	100.00	1.35
LK617	/home/projects/Skin_Bioassay_Paper/Polished_Analysis/Comprehensive_Phylogeny/Prodigal/LK617.faa	NA	72	68	97.30	5.41
LK542	/home/projects/Skin_Bioassay_Paper/Polished_Analysis/Comprehensive_Phylogeny/Prodigal/LK542.faa	NA	73	72	98.65	1.35
LK1073	/home/projects/Skin_Bioassay_Paper/Polished_Analysis/Comprehensive_Phylogeny/Prodigal/LK1073.faa	NA	73	71	98.65	2.70
LK1312	/home/projects/Skin_Bioassay_Paper/Polished_Analysis/Comprehensive_Phylogeny/Prodigal/LK1312.faa	NA	74	72	100.00	2.70
LK441	/home/projects/Skin_Bioassay_Paper/Polished_Analysis/Comprehensive_Phylogeny/Prodigal/LK441.faa	NA	73	73	98.65	0.00
LK610	/home/projects/Skin_Bioassay_Paper/Polished_Analysis/Comprehensive_Phylogeny/Prodigal/LK610.faa	NA	74	73	100.00	1.35
LK1106	/home/projects/Skin_Bioassay_Paper/Polished_Analysis/Comprehensive_Phylogeny/Prodigal/LK1106.faa	NA	73	71	98.65	2.70
LK1117	/home/projects/Skin_Bioassay_Paper/Polished_Analysis/Comprehensive_Phylogeny/Prodigal/LK1117.faa	NA	72	71	97.30	1.35
LK975	/home/projects/Skin_Bioassay_Paper/Polished_Analysis/Comprehensive_Phylogeny/Prodigal/LK975.faa	NA	73	72	98.65	1.35
LK590	/home/projects/Skin_Bioassay_Paper/Polished_Analysis/Comprehensive_Phylogeny/Prodigal/LK590.faa	NA	74	73	100.00	1.35
LK945	/home/projects/Skin_Bioassay_Paper/Polished_Analysis/Comprehensive_Phylogeny/Prodigal/LK945.faa	NA	73	68	98.65	8.11
LK538	/home/projects/Skin_Bioassay_Paper/Polished_Analysis/Comprehensive_Phylogeny/Prodigal/LK538.faa	NA	71	71	95.95	0.00
LK1046	/home/projects/Skin_Bioassay_Paper/Polished_Analysis/Comprehensive_Phylogeny/Prodigal/LK1046.faa	NA	73	71	98.65	2.70
LK1204	/home/projects/Skin_Bioassay_Paper/Polished_Analysis/Comprehensive_Phylogeny/Prodigal/LK1204.faa	NA	71	70	95.95	1.35
LK1250	/home/projects/Skin_Bioassay_Paper/Polished_Analysis/Comprehensive_Phylogeny/Prodigal/LK1250.faa	NA	73	72	98.65	1.35
LK1358	/home/projects/Skin_Bioassay_Paper/Polished_Analysis/Comprehensive_Phylogeny/Prodigal/LK1358.faa	NA	74	73	100.00	1.35
LK719	/home/projects/Skin_Bioassay_Paper/Polished_Analysis/Comprehensive_Phylogeny/Prodigal/LK719.faa	NA	73	72	98.65	1.35
LK955	/home/projects/Skin_Bioassay_Paper/Polished_Analysis/Comprehensive_Phylogeny/Prodigal/LK955.faa	NA	74	73	100.00	1.35
LK414	/home/projects/Skin_Bioassay_Paper/Polished_Analysis/Comprehensive_Phylogeny/Prodigal/LK414.faa	NA	74	73	100.00	1.35
LK1031	/home/projects/Skin_Bioassay_Paper/Polished_Analysis/Comprehensive_Phylogeny/Prodigal/LK1031.faa	NA	73	71	98.65	2.70
LK948	/home/projects/Skin_Bioassay_Paper/Polished_Analysis/Comprehensive_Phylogeny/Prodigal/LK948.faa	NA	73	72	98.65	1.35
LK1009	/home/projects/Skin_Bioassay_Paper/Polished_Analysis/Comprehensive_Phylogeny/Prodigal/LK1009.faa	NA	73	72	98.65	1.35
LK566	/home/projects/Skin_Bioassay_Paper/Polished_Analysis/Comprehensive_Phylogeny/Prodigal/LK566.faa	NA	73	71	98.65	2.70
LK1231	/home/projects/Skin_Bioassay_Paper/Polished_Analysis/Comprehensive_Phylogeny/Prodigal/LK1231.faa	NA	73	72	98.65	1.35
LK931	/home/projects/Skin_Bioassay_Paper/Polished_Analysis/Comprehensive_Phylogeny/Prodigal/LK931.faa	NA	74	73	100.00	1.35
LK467	/home/projects/Skin_Bioassay_Paper/Polished_Analysis/Comprehensive_Phylogeny/Prodigal/LK467.faa	NA	72	72	97.30	0.00
LK1232	/home/projects/Skin_Bioassay_Paper/Polished_Analysis/Comprehensive_Phylogeny/Prodigal/LK1232.faa	NA	73	73	98.65	0.00
LK1048	/home/projects/Skin_Bioassay_Paper/Polished_Analysis/Comprehensive_Phylogeny/Prodigal/LK1048.faa	NA	73	71	98.65	2.70
LK698	/home/projects/Skin_Bioassay_Paper/Polished_Analysis/Comprehensive_Phylogeny/Prodigal/LK698.faa	NA	72	72	97.30	0.00
LK408	/home/projects/Skin_Bioassay_Paper/Polished_Analysis/Comprehensive_Phylogeny/Prodigal/LK408.faa	NA	71	69	95.95	2.70
LK1105	/home/projects/Skin_Bioassay_Paper/Polished_Analysis/Comprehensive_Phylogeny/Prodigal/LK1105.faa	NA	72	70	97.30	2.70
LK1348	/home/projects/Skin_Bioassay_Paper/Polished_Analysis/Comprehensive_Phylogeny/Prodigal/LK1348.faa	NA	73	72	98.65	1.35
LK1347	/home/projects/Skin_Bioassay_Paper/Polished_Analysis/Comprehensive_Phylogeny/Prodigal/LK1347.faa	NA	74	74	100.00	0.00
LK930	/home/projects/Skin_Bioassay_Paper/Polished_Analysis/Comprehensive_Phylogeny/Prodigal/LK930.faa	NA	71	69	95.95	2.70
LK1030	/home/projects/Skin_Bioassay_Paper/Polished_Analysis/Comprehensive_Phylogeny/Prodigal/LK1030.faa	NA	74	73	100.00	1.35
LK1134	/home/projects/Skin_Bioassay_Paper/Polished_Analysis/Comprehensive_Phylogeny/Prodigal/LK1134.faa	NA	73	72	98.65	1.35
LK501	/home/projects/Skin_Bioassay_Paper/Polished_Analysis/Comprehensive_Phylogeny/Prodigal/LK501.faa	NA	70	70	94.59	0.00
LK1079	/home/projects/Skin_Bioassay_Paper/Polished_Analysis/Comprehensive_Phylogeny/Prodigal/LK1079.faa	NA	73	73	98.65	0.00
LK978	/home/projects/Skin_Bioassay_Paper/Polished_Analysis/Comprehensive_Phylogeny/Prodigal/LK978.faa	NA	71	70	95.95	1.35
LK1337	/home/projects/Skin_Bioassay_Paper/Polished_Analysis/Comprehensive_Phylogeny/Prodigal/LK1337.faa	NA	72	71	97.30	1.35
LK402	/home/projects/Skin_Bioassay_Paper/Polished_Analysis/Comprehensive_Phylogeny/Prodigal/LK402.faa	NA	73	72	98.65	1.35
LK1096	/home/projects/Skin_Bioassay_Paper/Polished_Analysis/Comprehensive_Phylogeny/Prodigal/LK1096.faa	NA	74	74	100.00	0.00
LK1311	/home/projects/Skin_Bioassay_Paper/Polished_Analysis/Comprehensive_Phylogeny/Prodigal/LK1311.faa	NA	74	73	100.00	2.70
LK1301	/home/projects/Skin_Bioassay_Paper/Polished_Analysis/Comprehensive_Phylogeny/Prodigal/LK1301.faa	NA	73	72	98.65	1.35
LK904	/home/projects/Skin_Bioassay_Paper/Polished_Analysis/Comprehensive_Phylogeny/Prodigal/LK904.faa	NA	73	71	98.65	4.05
LK1237	/home/projects/Skin_Bioassay_Paper/Polished_Analysis/Comprehensive_Phylogeny/Prodigal/LK1237.faa	NA	74	73	100.00	1.35
LK523	/home/projects/Skin_Bioassay_Paper/Polished_Analysis/Comprehensive_Phylogeny/Prodigal/LK523.faa	NA	74	74	100.00	0.00
LK1188	/home/projects/Skin_Bioassay_Paper/Polished_Analysis/Comprehensive_Phylogeny/Prodigal/LK1188.faa	NA	74	74	100.00	0.00
LK946	/home/projects/Skin_Bioassay_Paper/Polished_Analysis/Comprehensive_Phylogeny/Prodigal/LK946.faa	NA	74	73	100.00	1.35
LK517	/home/projects/Skin_Bioassay_Paper/Polished_Analysis/Comprehensive_Phylogeny/Prodigal/LK517.faa	NA	72	71	97.30	1.35
LK687	/home/projects/Skin_Bioassay_Paper/Polished_Analysis/Comprehensive_Phylogeny/Prodigal/LK687.faa	NA	74	73	100.00	1.35
LK1393	/home/projects/Skin_Bioassay_Paper/Polished_Analysis/Comprehensive_Phylogeny/Prodigal/LK1393.faa	NA	72	72	97.30	0.00
LK1334	/home/projects/Skin_Bioassay_Paper/Polished_Analysis/Comprehensive_Phylogeny/Prodigal/LK1334.faa	NA	73	71	98.65	2.70
LK540	/home/projects/Skin_Bioassay_Paper/Polished_Analysis/Comprehensive_Phylogeny/Prodigal/LK540.faa	NA	71	69	95.95	2.70
LK953	/home/projects/Skin_Bioassay_Paper/Polished_Analysis/Comprehensive_Phylogeny/Prodigal/LK953.faa	NA	74	72	100.00	2.70
LK1246	/home/projects/Skin_Bioassay_Paper/Polished_Analysis/Comprehensive_Phylogeny/Prodigal/LK1246.faa	NA	73	73	98.65	0.00
LK1207	/home/projects/Skin_Bioassay_Paper/Polished_Analysis/Comprehensive_Phylogeny/Prodigal/LK1207.faa	NA	71	70	95.95	1.35
LK522	/home/projects/Skin_Bioassay_Paper/Polished_Analysis/Comprehensive_Phylogeny/Prodigal/LK522.faa	NA	74	73	100.00	1.35
LK1269	/home/projects/Skin_Bioassay_Paper/Polished_Analysis/Comprehensive_Phylogeny/Prodigal/LK1269.faa	NA	74	73	100.00	1.35
LK1091	/home/projects/Skin_Bioassay_Paper/Polished_Analysis/Comprehensive_Phylogeny/Prodigal/LK1091.faa	NA	73	73	98.65	0.00
LK405	/home/projects/Skin_Bioassay_Paper/Polished_Analysis/Comprehensive_Phylogeny/Prodigal/LK405.faa	NA	74	72	100.00	2.70
LK1019	/home/projects/Skin_Bioassay_Paper/Polished_Analysis/Comprehensive_Phylogeny/Prodigal/LK1019.faa	NA	70	68	94.59	2.70
LK1239	/home/projects/Skin_Bioassay_Paper/Polished_Analysis/Comprehensive_Phylogeny/Prodigal/LK1239.faa	NA	74	73	100.00	1.35
LK1281	/home/projects/Skin_Bioassay_Paper/Polished_Analysis/Comprehensive_Phylogeny/Prodigal/LK1281.faa	NA	74	73	100.00	1.35
LK1275	/home/projects/Skin_Bioassay_Paper/Polished_Analysis/Comprehensive_Phylogeny/Prodigal/LK1275.faa	NA	73	71	98.65	2.70
LK1285	/home/projects/Skin_Bioassay_Paper/Polished_Analysis/Comprehensive_Phylogeny/Prodigal/LK1285.faa	NA	74	73	100.00	1.35
LK508	/home/projects/Skin_Bioassay_Paper/Polished_Analysis/Comprehensive_Phylogeny/Prodigal/LK508.faa	NA	72	70	97.30	2.70
LK465	/home/projects/Skin_Bioassay_Paper/Polished_Analysis/Comprehensive_Phylogeny/Prodigal/LK465.faa	NA	74	73	100.00	1.35
LK1093	/home/projects/Skin_Bioassay_Paper/Polished_Analysis/Comprehensive_Phylogeny/Prodigal/LK1093.faa	NA	74	73	100.00	1.35
LK432	/home/projects/Skin_Bioassay_Paper/Polished_Analysis/Comprehensive_Phylogeny/Prodigal/LK432.faa	NA	74	73	100.00	1.35
LK524	/home/projects/Skin_Bioassay_Paper/Polished_Analysis/Comprehensive_Phylogeny/Prodigal/LK524.faa	NA	74	73	100.00	1.35
LK1274	/home/projects/Skin_Bioassay_Paper/Polished_Analysis/Comprehensive_Phylogeny/Prodigal/LK1274.faa	NA	72	70	97.30	2.70
LK1136	/home/projects/Skin_Bioassay_Paper/Polished_Analysis/Comprehensive_Phylogeny/Prodigal/LK1136.faa	NA	74	73	100.00	1.35
LK1138	/home/projects/Skin_Bioassay_Paper/Polished_Analysis/Comprehensive_Phylogeny/Prodigal/LK1138.faa	NA	74	73	100.00	1.35
LK1137	/home/projects/Skin_Bioassay_Paper/Polished_Analysis/Comprehensive_Phylogeny/Prodigal/LK1137.faa	NA	74	74	100.00	0.00
LK729	/home/projects/Skin_Bioassay_Paper/Polished_Analysis/Comprehensive_Phylogeny/Prodigal/LK729.faa	NA	74	73	100.00	1.35
LK459	/home/projects/Skin_Bioassay_Paper/Polished_Analysis/Comprehensive_Phylogeny/Prodigal/LK459.faa	NA	74	73	100.00	1.35
LK1403	/home/projects/Skin_Bioassay_Paper/Polished_Analysis/Comprehensive_Phylogeny/Prodigal/LK1403.faa	NA	72	68	97.30	5.41
