sample,Other ID,Genome accession,Host ID,Host category,Body site,Bioassay data available (Y/N),Genome sequenced (Y/N),Representative following 99% ANI dereplication,Genus,SpeciesShort,Species,GTDB R202 Taxonomy,Initial isolation date,Isolation media,Pure culture media
LK1337,p3-SID960,GCF_025144725.1,KHID89,Healthy Skin,Alar crease,Y,Y,Y,Brevibacterium,spp.,Brevibacterium spp.,d__Bacteria;p__Actinobacteriota;c__Actinomycetia;o__Actinomycetales;f__Brevibacteriaceae;g__Brevibacterium;s__,2019-09-19,BD,BHI + Tween
LK1027,p3-SID1340,GCF_025152225.1,KHID143,Healthy Skin,Toe web space,Y,Y,Y,Brevibacterium,casei,Brevibacterium casei,d__Bacteria;p__Actinobacteriota;c__Actinomycetia;o__Actinomycetales;f__Brevibacteriaceae;g__Brevibacterium;s__Brevibacterium casei,2019-09-16,B,BHI + Tween
LK1363,p3-SID1059,GCF_025152425.1,KHID119,Healthy Skin,Toe web space,Y,Y,Y,Brevibacterium,casei,Brevibacterium casei,d__Bacteria;p__Actinobacteriota;c__Actinomycetia;o__Actinomycetales;f__Brevibacteriaceae;g__Brevibacterium;s__Brevibacterium casei,2019-09-19,B,BHI + Tween
LK1301,p3-SID1514,GCF_025149755.1,KHID143,Healthy Skin,Toe web space,N,Y,Y,Brevibacterium,casei,Brevibacterium casei,d__Bacteria;p__Actinobacteriota;c__Actinomycetia;o__Actinomycetales;f__Brevibacteriaceae;g__Brevibacterium;s__Brevibacterium casei,2019-09-17,BD,BHI + Tween
LK904,p3-SID1233,GCF_025144065.1,KHID111,Healthy Skin,Toe web space,N,Y,Y,Brevibacterium,casei,Brevibacterium casei,d__Bacteria;p__Actinobacteriota;c__Actinomycetia;o__Actinomycetales;f__Brevibacteriaceae;g__Brevibacterium;s__Brevibacterium casei,2019-09-19,BT,BHI
LK1085,p3-SID1565,GCF_025143785.1,KHID140,Healthy Skin,Volar forearm,Y,Y,Y,Brachybacterium,spp.,Brachybacterium spp.,d__Bacteria;p__Actinobacteriota;c__Actinomycetia;o__Actinomycetales;f__Dermabacteraceae;g__Brachybacterium;s__,2019-09-17,B,BHI + Tween
LK1352,p3-SID957,GCF_025144775.1,KHID89,Healthy Skin,Alar crease,Y,Y,Y,Brachybacterium,spp.,Brachybacterium spp.,d__Bacteria;p__Actinobacteriota;c__Actinomycetia;o__Actinomycetales;f__Dermabacteraceae;g__Brachybacterium;s__,2019-09-19,BD,BHI + Tween
LK1024,p3-SID1365,GCF_025151965.1,KHID144,Healthy Skin,Alar crease,Y,Y,Y,Brachybacterium,muris,Brachybacterium muris,d__Bacteria;p__Actinobacteriota;c__Actinomycetia;o__Actinomycetales;f__Dermabacteraceae;g__Brachybacterium;s__Brachybacterium muris,2019-09-16,B,BHI + Tween
LK1045,p3-SID1369,GCF_025151835.1,KHID144,Healthy Skin,Alar crease,Y,Y,Y,Brachybacterium,muris,Brachybacterium muris,d__Bacteria;p__Actinobacteriota;c__Actinomycetia;o__Actinomycetales;f__Dermabacteraceae;g__Brachybacterium;s__Brachybacterium muris,2019-09-16,B,BHI + Tween
LK1350,p3-SID1171,GCF_025144205.1,KHID86,Healthy Skin,Antecubital fossa,Y,Y,Y,Brachybacterium,muris,Brachybacterium muris,d__Bacteria;p__Actinobacteriota;c__Actinomycetia;o__Actinomycetales;f__Dermabacteraceae;g__Brachybacterium;s__Brachybacterium muris,2019-09-19,BD,BHI + Tween
LK1404,p3-SID2535,GCF_025148185.1,KHID75,Healthy Skin,Nares,Y,Y,Y,Brachybacterium,muris,Brachybacterium muris,d__Bacteria;p__Actinobacteriota;c__Actinomycetia;o__Actinomycetales;f__Dermabacteraceae;g__Brachybacterium;s__Brachybacterium muris,2020-02-26,BD,BHI + Tween
LK630,p3-SID772,GCF_025146185.1,KHID77,Healthy Skin,Back,Y,Y,Y,Brachybacterium,muris,Brachybacterium muris,d__Bacteria;p__Actinobacteriota;c__Actinomycetia;o__Actinomycetales;f__Dermabacteraceae;g__Brachybacterium;s__Brachybacterium muris,2019-07-29,BL,BHI
LK1302,p3-SID1351,GCF_025152195.1,KHID144,Healthy Skin,Alar crease,N,Y,Y,Brachybacterium,muris,Brachybacterium muris,d__Bacteria;p__Actinobacteriota;c__Actinomycetia;o__Actinomycetales;f__Dermabacteraceae;g__Brachybacterium;s__Brachybacterium muris,2019-09-16,B,BHI + Tween
LK938,p3-SID1200,GCF_025144125.1,KHID111,Healthy Skin,Toe web space,N,Y,Y,Brachybacterium,paraconglomeratum,Brachybacterium paraconglomeratum,d__Bacteria;p__Actinobacteriota;c__Actinomycetia;o__Actinomycetales;f__Dermabacteraceae;g__Brachybacterium;s__Brachybacterium paraconglomeratum,2019-09-19,BD,BHI
LK1082,p3-SID1646,GCF_025150985.1,KHID137,Healthy Skin,Nares,Y,Y,Y,Dermabacter,hominis,Dermabacter hominis,d__Bacteria;p__Actinobacteriota;c__Actinomycetia;o__Actinomycetales;f__Dermabacteraceae;g__Dermabacter;s__Dermabacter hominis,2019-09-17,B,BHI + Tween
LK1252,p3-SID1727,GCF_025149545.1,KHID158,Healthy Skin,Umbilicus,Y,Y,Y,Dermabacter,hominis,Dermabacter hominis,d__Bacteria;p__Actinobacteriota;c__Actinomycetia;o__Actinomycetales;f__Dermabacteraceae;g__Dermabacter;s__Dermabacter hominis,2019-09-17,B,BHI + Tween
LK1351,p3-SID955,GCF_025144805.1,KHID90,Healthy Skin,Nares,Y,Y,Y,Dermabacter,hominis,Dermabacter hominis,d__Bacteria;p__Actinobacteriota;c__Actinomycetia;o__Actinomycetales;f__Dermabacteraceae;g__Dermabacter;s__Dermabacter hominis,2019-09-19,B,BHI + Tween
LK522,p3-SID877,GCF_025145325.1,KHID64,Healthy Skin,Umbilicus,Y,Y,Y,Dermabacter,hominis,Dermabacter hominis,d__Bacteria;p__Actinobacteriota;c__Actinomycetia;o__Actinomycetales;f__Dermabacteraceae;g__Dermabacter;s__Dermabacter hominis,2019-07-29,BL,BHI
LK557,p3-SID715,GCA_025146485.1,KHID40,Healthy Skin,Umbilicus,Y,Y,Y,Dermabacter,hominis,Dermabacter hominis,d__Bacteria;p__Actinobacteriota;c__Actinomycetia;o__Actinomycetales;f__Dermabacteraceae;g__Dermabacter;s__Dermabacter hominis,2019-07-26,BL,BHI
LK1257,p3-SID1716,GCF_025150725.1,KHID147,Healthy Skin,Back,Y,Y,Y,Dermabacter,vaginalis,Dermabacter vaginalis,d__Bacteria;p__Actinobacteriota;c__Actinomycetia;o__Actinomycetales;f__Dermabacteraceae;g__Dermabacter;s__Dermabacter vaginalis,2019-09-17,BD,BHI + Tween
LK1386,p3-SID2517,GCF_025148405.1,KHID48,Healthy Skin,Umbilicus,Y,Y,Y,Dermacoccus,abyssi,Dermacoccus abyssi,d__Bacteria;p__Actinobacteriota;c__Actinomycetia;o__Actinomycetales;f__Dermatophilaceae;g__Dermacoccus;s__Dermacoccus abyssi,2020-02-26,B,BHI + Tween
LK1128,p3-SID1508,GCF_025149825.1,KHID140,Healthy Skin,Volar forearm,Y,Y,Y,Dermacoccus,nishinomiyaensis,Dermacoccus nishinomiyaensis,d__Bacteria;p__Actinobacteriota;c__Actinomycetia;o__Actinomycetales;f__Dermatophilaceae;g__Dermacoccus;s__Dermacoccus nishinomiyaensis,2019-09-17,BD,BHI + Tween
LK538,p3-SID813,GCF_025150145.1,KHID77,Healthy Skin,Back,Y,Y,Y,Janibacter,hoylei,Janibacter hoylei,d__Bacteria;p__Actinobacteriota;c__Actinomycetia;o__Actinomycetales;f__Dermatophilaceae;g__Janibacter;s__Janibacter hoylei,2019-07-29,BH,BHI
LK1311,p3-SID1673,GCF_025150925.1,KHID135,Healthy Skin,Toe web space,N,Y,Y,Microbacterium,enclense_A,Microbacterium enclense_A,d__Bacteria;p__Actinobacteriota;c__Actinomycetia;o__Actinomycetales;f__Microbacteriaceae;g__Microbacterium;s__Microbacterium enclense_A,2019-09-17,BD,BHI + Tween
LK1118,p3-SID1632,GCF_025151145.1,KHID155,Healthy Skin,Back,Y,Y,Y,Microbacterium,paraoxydans,Microbacterium paraoxydans,d__Bacteria;p__Actinobacteriota;c__Actinomycetia;o__Actinomycetales;f__Microbacteriaceae;g__Microbacterium;s__Microbacterium paraoxydans,2019-09-17,BT,BHI + Tween
LK1279,p3-SID1799,GCF_025149435.1,KHID149,Healthy Skin,Antecubital fossa,Y,Y,Y,Pseudoclavibacter,alba,Pseudoclavibacter alba,d__Bacteria;p__Actinobacteriota;c__Actinomycetia;o__Actinomycetales;f__Microbacteriaceae;g__Pseudoclavibacter;s__Pseudoclavibacter alba,2019-09-17,BT,BHI + Tween
LK1176,p3-SID1598,GCF_025151395.1,KHID151,Healthy Skin,Toe web space,Y,Y,Y,Citricoccus,terreus,Citricoccus terreus,d__Bacteria;p__Actinobacteriota;c__Actinomycetia;o__Actinomycetales;f__Micrococcaceae;g__Citricoccus;s__Citricoccus terreus,2019-09-17,BT,BHI + Tween
LK960,p3-SID1433,GCF_025151625.1,KHID139,Healthy Skin,Back,Y,Y,Y,Kocuria,spp.,Kocuria spp.,d__Bacteria;p__Actinobacteriota;c__Actinomycetia;o__Actinomycetales;f__Micrococcaceae;g__Kocuria;s__,2019-09-16,B,BHI + Tween
LK572,p3-SID917,GCF_025145075.1,KHID68,Healthy Skin,Occiput,Y,Y,Y,Kocuria,carniphila,Kocuria carniphila,d__Bacteria;p__Actinobacteriota;c__Actinomycetia;o__Actinomycetales;f__Micrococcaceae;g__Kocuria;s__Kocuria carniphila,2019-07-31,BH,BHI
LK1237,p3-SID2490,GCF_025150305.1,KHID122,Healthy Skin,Occiput,Y,Y,Y,Kocuria,marina,Kocuria marina,d__Bacteria;p__Actinobacteriota;c__Actinomycetia;o__Actinomycetales;f__Micrococcaceae;g__Kocuria;s__Kocuria marina,2019-12-18,B,BHI + Tween
LK1250,p3-SID1724,GCF_025149565.1,KHID157,Healthy Skin,Antecubital fossa,Y,Y,Y,Kocuria,marina,Kocuria marina,d__Bacteria;p__Actinobacteriota;c__Actinomycetia;o__Actinomycetales;f__Micrococcaceae;g__Kocuria;s__Kocuria marina,2019-09-17,BT,BHI + Tween
LK698,p3-SID882,GCF_025145235.1,KHID45,Healthy Skin,Back,Y,Y,Y,Kocuria,marina,Kocuria marina,d__Bacteria;p__Actinobacteriota;c__Actinomycetia;o__Actinomycetales;f__Micrococcaceae;g__Kocuria;s__Kocuria marina,2019-07-29,BL,BHI
LK478,p3-SID866,GCF_025145565.1,KHID71,Healthy Skin,Antecubital fossa,Y,Y,Y,Kocuria,marina_A,Kocuria marina_A,d__Bacteria;p__Actinobacteriota;c__Actinomycetia;o__Actinomycetales;f__Micrococcaceae;g__Kocuria;s__Kocuria marina_A,2019-07-29,BT,BHI
LK1093,p3-SID1518,GCF_025149685.1,KHID143,Healthy Skin,Toe web space,Y,Y,Y,Kocuria,palustris,Kocuria palustris,d__Bacteria;p__Actinobacteriota;c__Actinomycetia;o__Actinomycetales;f__Micrococcaceae;g__Kocuria;s__Kocuria palustris,2019-09-17,BD,BHI + Tween
LK1246,p3-SID1704,GCF_025149645.1,KHID146,Healthy Skin,Occiput,Y,Y,Y,Kocuria,palustris,Kocuria palustris,d__Bacteria;p__Actinobacteriota;c__Actinomycetia;o__Actinomycetales;f__Micrococcaceae;g__Kocuria;s__Kocuria palustris,2019-09-17,B,BHI + Tween
LK1021,p3-SID1383,GCF_025151745.1,KHID143,Healthy Skin,Toe web space,Y,Y,Y,Kocuria,rhizophila,Kocuria rhizophila,d__Bacteria;p__Actinobacteriota;c__Actinomycetia;o__Actinomycetales;f__Micrococcaceae;g__Kocuria;s__Kocuria rhizophila,2019-09-16,BT,BHI + Tween
LK1055,p3-SID1414,GCF_025151645.1,KHID127,Healthy Skin,Toe web space,Y,Y,Y,Kocuria,rhizophila,Kocuria rhizophila,d__Bacteria;p__Actinobacteriota;c__Actinomycetia;o__Actinomycetales;f__Micrococcaceae;g__Kocuria;s__Kocuria rhizophila,2019-09-16,BT,BHI + Tween
LK934,p3-SID1135,GCF_025144265.1,KHID105,Healthy Skin,Nares,Y,Y,Y,Kocuria,rhizophila,Kocuria rhizophila,d__Bacteria;p__Actinobacteriota;c__Actinomycetia;o__Actinomycetales;f__Micrococcaceae;g__Kocuria;s__Kocuria rhizophila,2019-09-19,B,BHI
LK1002,p3-SID1338,GCA_025152265.1,KHID125,Healthy Skin,Antecubital fossa,Y,Y,Y,Micrococcus,luteus,Micrococcus luteus,d__Bacteria;p__Actinobacteriota;c__Actinomycetia;o__Actinomycetales;f__Micrococcaceae;g__Micrococcus;s__Micrococcus luteus,2019-09-16,B,BHI + Tween
LK1008,p3-SID1424,GCA_025149905.1,KHID130,Healthy Skin,Occiput,Y,Y,Y,Micrococcus,luteus,Micrococcus luteus,d__Bacteria;p__Actinobacteriota;c__Actinomycetia;o__Actinomycetales;f__Micrococcaceae;g__Micrococcus;s__Micrococcus luteus,2019-09-16,B,BHI + Tween
LK1009,p3-SID1373,GCA_025151985.1,KHID144,Healthy Skin,Alar crease,Y,Y,Y,Micrococcus,luteus,Micrococcus luteus,d__Bacteria;p__Actinobacteriota;c__Actinomycetia;o__Actinomycetales;f__Micrococcaceae;g__Micrococcus;s__Micrococcus luteus,2019-09-16,B,BHI + Tween
LK1012,p3-SID1423,GCA_025151605.1,KHID129,Healthy Skin,Nares,Y,Y,Y,Micrococcus,luteus,Micrococcus luteus,d__Bacteria;p__Actinobacteriota;c__Actinomycetia;o__Actinomycetales;f__Micrococcaceae;g__Micrococcus;s__Micrococcus luteus,2019-09-16,B,BHI + Tween
LK1018,p3-SID1337,GCA_025152235.1,KHID125,Healthy Skin,Antecubital fossa,Y,Y,Y,Micrococcus,luteus,Micrococcus luteus,d__Bacteria;p__Actinobacteriota;c__Actinomycetia;o__Actinomycetales;f__Micrococcaceae;g__Micrococcus;s__Micrococcus luteus,2019-09-16,B,BHI + Tween
LK1019,p3-SID1412,GCA_025151665.1,KHID125,Healthy Skin,Antecubital fossa,Y,Y,Y,Micrococcus,luteus,Micrococcus luteus,d__Bacteria;p__Actinobacteriota;c__Actinomycetia;o__Actinomycetales;f__Micrococcaceae;g__Micrococcus;s__Micrococcus luteus,2019-09-16,B,BHI + Tween
LK1022,p3-SID1333,GCA_025143805.1,KHID125,Healthy Skin,Antecubital fossa,Y,Y,Y,Micrococcus,luteus,Micrococcus luteus,d__Bacteria;p__Actinobacteriota;c__Actinomycetia;o__Actinomycetales;f__Micrococcaceae;g__Micrococcus;s__Micrococcus luteus,2019-09-16,BT,BHI + Tween
LK1026,p3-SID1335,GCA_025152305.1,KHID125,Healthy Skin,Antecubital fossa,Y,Y,Y,Micrococcus,luteus,Micrococcus luteus,d__Bacteria;p__Actinobacteriota;c__Actinomycetia;o__Actinomycetales;f__Micrococcaceae;g__Micrococcus;s__Micrococcus luteus,2019-09-16,BT,BHI + Tween
LK1036,p3-SID1891,GCA_025149145.1,KHID132,Healthy Skin,Volar forearm,Y,Y,Y,Micrococcus,luteus,Micrococcus luteus,d__Bacteria;p__Actinobacteriota;c__Actinomycetia;o__Actinomycetales;f__Micrococcaceae;g__Micrococcus;s__Micrococcus luteus,2019-09-17,B,BHI + Tween
LK1049,p3-SID1876,GCA_025149225.1,KHID131,Healthy Skin,Back,Y,Y,Y,Micrococcus,luteus,Micrococcus luteus,d__Bacteria;p__Actinobacteriota;c__Actinomycetia;o__Actinomycetales;f__Micrococcaceae;g__Micrococcus;s__Micrococcus luteus,2019-09-17,B,BHI + Tween
LK1053,p3-SID1884,GCA_025149205.1,KHID131,Healthy Skin,Back,Y,Y,Y,Micrococcus,luteus,Micrococcus luteus,d__Bacteria;p__Actinobacteriota;c__Actinomycetia;o__Actinomycetales;f__Micrococcaceae;g__Micrococcus;s__Micrococcus luteus,2019-09-17,BD,BHI + Tween
LK1056,p3-SID1877,GCA_025149245.1,KHID131,Healthy Skin,Back,Y,Y,Y,Micrococcus,luteus,Micrococcus luteus,d__Bacteria;p__Actinobacteriota;c__Actinomycetia;o__Actinomycetales;f__Micrococcaceae;g__Micrococcus;s__Micrococcus luteus,2019-09-17,B,BHI + Tween
LK1072,p3-SID1843,GCA_025149315.1,KHID132,Healthy Skin,Volar forearm,Y,Y,Y,Micrococcus,luteus,Micrococcus luteus,d__Bacteria;p__Actinobacteriota;c__Actinomycetia;o__Actinomycetales;f__Micrococcaceae;g__Micrococcus;s__Micrococcus luteus,2019-09-17,BD,BHI + Tween
LK1073,p3-SID1889,GCA_025149165.1,KHID132,Healthy Skin,Volar forearm,Y,Y,Y,Micrococcus,luteus,Micrococcus luteus,d__Bacteria;p__Actinobacteriota;c__Actinomycetia;o__Actinomycetales;f__Micrococcaceae;g__Micrococcus;s__Micrococcus luteus,2019-09-17,B,BHI + Tween
LK1090,p3-SID1582,GCA_025151475.1,KHID130,Healthy Skin,Occiput,Y,Y,Y,Micrococcus,luteus,Micrococcus luteus,d__Bacteria;p__Actinobacteriota;c__Actinomycetia;o__Actinomycetales;f__Micrococcaceae;g__Micrococcus;s__Micrococcus luteus,2019-09-17,BD,BHI + Tween
LK1091,p3-SID1516,GCA_025149745.1,KHID143,Healthy Skin,Toe web space,Y,Y,Y,Micrococcus,luteus,Micrococcus luteus,d__Bacteria;p__Actinobacteriota;c__Actinomycetia;o__Actinomycetales;f__Micrococcaceae;g__Micrococcus;s__Micrococcus luteus,2019-09-17,BD,BHI + Tween
LK1099,p3-SID1548,GCA_025149725.1,KHID154,Healthy Skin,Occiput,Y,Y,Y,Micrococcus,luteus,Micrococcus luteus,d__Bacteria;p__Actinobacteriota;c__Actinomycetia;o__Actinomycetales;f__Micrococcaceae;g__Micrococcus;s__Micrococcus luteus,2019-09-17,BD,BHI + Tween
LK1106,p3-SID1474,GCA_025149865.1,KHID124,Healthy Skin,Volar forearm,Y,Y,Y,Micrococcus,luteus,Micrococcus luteus,d__Bacteria;p__Actinobacteriota;c__Actinomycetia;o__Actinomycetales;f__Micrococcaceae;g__Micrococcus;s__Micrococcus luteus,2019-09-16,B,BHI + Tween
LK1113,p3-SID1600,GCA_025151325.1,KHID151,Healthy Skin,Toe web space,Y,Y,Y,Micrococcus,luteus,Micrococcus luteus,d__Bacteria;p__Actinobacteriota;c__Actinomycetia;o__Actinomycetales;f__Micrococcaceae;g__Micrococcus;s__Micrococcus luteus,2019-09-17,BT,BHI + Tween
LK1117,p3-SID1622,GCA_025151235.1,KHID155,Healthy Skin,Back,Y,Y,Y,Micrococcus,luteus,Micrococcus luteus,d__Bacteria;p__Actinobacteriota;c__Actinomycetia;o__Actinomycetales;f__Micrococcaceae;g__Micrococcus;s__Micrococcus luteus,2019-09-17,BD,BHI + Tween
LK1145,p3-SID1576,GCA_025151465.1,KHID123,Healthy Skin,Back,Y,Y,Y,Micrococcus,luteus,Micrococcus luteus,d__Bacteria;p__Actinobacteriota;c__Actinomycetia;o__Actinomycetales;f__Micrococcaceae;g__Micrococcus;s__Micrococcus luteus,2019-09-17,B,BHI + Tween
LK1147,p3-SID1578,GCA_025151425.1,KHID123,Healthy Skin,Back,Y,Y,Y,Micrococcus,luteus,Micrococcus luteus,d__Bacteria;p__Actinobacteriota;c__Actinomycetia;o__Actinomycetales;f__Micrococcaceae;g__Micrococcus;s__Micrococcus luteus,2019-09-17,BT,BHI + Tween
LK1173,p3-SID1296,GCA_025143845.1,KHID98,Healthy Skin,Occiput,Y,Y,Y,Micrococcus,luteus,Micrococcus luteus,d__Bacteria;p__Actinobacteriota;c__Actinomycetia;o__Actinomycetales;f__Micrococcaceae;g__Micrococcus;s__Micrococcus luteus,2019-09-19,BD,BHI + Tween
LK1207,p3-SID1705,GCA_025149605.1,KHID146,Healthy Skin,Occiput,Y,Y,Y,Micrococcus,luteus,Micrococcus luteus,d__Bacteria;p__Actinobacteriota;c__Actinomycetia;o__Actinomycetales;f__Micrococcaceae;g__Micrococcus;s__Micrococcus luteus,2019-09-17,B,BHI + Tween
LK1208,p3-SID1706,GCA_025150785.1,KHID146,Healthy Skin,Occiput,Y,Y,Y,Micrococcus,luteus,Micrococcus luteus,d__Bacteria;p__Actinobacteriota;c__Actinomycetia;o__Actinomycetales;f__Micrococcaceae;g__Micrococcus;s__Micrococcus luteus,2019-09-17,B,BHI + Tween
LK1224,p3-SID1787,GCA_025150505.1,KHID148,Healthy Skin,Volar forearm,Y,Y,Y,Micrococcus,luteus,Micrococcus luteus,d__Bacteria;p__Actinobacteriota;c__Actinomycetia;o__Actinomycetales;f__Micrococcaceae;g__Micrococcus;s__Micrococcus luteus,2019-09-17,B,BHI + Tween
LK1231,p3-SID1805,GCA_025149425.1,KHID149,Healthy Skin,Antecubital fossa,Y,Y,Y,Micrococcus,luteus,Micrococcus luteus,d__Bacteria;p__Actinobacteriota;c__Actinomycetia;o__Actinomycetales;f__Micrococcaceae;g__Micrococcus;s__Micrococcus luteus,2019-09-17,B,BHI + Tween
LK1274,p3-SID1781,GCA_025150575.1,KHID148,Healthy Skin,Volar forearm,Y,Y,Y,Micrococcus,luteus,Micrococcus luteus,d__Bacteria;p__Actinobacteriota;c__Actinomycetia;o__Actinomycetales;f__Micrococcaceae;g__Micrococcus;s__Micrococcus luteus,2019-09-17,BT,BHI + Tween
LK1275,p3-SID1783,GCA_025150545.1,KHID148,Healthy Skin,Volar forearm,Y,Y,Y,Micrococcus,luteus,Micrococcus luteus,d__Bacteria;p__Actinobacteriota;c__Actinomycetia;o__Actinomycetales;f__Micrococcaceae;g__Micrococcus;s__Micrococcus luteus,2019-09-17,BT,BHI + Tween
LK1306,p3-SID980,GCA_025144645.1,KHID85,Healthy Skin,Volar forearm,Y,Y,Y,Micrococcus,luteus,Micrococcus luteus,d__Bacteria;p__Actinobacteriota;c__Actinomycetia;o__Actinomycetales;f__Micrococcaceae;g__Micrococcus;s__Micrococcus luteus,2019-09-19,BT,BHI + Tween
LK1330,p3-SID996,GCA_025144585.1,KHID116,Healthy Skin,Volar forearm,Y,Y,Y,Micrococcus,luteus,Micrococcus luteus,d__Bacteria;p__Actinobacteriota;c__Actinomycetia;o__Actinomycetales;f__Micrococcaceae;g__Micrococcus;s__Micrococcus luteus,2019-09-19,BT,BHI + Tween
LK1334,p3-SID1106,GCA_025144325.1,KHID113,Healthy Skin,Nares,Y,Y,Y,Micrococcus,luteus,Micrococcus luteus,d__Bacteria;p__Actinobacteriota;c__Actinomycetia;o__Actinomycetales;f__Micrococcaceae;g__Micrococcus;s__Micrococcus luteus,2019-09-19,BD,BHI + Tween
LK1335,p3-SID1002,GCA_025152565.1,KHID116,Healthy Skin,Volar forearm,Y,Y,Y,Micrococcus,luteus,Micrococcus luteus,d__Bacteria;p__Actinobacteriota;c__Actinomycetia;o__Actinomycetales;f__Micrococcaceae;g__Micrococcus;s__Micrococcus luteus,2019-09-19,B,BHI + Tween
LK1379,p3-SID2510,GCA_025148525.1,KHID74,Healthy Skin,Alar crease,Y,Y,Y,Micrococcus,luteus,Micrococcus luteus,d__Bacteria;p__Actinobacteriota;c__Actinomycetia;o__Actinomycetales;f__Micrococcaceae;g__Micrococcus;s__Micrococcus luteus,2020-02-26,BD,BHI + Tween
LK1380,p3-SID2511,GCA_025148545.1,KHID78,Healthy Skin,Volar forearm,Y,Y,Y,Micrococcus,luteus,Micrococcus luteus,d__Bacteria;p__Actinobacteriota;c__Actinomycetia;o__Actinomycetales;f__Micrococcaceae;g__Micrococcus;s__Micrococcus luteus,2020-02-26,BT,BHI + Tween
LK1382,p3-SID2513,GCA_025148505.1,KHID78,Healthy Skin,Volar forearm,Y,Y,Y,Micrococcus,luteus,Micrococcus luteus,d__Bacteria;p__Actinobacteriota;c__Actinomycetia;o__Actinomycetales;f__Micrococcaceae;g__Micrococcus;s__Micrococcus luteus,2020-02-26,BT,BHI + Tween
LK1383,p3-SID2514,GCA_025148465.1,KHID78,Healthy Skin,Volar forearm,Y,Y,Y,Micrococcus,luteus,Micrococcus luteus,d__Bacteria;p__Actinobacteriota;c__Actinomycetia;o__Actinomycetales;f__Micrococcaceae;g__Micrococcus;s__Micrococcus luteus,2020-02-26,BT,BHI + Tween
LK1384,p3-SID2515,GCA_025148475.1,KHID78,Healthy Skin,Volar forearm,Y,Y,Y,Micrococcus,luteus,Micrococcus luteus,d__Bacteria;p__Actinobacteriota;c__Actinomycetia;o__Actinomycetales;f__Micrococcaceae;g__Micrococcus;s__Micrococcus luteus,2020-02-26,BT,BHI + Tween
LK1390,p3-SID2521,GCA_025148385.1,KHID76,Healthy Skin,Occiput,Y,Y,Y,Micrococcus,luteus,Micrococcus luteus,d__Bacteria;p__Actinobacteriota;c__Actinomycetia;o__Actinomycetales;f__Micrococcaceae;g__Micrococcus;s__Micrococcus luteus,2020-02-26,BD,BHI + Tween
LK1393,p3-SID2524,GCA_025148365.1,KHID76,Healthy Skin,Occiput,Y,Y,Y,Micrococcus,luteus,Micrococcus luteus,d__Bacteria;p__Actinobacteriota;c__Actinomycetia;o__Actinomycetales;f__Micrococcaceae;g__Micrococcus;s__Micrococcus luteus,2020-02-26,BD,BHI + Tween
LK408,p3-SID899,GCA_025145045.1,KHID65,Healthy Skin,Toe web space,Y,Y,Y,Micrococcus,luteus,Micrococcus luteus,d__Bacteria;p__Actinobacteriota;c__Actinomycetia;o__Actinomycetales;f__Micrococcaceae;g__Micrococcus;s__Micrococcus luteus,2019-07-29,BH,BHI
LK409,p3-SID868,GCA_025145445.1,KHID71,Healthy Skin,Antecubital fossa,Y,Y,Y,Micrococcus,luteus,Micrococcus luteus,d__Bacteria;p__Actinobacteriota;c__Actinomycetia;o__Actinomycetales;f__Micrococcaceae;g__Micrococcus;s__Micrococcus luteus,2019-07-29,BL,BHI
LK419,p3-SID631,GCA_025146905.1,KHID52,Healthy Skin,Occiput,Y,Y,Y,Micrococcus,luteus,Micrococcus luteus,d__Bacteria;p__Actinobacteriota;c__Actinomycetia;o__Actinomycetales;f__Micrococcaceae;g__Micrococcus;s__Micrococcus luteus,2019-07-26,BL,BHI
LK426,p3-SID888,GCA_025145055.1,KHID69,Healthy Skin,Back,Y,Y,Y,Micrococcus,luteus,Micrococcus luteus,d__Bacteria;p__Actinobacteriota;c__Actinomycetia;o__Actinomycetales;f__Micrococcaceae;g__Micrococcus;s__Micrococcus luteus,2019-07-29,BH,BHI
LK441,p3-SID810,GCA_025145885.1,KHID77,Healthy Skin,Back,Y,Y,Y,Micrococcus,luteus,Micrococcus luteus,d__Bacteria;p__Actinobacteriota;c__Actinomycetia;o__Actinomycetales;f__Micrococcaceae;g__Micrococcus;s__Micrococcus luteus,2019-07-29,BH,BHI
LK443,p3-SID750,GCA_025143005.1,KHID31,Healthy Skin,Antecubital fossa,Y,Y,Y,Micrococcus,luteus,Micrococcus luteus,d__Bacteria;p__Actinobacteriota;c__Actinomycetia;o__Actinomycetales;f__Micrococcaceae;g__Micrococcus;s__Micrococcus luteus,2019-07-26,BL,BHI
LK455,p3-SID723,GCA_025146515.1,KHID34,Healthy Skin,Alar crease,Y,Y,Y,Micrococcus,luteus,Micrococcus luteus,d__Bacteria;p__Actinobacteriota;c__Actinomycetia;o__Actinomycetales;f__Micrococcaceae;g__Micrococcus;s__Micrococcus luteus,2019-07-26,BT,BHI
LK467,p3-SID733,GCA_025143165.1,KHID30,Healthy Skin,Volar forearm,Y,Y,Y,Micrococcus,luteus,Micrococcus luteus,d__Bacteria;p__Actinobacteriota;c__Actinomycetia;o__Actinomycetales;f__Micrococcaceae;g__Micrococcus;s__Micrococcus luteus,2019-07-26,BH,BHI
LK542,p3-SID630,GCA_025146945.1,KHID52,Healthy Skin,Occiput,Y,Y,Y,Micrococcus,luteus,Micrococcus luteus,d__Bacteria;p__Actinobacteriota;c__Actinomycetia;o__Actinomycetales;f__Micrococcaceae;g__Micrococcus;s__Micrococcus luteus,2019-07-26,BL,BHI
LK553,p3-SID690,GCA_025146715.1,KHID57,Healthy Skin,Toe web space,Y,Y,Y,Micrococcus,luteus,Micrococcus luteus,d__Bacteria;p__Actinobacteriota;c__Actinomycetia;o__Actinomycetales;f__Micrococcaceae;g__Micrococcus;s__Micrococcus luteus,2019-07-26,BL,BHI
LK569,p3-SID709,GCA_025146655.1,KHID29,Healthy Skin,Back,Y,Y,Y,Micrococcus,luteus,Micrococcus luteus,d__Bacteria;p__Actinobacteriota;c__Actinomycetia;o__Actinomycetales;f__Micrococcaceae;g__Micrococcus;s__Micrococcus luteus,2019-07-26,BH,BHI
LK661,p3-SID726,GCA_025146505.1,KHID30,Healthy Skin,Volar forearm,Y,Y,Y,Micrococcus,luteus,Micrococcus luteus,d__Bacteria;p__Actinobacteriota;c__Actinomycetia;o__Actinomycetales;f__Micrococcaceae;g__Micrococcus;s__Micrococcus luteus,2019-07-26,BL,BHI
LK697,p3-SID627,GCA_025150165.1,KHID70,Healthy Skin,Volar forearm,Y,Y,Y,Micrococcus,luteus,Micrococcus luteus,d__Bacteria;p__Actinobacteriota;c__Actinomycetia;o__Actinomycetales;f__Micrococcaceae;g__Micrococcus;s__Micrococcus luteus,2019-07-26,BT,BHI
LK705,p3-SID783,GCA_025146165.1,KHID78,Healthy Skin,Volar forearm,Y,Y,Y,Micrococcus,luteus,Micrococcus luteus,d__Bacteria;p__Actinobacteriota;c__Actinomycetia;o__Actinomycetales;f__Micrococcaceae;g__Micrococcus;s__Micrococcus luteus,2019-07-29,BT,BHI
LK719,p3-SID588,GCA_025147055.1,KHID55,Healthy Skin,Antecubital fossa,Y,Y,Y,Micrococcus,luteus,Micrococcus luteus,d__Bacteria;p__Actinobacteriota;c__Actinomycetia;o__Actinomycetales;f__Micrococcaceae;g__Micrococcus;s__Micrococcus luteus,2019-07-26,BH,BHI
LK402,p3-SID893,GCA_025144965.1,KHID68,Healthy Skin,Occiput,N,Y,Y,Micrococcus,luteus,Micrococcus luteus,d__Bacteria;p__Actinobacteriota;c__Actinomycetia;o__Actinomycetales;f__Micrococcaceae;g__Micrococcus;s__Micrococcus luteus,2019-07-29,BH,BHI
LK430,p3-SID675,GCA_025146745.1,KHID63,Healthy Skin,Antecubital fossa,N,Y,Y,Micrococcus,luteus,Micrococcus luteus,d__Bacteria;p__Actinobacteriota;c__Actinomycetia;o__Actinomycetales;f__Micrococcaceae;g__Micrococcus;s__Micrococcus luteus,2019-07-26,BH,BHI
LK508,p3-SID653,GCA_025166875.1,KHID67,Healthy Skin,Nares,N,Y,Y,Micrococcus,luteus,Micrococcus luteus,d__Bacteria;p__Actinobacteriota;c__Actinomycetia;o__Actinomycetales;f__Micrococcaceae;g__Micrococcus;s__Micrococcus luteus,2019-07-26,BT,BHI
LK792,p3-SID1079,GCA_025152385.1,KHID83,Healthy Skin,Occiput,N,Y,Y,Micrococcus,luteus,Micrococcus luteus,d__Bacteria;p__Actinobacteriota;c__Actinomycetia;o__Actinomycetales;f__Micrococcaceae;g__Micrococcus;s__Micrococcus luteus,2019-09-19,BD,BHI
LK941,p3-SID797,GCA_025145995.1,KHID74,Healthy Skin,Alar crease,N,Y,Y,Micrococcus,luteus,Micrococcus luteus,d__Bacteria;p__Actinobacteriota;c__Actinomycetia;o__Actinomycetales;f__Micrococcaceae;g__Micrococcus;s__Micrococcus luteus,2019-07-29,BH,BHI
LK518,p3-SID767,GCF_025146225.1,KHID78,Healthy Skin,Volar forearm,Y,Y,Y,Nesterenkonia,massiliensis,Nesterenkonia massiliensis,d__Bacteria;p__Actinobacteriota;c__Actinomycetia;o__Actinomycetales;f__Micrococcaceae;g__Nesterenkonia;s__Nesterenkonia massiliensis,2019-07-29,BH,BHI
LK1347,p3-SID970,GCF_025144765.1,KHID90,Healthy Skin,Nares,N,Y,Y,Pseudoglutamicibacter,cumminsii_A,Pseudoglutamicibacter cumminsii_A,d__Bacteria;p__Actinobacteriota;c__Actinomycetia;o__Actinomycetales;f__Micrococcaceae;g__Pseudoglutamicibacter;s__Pseudoglutamicibacter cumminsii_A,2019-09-19,BT,BHI + Tween
LK1263,p3-SID1741,GCF_025150685.1,KHID138,Healthy Skin,Occiput,Y,Y,Y,Rothia,kristinae,Rothia kristinae,d__Bacteria;p__Actinobacteriota;c__Actinomycetia;o__Actinomycetales;f__Micrococcaceae;g__Rothia;s__Rothia kristinae,2019-09-17,BD,BHI + Tween
LK1112,p3-SID1597,GCA_025143705.1,KHID151,Healthy Skin,Toe web space,Y,Y,Y,Rothia,massiliensis,Rothia massiliensis,d__Bacteria;p__Actinobacteriota;c__Actinomycetia;o__Actinomycetales;f__Micrococcaceae;g__Rothia;s__Rothia massiliensis,2019-09-17,BT,BHI + Tween
LK945,p3-SID1303,GCF_025152325.1,KHID108,Healthy Skin,Volar forearm,Y,Y,Y,Micromonospora,chalcea,Micromonospora chalcea,d__Bacteria;p__Actinobacteriota;c__Actinomycetia;o__Mycobacteriales;f__Micromonosporaceae;g__Micromonospora;s__Micromonospora chalcea,2019-09-19,B,BHI
LK1289,p3-SID1241,GCF_025144025.1,KHID103,Healthy Skin,Toe web space,Y,Y,Y,Corynebacterium,spp.,Corynebacterium spp.,d__Bacteria;p__Actinobacteriota;c__Actinomycetia;o__Mycobacteriales;f__Mycobacteriaceae;g__Corynebacterium;s__,2019-09-19,BD,BHI + Tween
LK1358,p3-SID1194,GCF_025144155.1,KHID117,Healthy Skin,Antecubital fossa,N,Y,Y,Corynebacterium,spp.,Corynebacterium spp.,d__Bacteria;p__Actinobacteriota;c__Actinomycetia;o__Mycobacteriales;f__Mycobacteriaceae;g__Corynebacterium;s__,2019-09-19,B,BHI + Tween
LK946,p3-SID1145,GCF_025144245.1,KHID92,Healthy Skin,Back,N,Y,Y,Corynebacterium,spp.,Corynebacterium spp.,d__Bacteria;p__Actinobacteriota;c__Actinomycetia;o__Mycobacteriales;f__Mycobacteriaceae;g__Corynebacterium;s__,2019-09-19,BD,BHI
LK952,p3-SID1056,GCF_025152525.1,KHID119,Healthy Skin,Toe web space,N,Y,Y,Corynebacterium,spp.,Corynebacterium spp.,d__Bacteria;p__Actinobacteriota;c__Actinomycetia;o__Mycobacteriales;f__Mycobacteriaceae;g__Corynebacterium;s__,2019-09-19,B,BHI
LK948,p3-SID1129,GCF_025144305.1,KHID105,Healthy Skin,Nares,N,Y,Y,Corynebacterium,accolens,Corynebacterium accolens,d__Bacteria;p__Actinobacteriota;c__Actinomycetia;o__Mycobacteriales;f__Mycobacteriaceae;g__Corynebacterium;s__Corynebacterium accolens,2019-09-19,BD,BHI + Tween
LK434,p3-SID879,GCF_025145255.1,KHID48,Healthy Skin,Umbilicus,Y,Y,Y,Corynebacterium,amycolatum,Corynebacterium amycolatum,d__Bacteria;p__Actinobacteriota;c__Actinomycetia;o__Mycobacteriales;f__Mycobacteriaceae;g__Corynebacterium;s__Corynebacterium amycolatum,2019-07-29,BH,BHI
LK444,p3-SID751,GCF_025146405.1,KHID32,Healthy Skin,Umbilicus,Y,Y,Y,Corynebacterium,amycolatum,Corynebacterium amycolatum,d__Bacteria;p__Actinobacteriota;c__Actinomycetia;o__Mycobacteriales;f__Mycobacteriaceae;g__Corynebacterium;s__Corynebacterium amycolatum_A,2019-07-26,BH,BHI
LK1348,p3-SID973,GCF_025144565.1,KHID94,Healthy Skin,Antecubital fossa,Y,Y,Y,Corynebacterium,appendicis,Corynebacterium appendicis,d__Bacteria;p__Actinobacteriota;c__Actinomycetia;o__Mycobacteriales;f__Mycobacteriaceae;g__Corynebacterium;s__Corynebacterium appendicis,2019-09-19,B,BHI + Tween
LK488,p3-SID752,GCF_025146395.1,KHID32,Healthy Skin,Umbilicus,Y,Y,Y,Corynebacterium,glucuronolyticum,Corynebacterium glucuronolyticum,d__Bacteria;p__Actinobacteriota;c__Actinomycetia;o__Mycobacteriales;f__Mycobacteriaceae;g__Corynebacterium;s__Corynebacterium glucuronolyticum,2019-07-26,BH,BHI
LK935,p3-SID1263,GCF_025143905.1,KHID102,Healthy Skin,Umbilicus,Y,Y,Y,Corynebacterium,glucuronolyticum,Corynebacterium glucuronolyticum,d__Bacteria;p__Actinobacteriota;c__Actinomycetia;o__Mycobacteriales;f__Mycobacteriaceae;g__Corynebacterium;s__Corynebacterium glucuronolyticum,2019-09-19,BD,BHI
LK1134,p3-SID1570,GCF_025151445.1,KHID122,Healthy Skin,Occiput,N,Y,Y,Corynebacterium,kefirresidentii,Corynebacterium kefirresidentii,d__Bacteria;p__Actinobacteriota;c__Actinomycetia;o__Mycobacteriales;f__Mycobacteriaceae;g__Corynebacterium;s__Corynebacterium kefirresidentii,2019-09-17,BD,BHI + Tween
LK930,p3-SID1220,GCA_025144085.1,KHID86,Healthy Skin,Antecubital fossa,N,Y,Y,Corynebacterium,mucifaciens,Corynebacterium mucifaciens,d__Bacteria;p__Actinobacteriota;c__Actinomycetia;o__Mycobacteriales;f__Mycobacteriaceae;g__Corynebacterium;s__Corynebacterium mucifaciens,2019-09-19,BT,BHI
LK561,p3-SID581,GCF_025147045.1,KHID67,Healthy Skin,Nares,Y,Y,Y,Corynebacterium,propinquum,Corynebacterium propinquum,d__Bacteria;p__Actinobacteriota;c__Actinomycetia;o__Mycobacteriales;f__Mycobacteriaceae;g__Corynebacterium;s__Corynebacterium propinquum,2019-07-26,BL,BHI
LK466,p3-SID763,GCF_025146355.1,KHID75,Healthy Skin,Nares,Y,Y,Y,Corynebacterium,pseudodiphtheriticum,Corynebacterium pseudodiphtheriticum,d__Bacteria;p__Actinobacteriota;c__Actinomycetia;o__Mycobacteriales;f__Mycobacteriaceae;g__Corynebacterium;s__Corynebacterium pseudodiphtheriticum,2019-07-29,BL,BHI
LK1030,p3-SID1430,GCF_025151585.1,KHID136,Healthy Skin,Alar crease,Y,Y,Y,Corynebacterium,sanguinis,Corynebacterium sanguinis,d__Bacteria;p__Actinobacteriota;c__Actinomycetia;o__Mycobacteriales;f__Mycobacteriaceae;g__Corynebacterium;s__Corynebacterium sanguinis,2019-09-16,B,BHI + Tween
LK1041,p3-SID1427,GCF_025149955.1,KHID133,Healthy Skin,Antecubital fossa,Y,Y,Y,Corynebacterium,sanguinis,Corynebacterium sanguinis,d__Bacteria;p__Actinobacteriota;c__Actinomycetia;o__Mycobacteriales;f__Mycobacteriaceae;g__Corynebacterium;s__Corynebacterium sanguinis,2019-09-16,B,BHI + Tween
LK1059,p3-SID1347,GCF_025152175.1,KHID143,Healthy Skin,Toe web space,Y,Y,Y,Corynebacterium,sanguinis,Corynebacterium sanguinis,d__Bacteria;p__Actinobacteriota;c__Actinomycetia;o__Mycobacteriales;f__Mycobacteriaceae;g__Corynebacterium;s__Corynebacterium sanguinis,2019-09-16,B,BHI + Tween
LK1239,p3-SID1042,GCF_025144435.1,KHID118,Healthy Skin,Umbilicus,Y,Y,Y,Corynebacterium,sanguinis,Corynebacterium sanguinis,d__Bacteria;p__Actinobacteriota;c__Actinomycetia;o__Mycobacteriales;f__Mycobacteriaceae;g__Corynebacterium;s__Corynebacterium sanguinis,2019-09-19,BD,BHI + Tween
LK1346,p3-SID982,GCF_025144605.1,KHID85,Healthy Skin,Volar forearm,Y,Y,Y,Corynebacterium,sanguinis,Corynebacterium sanguinis,d__Bacteria;p__Actinobacteriota;c__Actinomycetia;o__Mycobacteriales;f__Mycobacteriaceae;g__Corynebacterium;s__Corynebacterium sanguinis,2019-09-19,BT,BHI + Tween
LK1366,p3-SID1019,GCF_025152465.1,KHID116,Healthy Skin,Volar forearm,Y,Y,Y,Corynebacterium,sanguinis,Corynebacterium sanguinis,d__Bacteria;p__Actinobacteriota;c__Actinomycetia;o__Mycobacteriales;f__Mycobacteriaceae;g__Corynebacterium;s__Corynebacterium sanguinis,2019-09-19,BD,BHI + Tween
LK411,p3-SID870,GCF_025145405.1,KHID70,Healthy Skin,Volar forearm,Y,Y,Y,Corynebacterium,sanguinis,Corynebacterium sanguinis,d__Bacteria;p__Actinobacteriota;c__Actinomycetia;o__Mycobacteriales;f__Mycobacteriaceae;g__Corynebacterium;s__Corynebacterium sanguinis,2019-07-29,BL,BHI
LK519,p3-SID766,GCF_025146265.1,KHID78,Healthy Skin,Volar forearm,Y,Y,Y,Corynebacterium,sanguinis,Corynebacterium sanguinis,d__Bacteria;p__Actinobacteriota;c__Actinomycetia;o__Mycobacteriales;f__Mycobacteriaceae;g__Corynebacterium;s__Corynebacterium sanguinis,2019-07-29,BH,BHI
LK672,p3-SID845,GCF_025145725.1,KHID79,Healthy Skin,Antecubital fossa,Y,Y,Y,Corynebacterium,sanguinis,Corynebacterium sanguinis,d__Bacteria;p__Actinobacteriota;c__Actinomycetia;o__Mycobacteriales;f__Mycobacteriaceae;g__Corynebacterium;s__Corynebacterium sanguinis,2019-07-29,BH,BHI
LK687,p3-SID798,GCF_025146125.1,KHID74,Healthy Skin,Alar crease,Y,Y,Y,Corynebacterium,sanguinis,Corynebacterium sanguinis,d__Bacteria;p__Actinobacteriota;c__Actinomycetia;o__Mycobacteriales;f__Mycobacteriaceae;g__Corynebacterium;s__Corynebacterium sanguinis,2019-07-29,BH,BHI
LK871,p3-SID1306,GCF_025150005.1,KHID108,Healthy Skin,Volar forearm,Y,Y,Y,Corynebacterium,sanguinis,Corynebacterium sanguinis,d__Bacteria;p__Actinobacteriota;c__Actinomycetia;o__Mycobacteriales;f__Mycobacteriaceae;g__Corynebacterium;s__Corynebacterium sanguinis,2019-09-19,B,BHI
LK936,p3-SID1243,GCF_025143955.1,KHID112,Healthy Skin,Alar crease,Y,Y,Y,Corynebacterium,sanguinis,Corynebacterium sanguinis,d__Bacteria;p__Actinobacteriota;c__Actinomycetia;o__Mycobacteriales;f__Mycobacteriaceae;g__Corynebacterium;s__Corynebacterium sanguinis,2019-09-19,BD,BHI
LK942,p3-SID1246,GCF_025143945.1,KHID112,Healthy Skin,Alar crease,Y,Y,Y,Corynebacterium,sanguinis,Corynebacterium sanguinis,d__Bacteria;p__Actinobacteriota;c__Actinomycetia;o__Mycobacteriales;f__Mycobacteriaceae;g__Corynebacterium;s__Corynebacterium sanguinis,2019-09-19,BD,BHI
LK950,p3-SID1015,GCF_025152505.1,KHID115,Healthy Skin,Back,Y,Y,Y,Corynebacterium,sanguinis,Corynebacterium sanguinis,d__Bacteria;p__Actinobacteriota;c__Actinomycetia;o__Mycobacteriales;f__Mycobacteriaceae;g__Corynebacterium;s__Corynebacterium sanguinis,2019-09-19,B,BHI
LK955,p3-SID1244,GCF_025143995.1,KHID112,Healthy Skin,Alar crease,Y,Y,Y,Corynebacterium,sanguinis,Corynebacterium sanguinis,d__Bacteria;p__Actinobacteriota;c__Actinomycetia;o__Mycobacteriales;f__Mycobacteriaceae;g__Corynebacterium;s__Corynebacterium sanguinis,2019-09-19,BD,BHI
LK956,p3-SID1224,GCF_025144095.1,KHID117,Healthy Skin,Antecubital fossa,Y,Y,Y,Corynebacterium,sanguinis,Corynebacterium sanguinis,d__Bacteria;p__Actinobacteriota;c__Actinomycetia;o__Mycobacteriales;f__Mycobacteriaceae;g__Corynebacterium;s__Corynebacterium sanguinis,2019-09-19,B,BHI
LK1270,p3-SID1774,GCF_025150595.1,KHID135,Healthy Skin,Toe web space,N,Y,Y,Corynebacterium,sanguinis,Corynebacterium sanguinis,d__Bacteria;p__Actinobacteriota;c__Actinomycetia;o__Mycobacteriales;f__Mycobacteriaceae;g__Corynebacterium;s__Corynebacterium sanguinis,2019-09-17,B,BHI + Tween
LK1362,p3-SID1008,GCF_025152545.1,KHID115,Healthy Skin,Back,N,Y,Y,Corynebacterium,sanguinis,Corynebacterium sanguinis,d__Bacteria;p__Actinobacteriota;c__Actinomycetia;o__Mycobacteriales;f__Mycobacteriaceae;g__Corynebacterium;s__Corynebacterium sanguinis,2019-09-19,BT,BHI + Tween
LK951,p3-SID1062,GCF_025144365.1,KHID119,Healthy Skin,Toe web space,Y,Y,Y,Dietzia,cercidiphylli,Dietzia cercidiphylli,d__Bacteria;p__Actinobacteriota;c__Actinomycetia;o__Mycobacteriales;f__Mycobacteriaceae;g__Dietzia;s__Dietzia cercidiphylli,2019-09-19,B,BHI
LK1006,p3-SID1371,GCF_025151825.1,KHID144,Healthy Skin,Alar crease,Y,Y,Y,Dietzia,cinnamea,Dietzia cinnamea,d__Bacteria;p__Actinobacteriota;c__Actinomycetia;o__Mycobacteriales;f__Mycobacteriaceae;g__Dietzia;s__Dietzia cinnamea,2019-09-16,B,BHI + Tween
LK1031,p3-SID1363,GCF_025152095.1,KHID144,Healthy Skin,Alar crease,Y,Y,Y,Dietzia,cinnamea,Dietzia cinnamea,d__Bacteria;p__Actinobacteriota;c__Actinomycetia;o__Mycobacteriales;f__Mycobacteriaceae;g__Dietzia;s__Dietzia cinnamea,2019-09-16,B,BHI + Tween
LK1046,p3-SID1900,GCF_025149095.1,KHID147,Healthy Skin,Back,Y,Y,Y,Dietzia,cinnamea,Dietzia cinnamea,d__Bacteria;p__Actinobacteriota;c__Actinomycetia;o__Mycobacteriales;f__Mycobacteriaceae;g__Dietzia;s__Dietzia cinnamea,2019-09-17,B,BHI + Tween
LK1092,p3-SID1517,GCF_025151505.1,KHID143,Healthy Skin,Toe web space,Y,Y,Y,Dietzia,cinnamea,Dietzia cinnamea,d__Bacteria;p__Actinobacteriota;c__Actinomycetia;o__Mycobacteriales;f__Mycobacteriaceae;g__Dietzia;s__Dietzia cinnamea,2019-09-17,BD,BHI + Tween
LK1277,p3-SID1786,GCF_025150455.1,KHID148,Healthy Skin,Volar forearm,Y,Y,Y,Dietzia,cinnamea,Dietzia cinnamea,d__Bacteria;p__Actinobacteriota;c__Actinomycetia;o__Mycobacteriales;f__Mycobacteriaceae;g__Dietzia;s__Dietzia cinnamea,2019-09-17,B,BHI + Tween
LK1278,p3-SID1796,GCF_025150485.1,KHID149,Healthy Skin,Antecubital fossa,Y,Y,Y,Dietzia,cinnamea,Dietzia cinnamea,d__Bacteria;p__Actinobacteriota;c__Actinomycetia;o__Mycobacteriales;f__Mycobacteriaceae;g__Dietzia;s__Dietzia cinnamea,2019-09-17,BT,BHI + Tween
LK439,p3-SID800,GCF_025145915.1,KHID74,Healthy Skin,Alar crease,Y,Y,Y,Dietzia,cinnamea,Dietzia cinnamea,d__Bacteria;p__Actinobacteriota;c__Actinomycetia;o__Mycobacteriales;f__Mycobacteriaceae;g__Dietzia;s__Dietzia cinnamea,2019-07-29,BH,BHI
LK639,p3-SID826,GCF_025145775.1,KHID76,Healthy Skin,Occiput,Y,Y,Y,Dietzia,cinnamea,Dietzia cinnamea,d__Bacteria;p__Actinobacteriota;c__Actinomycetia;o__Mycobacteriales;f__Mycobacteriaceae;g__Dietzia;s__Dietzia cinnamea,2019-07-29,BH,BHI
LK984,p3-SID1378,GCF_025151785.1,KHID144,Healthy Skin,Alar crease,Y,Y,Y,Dietzia,cinnamea,Dietzia cinnamea,d__Bacteria;p__Actinobacteriota;c__Actinomycetia;o__Mycobacteriales;f__Mycobacteriaceae;g__Dietzia;s__Dietzia cinnamea,2019-09-16,B,BHI + Tween
LK975,p3-SID1379,GCF_025151765.1,KHID144,Healthy Skin,Alar crease,N,Y,Y,Dietzia,cinnamea,Dietzia cinnamea,d__Bacteria;p__Actinobacteriota;c__Actinomycetia;o__Mycobacteriales;f__Mycobacteriaceae;g__Dietzia;s__Dietzia cinnamea,2019-09-16,B,BHI + Tween
LK949,p3-SID1051,GCF_025144405.1,KHID119,Healthy Skin,Toe web space,Y,Y,Y,Dietzia,maris,Dietzia maris,d__Bacteria;p__Actinobacteriota;c__Actinomycetia;o__Mycobacteriales;f__Mycobacteriaceae;g__Dietzia;s__Dietzia maris,2019-09-19,BT,BHI
LK1054,p3-SID1431,GCF_025143765.1,KHID137,Healthy Skin,Nares,Y,Y,Y,Gordonia,sp002009645,Gordonia sp002009645,d__Bacteria;p__Actinobacteriota;c__Actinomycetia;o__Mycobacteriales;f__Mycobacteriaceae;g__Gordonia;s__Gordonia sp002009645,2019-09-16,B,BHI + Tween
LK1188,p3-SID1156,GCF_025144225.1,KHID89,Healthy Skin,Alar crease,Y,Y,Y,Aestuariimicrobium,spp.,Aestuariimicrobium spp.,d__Bacteria;p__Actinobacteriota;c__Actinomycetia;o__Propionibacteriales;f__Propionibacteriaceae;g__Aestuariimicrobium;s__,2019-09-19,BT,BHI + Tween
LK953,p3-SID1327,GCF_025143865.1,KHID81,Healthy Skin,Alar crease,N,Y,Y,Cutibacterium,avidum,Cutibacterium avidum,d__Bacteria;p__Actinobacteriota;c__Actinomycetia;o__Propionibacteriales;f__Propionibacteriaceae;g__Cutibacterium;s__Cutibacterium avidum,2019-09-19,BD,BHI
LK421,p3-SID743,GCF_025143605.1,KHID33,Healthy Skin,Toe web space,Y,Y,Y,Sphingobacterium,daejeonense,Sphingobacterium daejeonense,d__Bacteria;p__Bacteroidota;c__Bacteroidia;o__Sphingobacteriales;f__Sphingobacteriaceae;g__Sphingobacterium;s__Sphingobacterium daejeonense,2019-07-26,BL,BHI
LK485,p3-SID741,GCF_025143125.1,KHID33,Healthy Skin,Toe web space,Y,Y,Y,Sphingobacterium,hotanense,Sphingobacterium hotanense,d__Bacteria;p__Bacteroidota;c__Bacteroidia;o__Sphingobacteriales;f__Sphingobacteriaceae;g__Sphingobacterium;s__Sphingobacterium hotanense,2019-07-26,BL,BHI
LK716,p3-SID847,GCF_025145755.1,KHID79,Healthy Skin,Antecubital fossa,N,Y,Y,Lysinibacillus,capsici,Lysinibacillus capsici,d__Bacteria;p__Firmicutes;c__Bacilli;o__Bacillales_A;f__Planococcaceae;g__Lysinibacillus;s__Lysinibacillus capsici,2019-07-29,BH,BHI
LK464,p3-SID801,GCF_025142885.1,KHID74,Healthy Skin,Alar crease,Y,Y,Y,Peribacillus,frigoritolerans,Peribacillus frigoritolerans,d__Bacteria;p__Firmicutes;c__Bacilli;o__Bacillales_B;f__DSM-1321;g__Peribacillus;s__Peribacillus frigoritolerans,2019-07-29,BH,BHI
LK712,p3-SID844,GCF_025150115.1,KHID79,Healthy Skin,Antecubital fossa,Y,Y,Y,Niallia,taxi,Niallia taxi,d__Bacteria;p__Firmicutes;c__Bacilli;o__Bacillales_B;f__DSM-18226;g__Niallia;s__Niallia taxi,2019-07-29,BH,BHI
LK1172,p3-SID1628,GCF_025151205.1,KHID155,Healthy Skin,Back,Y,Y,Y,Oceanobacillus,kimchii,Oceanobacillus kimchii,d__Bacteria;p__Firmicutes;c__Bacilli;o__Bacillales_D;f__Amphibacillaceae;g__Oceanobacillus;s__Oceanobacillus kimchii,2019-09-17,BD,BHI + Tween
LK1204,p3-SID1692,GCF_025150805.1,KHID146,Healthy Skin,Occiput,Y,Y,Y,Granulicatella,adiacens,Granulicatella adiacens,d__Bacteria;p__Firmicutes;c__Bacilli;o__Lactobacillales;f__Aerococcaceae;g__Granulicatella;s__Granulicatella adiacens,2019-09-17,BD,BHI + Tween
LK405,p3-SID896,GCF_025150025.1,KHID64,Healthy Skin,Umbilicus,Y,Y,Y,Enterococcus,faecalis,Enterococcus faecalis,d__Bacteria;p__Firmicutes;c__Bacilli;o__Lactobacillales;f__Enterococcaceae;g__Enterococcus;s__Enterococcus faecalis,2019-07-29,BH,BHI
LK479,p3-SID867,GCF_025142895.1,KHID71,Healthy Skin,Antecubital fossa,N,Y,Y,Paenibacillus,sp001860525,Paenibacillus sp001860525,d__Bacteria;p__Firmicutes;c__Bacilli;o__Paenibacillales;f__Paenibacillaceae;g__Paenibacillus;s__Paenibacillus sp001860525,2019-07-29,BT,BHI
LK1034,p3-SID1389,GCF_025151705.1,KHID129,Healthy Skin,Nares,Y,Y,Y,Paenibacillus_A,sp000159955,Paenibacillus_A sp000159955,d__Bacteria;p__Firmicutes;c__Bacilli;o__Paenibacillales;f__Paenibacillaceae;g__Paenibacillus_A;s__Paenibacillus_A sp000159955,2019-09-16,BT,BHI + Tween
LK524,p3-SID654,GCF_025146865.1,KHID67,Healthy Skin,Nares,Y,Y,Y,Staphylococcus,aureus,Staphylococcus aureus,d__Bacteria;p__Firmicutes;c__Bacilli;o__Staphylococcales;f__Staphylococcaceae;g__Staphylococcus;s__Staphylococcus aureus,2019-07-26,BT,BHI
LK729,p3-SID1016,GCF_025152485.1,KHID115,Healthy Skin,Back,N,Y,Y,Staphylococcus,aureus,Staphylococcus aureus,d__Bacteria;p__Firmicutes;c__Bacilli;o__Staphylococcales;f__Staphylococcaceae;g__Staphylococcus;s__Staphylococcus aureus,2019-09-19,B,BHI
LK1255,p3-SID1731,GCF_025149525.1,KHID158,Healthy Skin,Umbilicus,Y,Y,Y,Staphylococcus,capitis,Staphylococcus capitis,d__Bacteria;p__Firmicutes;c__Bacilli;o__Staphylococcales;f__Staphylococcaceae;g__Staphylococcus;s__Staphylococcus capitis,2019-09-17,B,BHI + Tween
LK1116,p3-SID1603,GCF_025151305.1,KHID152,Healthy Skin,Alar crease,Y,Y,Y,Staphylococcus,epidermidis,Staphylococcus epidermidis,d__Bacteria;p__Firmicutes;c__Bacilli;o__Staphylococcales;f__Staphylococcaceae;g__Staphylococcus;s__Staphylococcus epidermidis,2019-09-17,BD,BHI + Tween
LK1136,p3-SID1655,GCF_025150995.1,KHID152,Healthy Skin,Alar crease,Y,Y,Y,Staphylococcus,epidermidis,Staphylococcus epidermidis,d__Bacteria;p__Firmicutes;c__Bacilli;o__Staphylococcales;f__Staphylococcaceae;g__Staphylococcus;s__Staphylococcus epidermidis,2019-09-17,BT,BHI + Tween
LK1137,p3-SID1661,GCF_025150965.1,KHID152,Healthy Skin,Alar crease,Y,Y,Y,Staphylococcus,epidermidis,Staphylococcus epidermidis,d__Bacteria;p__Firmicutes;c__Bacilli;o__Staphylococcales;f__Staphylococcaceae;g__Staphylococcus;s__Staphylococcus epidermidis,2019-09-17,B,BHI + Tween
LK470,p3-SID653,GCF_025146855.1,KHID67,Healthy Skin,Nares,Y,Y,Y,Staphylococcus,epidermidis,Staphylococcus epidermidis,d__Bacteria;p__Firmicutes;c__Bacilli;o__Staphylococcales;f__Staphylococcaceae;g__Staphylococcus;s__Staphylococcus epidermidis,2019-07-26,BT,BHI
LK523,p3-SID719,GCF_025146465.1,KHID44,Healthy Skin,Occiput,Y,Y,Y,Staphylococcus,epidermidis,Staphylococcus epidermidis,d__Bacteria;p__Firmicutes;c__Bacilli;o__Staphylococcales;f__Staphylococcaceae;g__Staphylococcus;s__Staphylococcus epidermidis,2019-07-26,BT,BHI
LK533,p3-SID791,GCF_025146105.1,KHID74,Healthy Skin,Alar crease,Y,Y,Y,Staphylococcus,epidermidis,Staphylococcus epidermidis,d__Bacteria;p__Firmicutes;c__Bacilli;o__Staphylococcales;f__Staphylococcaceae;g__Staphylococcus;s__Staphylococcus epidermidis,2019-07-29,BL,BHI
LK428,p3-SID721,GCF_025143205.1,KHID38,Healthy Skin,Volar forearm,Y,Y,Y,Staphylococcus,hominis,Staphylococcus hominis,d__Bacteria;p__Firmicutes;c__Bacilli;o__Staphylococcales;f__Staphylococcaceae;g__Staphylococcus;s__Staphylococcus hominis,2019-07-26,BT,BHI
LK417,p3-SID742,GCF_025143615.1,KHID33,Healthy Skin,Toe web space,N,Y,Y,Staphylococcus,hominis,Staphylococcus hominis,d__Bacteria;p__Firmicutes;c__Bacilli;o__Staphylococcales;f__Staphylococcaceae;g__Staphylococcus;s__Staphylococcus hominis,2019-07-26,BL,BHI
LK489,p3-SID760,GCF_025146345.1,KHID47,Healthy Skin,Antecubital fossa,Y,Y,Y,Staphylococcus,saprophyticus,Staphylococcus saprophyticus,d__Bacteria;p__Firmicutes;c__Bacilli;o__Staphylococcales;f__Staphylococcaceae;g__Staphylococcus;s__Staphylococcus saprophyticus,2019-07-26,BT,BHI
LK1015,p3-SID1418,GCF_025149985.1,KHID127,Healthy Skin,Toe web space,Y,Y,Y,Staphylococcus,urealyticus,Staphylococcus urealyticus,d__Bacteria;p__Firmicutes;c__Bacilli;o__Staphylococcales;f__Staphylococcaceae;g__Staphylococcus;s__Staphylococcus urealyticus,2019-09-16,BT,BHI + Tween
LK413,p3-SID855,GCF_025145625.1,KHID36,Healthy Skin,Occiput,Y,Y,Y,Staphylococcus,warneri,Staphylococcus warneri,d__Bacteria;p__Firmicutes;c__Bacilli;o__Staphylococcales;f__Staphylococcaceae;g__Staphylococcus;s__Staphylococcus warneri,2019-07-29,BL,BHI
LK617,p3-SID713,GCF_025146585.1,KHID48,Healthy Skin,Umbilicus,Y,Y,Y,Helcococcus,kunzii,Helcococcus kunzii,d__Bacteria;p__Firmicutes_A;c__Clostridia;o__Tissierellales;f__Peptoniphilaceae;g__Helcococcus;s__Helcococcus kunzii,2019-07-26,BL,BHI
LK494,p3-SID762,GCF_025143065.1,KHID35,Healthy Skin,Nares,Y,Y,Y,Citrobacter,freundii,Citrobacter freundii,d__Bacteria;p__Proteobacteria;c__Gammaproteobacteria;o__Enterobacterales;f__Enterobacteriaceae;g__Citrobacter;s__Citrobacter freundii,2019-07-29,BL,BHI
LK591,p3-SID886,GCF_025145145.1,KHID50,Healthy Skin,Alar crease,Y,Y,Y,Enterobacter,hormaechei_A,Enterobacter hormaechei_A,d__Bacteria;p__Proteobacteria;c__Gammaproteobacteria;o__Enterobacterales;f__Enterobacteriaceae;g__Enterobacter;s__Enterobacter hormaechei_A,2019-07-29,BH,BHI
LK1198,p3-SID1674,GCF_025150865.1,KHID136,Healthy Skin,Alar crease,Y,Y,Y,Escherichia,coli,Escherichia coli,d__Bacteria;p__Proteobacteria;c__Gammaproteobacteria;o__Enterobacterales;f__Enterobacteriaceae;g__Escherichia;s__Escherichia coli,2019-09-17,B,BHI + Tween
LK894,p3-SID1236,GCF_025144035.1,KHID111,Healthy Skin,Toe web space,N,Y,Y,Klebsiella,aerogenes,Klebsiella aerogenes,d__Bacteria;p__Proteobacteria;c__Gammaproteobacteria;o__Enterobacterales;f__Enterobacteriaceae;g__Klebsiella;s__Klebsiella aerogenes,2019-09-19,BT,BHI
LK583,p3-SID695,GCF_025146765.1,KHID43,Healthy Skin,Nares,Y,Y,Y,Klebsiella,pneumoniae,Klebsiella pneumoniae,d__Bacteria;p__Proteobacteria;c__Gammaproteobacteria;o__Enterobacterales;f__Enterobacteriaceae;g__Klebsiella;s__Klebsiella pneumoniae,2019-07-26,BH,BHI
LK1098,p3-SID1541,GCF_025149705.1,KHID153,Healthy Skin,Nares,Y,Y,Y,Morganella,morganii,Morganella morganii,d__Bacteria;p__Proteobacteria;c__Gammaproteobacteria;o__Enterobacterales;f__Enterobacteriaceae;g__Morganella;s__Morganella morganii,2019-09-17,B,BHI + Tween
LK570,p3-SID696,GCF_025146705.1,KHID43,Healthy Skin,Nares,Y,Y,Y,Raoultella,ornithinolytica,Raoultella ornithinolytica,d__Bacteria;p__Proteobacteria;c__Gammaproteobacteria;o__Enterobacterales;f__Enterobacteriaceae;g__Raoultella;s__Raoultella ornithinolytica,2019-07-26,BH,BHI