assembly_name	original_file_name	taxid	organism_name	strain	num_SCG_hits	uniq_SCG_hits	perc_comp	perc_redund
LK489	prepTG_DB/Genomic_Genbanks_Additional/LK489.gbk	NA	_	NA	14	14	87.50	0.00
LK1046	prepTG_DB/Genomic_Genbanks_Additional/LK1046.gbk	NA	_	NA	14	14	87.50	0.00
LK712	prepTG_DB/Genomic_Genbanks_Additional/LK712.gbk	NA	_	NA	14	14	87.50	0.00
LK945	prepTG_DB/Genomic_Genbanks_Additional/LK945.gbk	NA	_	NA	14	14	87.50	0.00
LK930	prepTG_DB/Genomic_Genbanks_Additional/LK930.gbk	NA	_	NA	14	14	87.50	0.00
LK1056	prepTG_DB/Genomic_Genbanks_Additional/LK1056.gbk	NA	_	NA	14	14	87.50	0.00
LK955	prepTG_DB/Genomic_Genbanks_Additional/LK955.gbk	NA	_	NA	14	14	87.50	0.00
LK522	prepTG_DB/Genomic_Genbanks_Additional/LK522.gbk	NA	_	NA	14	14	87.50	0.00
LK1026	prepTG_DB/Genomic_Genbanks_Additional/LK1026.gbk	NA	_	NA	14	14	87.50	0.00
LK1106	prepTG_DB/Genomic_Genbanks_Additional/LK1106.gbk	NA	_	NA	14	14	87.50	0.00
LK1015	prepTG_DB/Genomic_Genbanks_Additional/LK1015.gbk	NA	_	NA	14	14	87.50	0.00
SMGC_1	prepTG_DB/Genomic_Genbanks_Additional/SMGC_1.gbk	NA	_	NA	14	14	87.50	0.00
LK672	prepTG_DB/Genomic_Genbanks_Additional/LK672.gbk	NA	_	NA	14	14	87.50	0.00
LK488	prepTG_DB/Genomic_Genbanks_Additional/LK488.gbk	NA	_	NA	14	14	87.50	0.00
LK572	prepTG_DB/Genomic_Genbanks_Additional/LK572.gbk	NA	_	NA	14	14	87.50	0.00
LK904	prepTG_DB/Genomic_Genbanks_Additional/LK904.gbk	NA	_	NA	14	14	87.50	0.00
LK1045	prepTG_DB/Genomic_Genbanks_Additional/LK1045.gbk	NA	_	NA	14	14	87.50	0.00
LK639	prepTG_DB/Genomic_Genbanks_Additional/LK639.gbk	NA	_	NA	14	14	87.50	0.00
LK1055	prepTG_DB/Genomic_Genbanks_Additional/LK1055.gbk	NA	_	NA	14	14	87.50	0.00
LK705	prepTG_DB/Genomic_Genbanks_Additional/LK705.gbk	NA	_	NA	14	14	87.50	0.00
SMGC_139	prepTG_DB/Genomic_Genbanks_Additional/SMGC_139.gbk	NA	_	NA	14	14	87.50	0.00
LK953	prepTG_DB/Genomic_Genbanks_Additional/LK953.gbk	NA	_	NA	14	14	87.50	0.00
LK466	prepTG_DB/Genomic_Genbanks_Additional/LK466.gbk	NA	_	NA	14	14	87.50	0.00
LK519	prepTG_DB/Genomic_Genbanks_Additional/LK519.gbk	NA	_	NA	14	14	87.50	0.00
LK1093	prepTG_DB/Genomic_Genbanks_Additional/LK1093.gbk	NA	_	NA	14	14	87.50	0.00
LK538	prepTG_DB/Genomic_Genbanks_Additional/LK538.gbk	NA	_	NA	14	14	87.50	0.00
LK942	prepTG_DB/Genomic_Genbanks_Additional/LK942.gbk	NA	_	NA	14	14	87.50	0.00
LK485	prepTG_DB/Genomic_Genbanks_Additional/LK485.gbk	NA	_	NA	14	14	87.50	0.00
SMGC_138	prepTG_DB/Genomic_Genbanks_Additional/SMGC_138.gbk	NA	_	NA	14	14	87.50	0.00
LK984	prepTG_DB/Genomic_Genbanks_Additional/LK984.gbk	NA	_	NA	14	14	87.50	0.00
LK570	prepTG_DB/Genomic_Genbanks_Additional/LK570.gbk	NA	_	NA	14	14	87.50	0.00
LK1041	prepTG_DB/Genomic_Genbanks_Additional/LK1041.gbk	NA	_	NA	14	14	87.50	0.00
LK952	prepTG_DB/Genomic_Genbanks_Additional/LK952.gbk	NA	_	NA	14	14	87.50	0.00
LK1054	prepTG_DB/Genomic_Genbanks_Additional/LK1054.gbk	NA	_	NA	14	14	87.50	0.00
LK630	prepTG_DB/Genomic_Genbanks_Additional/LK630.gbk	NA	_	NA	14	14	87.50	0.00
LK894	prepTG_DB/Genomic_Genbanks_Additional/LK894.gbk	NA	_	NA	14	14	87.50	0.00
LK444	prepTG_DB/Genomic_Genbanks_Additional/LK444.gbk	NA	_	NA	14	12	87.50	12.50
LK1024	prepTG_DB/Genomic_Genbanks_Additional/LK1024.gbk	NA	_	NA	14	14	87.50	0.00
LK518	prepTG_DB/Genomic_Genbanks_Additional/LK518.gbk	NA	_	NA	14	14	87.50	0.00
LK941	prepTG_DB/Genomic_Genbanks_Additional/LK941.gbk	NA	_	NA	14	14	87.50	0.00
LK1012	prepTG_DB/Genomic_Genbanks_Additional/LK1012.gbk	NA	_	NA	14	14	87.50	0.00
LK1092	prepTG_DB/Genomic_Genbanks_Additional/LK1092.gbk	NA	_	NA	14	14	87.50	0.00
LK533	prepTG_DB/Genomic_Genbanks_Additional/LK533.gbk	NA	_	NA	14	14	87.50	0.00
LK591	prepTG_DB/Genomic_Genbanks_Additional/LK591.gbk	NA	_	NA	14	14	87.50	0.00
SMGC_137	prepTG_DB/Genomic_Genbanks_Additional/SMGC_137.gbk	NA	_	NA	14	14	87.50	0.00
LK1036	prepTG_DB/Genomic_Genbanks_Additional/LK1036.gbk	NA	_	NA	14	14	87.50	0.00
LK951	prepTG_DB/Genomic_Genbanks_Additional/LK951.gbk	NA	_	NA	14	14	87.50	0.00
LK443	prepTG_DB/Genomic_Genbanks_Additional/LK443.gbk	NA	_	NA	14	14	87.50	0.00
LK464	prepTG_DB/Genomic_Genbanks_Additional/LK464.gbk	NA	_	NA	14	14	87.50	0.00
SMGC_124	prepTG_DB/Genomic_Genbanks_Additional/SMGC_124.gbk	NA	_	NA	14	14	87.50	0.00
LK938	prepTG_DB/Genomic_Genbanks_Additional/LK938.gbk	NA	_	NA	14	14	87.50	0.00
LK479	prepTG_DB/Genomic_Genbanks_Additional/LK479.gbk	NA	_	NA	14	14	87.50	0.00
LK1009	prepTG_DB/Genomic_Genbanks_Additional/LK1009.gbk	NA	_	NA	14	14	87.50	0.00
LK1022	prepTG_DB/Genomic_Genbanks_Additional/LK1022.gbk	NA	_	NA	14	14	87.50	0.00
LK569	prepTG_DB/Genomic_Genbanks_Additional/LK569.gbk	NA	_	NA	14	14	87.50	0.00
LK1091	prepTG_DB/Genomic_Genbanks_Additional/LK1091.gbk	NA	_	NA	14	14	87.50	0.00
LK871	prepTG_DB/Genomic_Genbanks_Additional/LK871.gbk	NA	_	NA	14	14	87.50	0.00
LK1053	prepTG_DB/Genomic_Genbanks_Additional/LK1053.gbk	NA	_	NA	14	14	87.50	0.00
SMGC_136	prepTG_DB/Genomic_Genbanks_Additional/SMGC_136.gbk	NA	_	NA	0	0	0.00	0.00
LK1034	prepTG_DB/Genomic_Genbanks_Additional/LK1034.gbk	NA	_	NA	14	14	87.50	0.00
LK975	prepTG_DB/Genomic_Genbanks_Additional/LK975.gbk	NA	_	NA	14	14	87.50	0.00
SMGC_123	prepTG_DB/Genomic_Genbanks_Additional/SMGC_123.gbk	NA	_	NA	14	14	87.50	0.00
LK508	prepTG_DB/Genomic_Genbanks_Additional/LK508.gbk	NA	_	NA	14	14	87.50	0.00
LK936	prepTG_DB/Genomic_Genbanks_Additional/LK936.gbk	NA	_	NA	14	14	87.50	0.00
LK950	prepTG_DB/Genomic_Genbanks_Additional/LK950.gbk	NA	_	NA	14	14	87.50	0.00
LK1021	prepTG_DB/Genomic_Genbanks_Additional/LK1021.gbk	NA	_	NA	14	14	87.50	0.00
LK1099	prepTG_DB/Genomic_Genbanks_Additional/LK1099.gbk	NA	_	NA	14	14	87.50	0.00
LK1008	prepTG_DB/Genomic_Genbanks_Additional/LK1008.gbk	NA	_	NA	14	14	87.50	0.00
LK698	prepTG_DB/Genomic_Genbanks_Additional/LK698.gbk	NA	_	NA	14	14	87.50	0.00
LK1090	prepTG_DB/Genomic_Genbanks_Additional/LK1090.gbk	NA	_	NA	14	14	87.50	0.00
LK1073	prepTG_DB/Genomic_Genbanks_Additional/LK1073.gbk	NA	_	NA	14	14	87.50	0.00
LK792	prepTG_DB/Genomic_Genbanks_Additional/LK792.gbk	NA	_	NA	14	14	87.50	0.00
LK1116	prepTG_DB/Genomic_Genbanks_Additional/LK1116.gbk	NA	_	NA	14	14	87.50	0.00
LK617	prepTG_DB/Genomic_Genbanks_Additional/LK617.gbk	NA	_	NA	14	14	87.50	0.00
SMGC_135	prepTG_DB/Genomic_Genbanks_Additional/SMGC_135.gbk	NA	_	NA	4	4	25.00	0.00
SMGC_122	prepTG_DB/Genomic_Genbanks_Additional/SMGC_122.gbk	NA	_	NA	14	14	87.50	0.00
SMGC_131	prepTG_DB/Genomic_Genbanks_Additional/SMGC_131.gbk	NA	_	NA	14	14	87.50	0.00
LK1031	prepTG_DB/Genomic_Genbanks_Additional/LK1031.gbk	NA	_	NA	14	14	87.50	0.00
LK949	prepTG_DB/Genomic_Genbanks_Additional/LK949.gbk	NA	_	NA	14	14	87.50	0.00
LK478	prepTG_DB/Genomic_Genbanks_Additional/LK478.gbk	NA	_	NA	14	14	87.50	0.00
LK1098	prepTG_DB/Genomic_Genbanks_Additional/LK1098.gbk	NA	_	NA	14	14	87.50	0.00
LK1113	prepTG_DB/Genomic_Genbanks_Additional/LK1113.gbk	NA	_	NA	14	14	87.50	0.00
SMGC_117	prepTG_DB/Genomic_Genbanks_Additional/SMGC_117.gbk	NA	_	NA	14	14	87.50	0.00
LK561	prepTG_DB/Genomic_Genbanks_Additional/LK561.gbk	NA	_	NA	14	14	87.50	0.00
LK935	prepTG_DB/Genomic_Genbanks_Additional/LK935.gbk	NA	_	NA	14	14	87.50	0.00
LK441	prepTG_DB/Genomic_Genbanks_Additional/LK441.gbk	NA	_	NA	14	14	87.50	0.00
LK1019	prepTG_DB/Genomic_Genbanks_Additional/LK1019.gbk	NA	_	NA	14	14	87.50	0.00
LK729	prepTG_DB/Genomic_Genbanks_Additional/LK729.gbk	NA	_	NA	14	14	87.50	0.00
LK1072	prepTG_DB/Genomic_Genbanks_Additional/LK1072.gbk	NA	_	NA	14	14	87.50	0.00
SMGC_130	prepTG_DB/Genomic_Genbanks_Additional/SMGC_130.gbk	NA	_	NA	14	14	87.50	0.00
LK697	prepTG_DB/Genomic_Genbanks_Additional/LK697.gbk	NA	_	NA	14	14	87.50	0.00
SMGC_121	prepTG_DB/Genomic_Genbanks_Additional/SMGC_121.gbk	NA	_	NA	14	14	87.50	0.00
SMGC_134	prepTG_DB/Genomic_Genbanks_Additional/SMGC_134.gbk	NA	_	NA	14	14	87.50	0.00
LK1030	prepTG_DB/Genomic_Genbanks_Additional/LK1030.gbk	NA	_	NA	14	14	87.50	0.00
LK1085	prepTG_DB/Genomic_Genbanks_Additional/LK1085.gbk	NA	_	NA	14	14	87.50	0.00
SMGC_142	prepTG_DB/Genomic_Genbanks_Additional/SMGC_142.gbk	NA	_	NA	2	2	12.50	0.00
LK1006	prepTG_DB/Genomic_Genbanks_Additional/LK1006.gbk	NA	_	NA	14	14	87.50	0.00
LK1112	prepTG_DB/Genomic_Genbanks_Additional/LK1112.gbk	NA	_	NA	14	14	87.50	0.00
LK1018	prepTG_DB/Genomic_Genbanks_Additional/LK1018.gbk	NA	_	NA	14	14	87.50	0.00
LK470	prepTG_DB/Genomic_Genbanks_Additional/LK470.gbk	NA	_	NA	14	14	87.50	0.00
LK557	prepTG_DB/Genomic_Genbanks_Additional/LK557.gbk	NA	_	NA	14	14	87.50	0.00
LK719	prepTG_DB/Genomic_Genbanks_Additional/LK719.gbk	NA	_	NA	14	14	87.50	0.00
LK934	prepTG_DB/Genomic_Genbanks_Additional/LK934.gbk	NA	_	NA	14	14	87.50	0.00
LK1049	prepTG_DB/Genomic_Genbanks_Additional/LK1049.gbk	NA	_	NA	14	14	87.50	0.00
LK948	prepTG_DB/Genomic_Genbanks_Additional/LK948.gbk	NA	_	NA	14	14	87.50	0.00
LK960	prepTG_DB/Genomic_Genbanks_Additional/LK960.gbk	NA	_	NA	14	14	87.50	0.00
LK583	prepTG_DB/Genomic_Genbanks_Additional/LK583.gbk	NA	_	NA	14	14	87.50	0.00
SMGC_120	prepTG_DB/Genomic_Genbanks_Additional/SMGC_120.gbk	NA	_	NA	14	14	87.50	0.00
SMGC_13	prepTG_DB/Genomic_Genbanks_Additional/SMGC_13.gbk	NA	_	NA	14	14	87.50	0.00
SMGC_116	prepTG_DB/Genomic_Genbanks_Additional/SMGC_116.gbk	NA	_	NA	11	11	68.75	0.00
LK1027	prepTG_DB/Genomic_Genbanks_Additional/LK1027.gbk	NA	_	NA	14	14	87.50	0.00
SMGC_133	prepTG_DB/Genomic_Genbanks_Additional/SMGC_133.gbk	NA	_	NA	11	11	68.75	0.00
LK553	prepTG_DB/Genomic_Genbanks_Additional/LK553.gbk	NA	_	NA	14	14	87.50	0.00
SMGC_102	prepTG_DB/Genomic_Genbanks_Additional/SMGC_102.gbk	NA	_	NA	10	10	62.50	0.00
LK1059	prepTG_DB/Genomic_Genbanks_Additional/LK1059.gbk	NA	_	NA	14	14	87.50	0.00
SMGC_141	prepTG_DB/Genomic_Genbanks_Additional/SMGC_141.gbk	NA	_	NA	8	8	50.00	0.00
LK1082	prepTG_DB/Genomic_Genbanks_Additional/LK1082.gbk	NA	_	NA	14	13	87.50	6.25
LK1002	prepTG_DB/Genomic_Genbanks_Additional/LK1002.gbk	NA	_	NA	14	14	87.50	0.00
SMGC_129	prepTG_DB/Genomic_Genbanks_Additional/SMGC_129.gbk	NA	_	NA	14	14	87.50	0.00
LK716	prepTG_DB/Genomic_Genbanks_Additional/LK716.gbk	NA	_	NA	14	14	87.50	0.00
LK524	prepTG_DB/Genomic_Genbanks_Additional/LK524.gbk	NA	_	NA	14	14	87.50	0.00
LK956	prepTG_DB/Genomic_Genbanks_Additional/LK956.gbk	NA	_	NA	14	14	87.50	0.00
LK946	prepTG_DB/Genomic_Genbanks_Additional/LK946.gbk	NA	_	NA	14	14	87.50	0.00
LK687	prepTG_DB/Genomic_Genbanks_Additional/LK687.gbk	NA	_	NA	14	14	87.50	0.00
LK428	prepTG_DB/Genomic_Genbanks_Additional/LK428.gbk	NA	_	NA	14	14	87.50	0.00
LK661	prepTG_DB/Genomic_Genbanks_Additional/LK661.gbk	NA	_	NA	14	14	87.50	0.00
SMGC_12	prepTG_DB/Genomic_Genbanks_Additional/SMGC_12.gbk	NA	_	NA	14	14	87.50	0.00
LK455	prepTG_DB/Genomic_Genbanks_Additional/LK455.gbk	NA	_	NA	14	14	87.50	0.00
LK494	prepTG_DB/Genomic_Genbanks_Additional/LK494.gbk	NA	_	NA	14	14	87.50	0.00
SMGC_11	prepTG_DB/Genomic_Genbanks_Additional/SMGC_11.gbk	NA	_	NA	14	14	87.50	0.00
SMGC_140	prepTG_DB/Genomic_Genbanks_Additional/SMGC_140.gbk	NA	_	NA	14	14	87.50	0.00
SMGC_101	prepTG_DB/Genomic_Genbanks_Additional/SMGC_101.gbk	NA	_	NA	14	14	87.50	0.00
LK542	prepTG_DB/Genomic_Genbanks_Additional/LK542.gbk	NA	_	NA	14	14	87.50	0.00
SMGC_128	prepTG_DB/Genomic_Genbanks_Additional/SMGC_128.gbk	NA	_	NA	14	14	87.50	0.00
SMGC_115	prepTG_DB/Genomic_Genbanks_Additional/SMGC_115.gbk	NA	_	NA	14	14	87.50	0.00
SMGC_7	prepTG_DB/Genomic_Genbanks_Additional/SMGC_7.gbk	NA	_	NA	14	13	87.50	6.25
SMGC_99	prepTG_DB/Genomic_Genbanks_Additional/SMGC_99.gbk	NA	_	NA	14	14	87.50	0.00
LK523	prepTG_DB/Genomic_Genbanks_Additional/LK523.gbk	NA	_	NA	14	14	87.50	0.00
LK1250	prepTG_DB/Genomic_Genbanks_Additional/LK1250.gbk	NA	_	NA	14	14	87.50	0.00
LK413	prepTG_DB/Genomic_Genbanks_Additional/LK413.gbk	NA	_	NA	14	14	87.50	0.00
LK1350	prepTG_DB/Genomic_Genbanks_Additional/LK1350.gbk	NA	_	NA	14	14	87.50	0.00
LK1277	prepTG_DB/Genomic_Genbanks_Additional/LK1277.gbk	NA	_	NA	14	14	87.50	0.00
LK467	prepTG_DB/Genomic_Genbanks_Additional/LK467.gbk	NA	_	NA	14	14	87.50	0.00
SMGC_15	prepTG_DB/Genomic_Genbanks_Additional/SMGC_15.gbk	NA	_	NA	14	14	87.50	0.00
SMGC_119	prepTG_DB/Genomic_Genbanks_Additional/SMGC_119.gbk	NA	_	NA	14	14	87.50	0.00
LK1145	prepTG_DB/Genomic_Genbanks_Additional/LK1145.gbk	NA	_	NA	14	14	87.50	0.00
LK1366	prepTG_DB/Genomic_Genbanks_Additional/LK1366.gbk	NA	_	NA	14	14	87.50	0.00
LK1188	prepTG_DB/Genomic_Genbanks_Additional/LK1188.gbk	NA	_	NA	14	14	87.50	0.00
SMGC_109	prepTG_DB/Genomic_Genbanks_Additional/SMGC_109.gbk	NA	_	NA	5	5	31.25	0.00
SMGC_127	prepTG_DB/Genomic_Genbanks_Additional/SMGC_127.gbk	NA	_	NA	14	14	87.50	0.00
SMGC_132	prepTG_DB/Genomic_Genbanks_Additional/SMGC_132.gbk	NA	_	NA	14	14	87.50	0.00
SMGC_91	prepTG_DB/Genomic_Genbanks_Additional/SMGC_91.gbk	NA	_	NA	14	14	87.50	0.00
LK1390	prepTG_DB/Genomic_Genbanks_Additional/LK1390.gbk	NA	_	NA	14	14	87.50	0.00
SMGC_100	prepTG_DB/Genomic_Genbanks_Additional/SMGC_100.gbk	NA	_	NA	14	14	87.50	0.00
SMGC_149	prepTG_DB/Genomic_Genbanks_Additional/SMGC_149.gbk	NA	_	NA	2	2	12.50	0.00
SMGC_69	prepTG_DB/Genomic_Genbanks_Additional/SMGC_69.gbk	NA	_	NA	14	14	87.50	0.00
SMGC_594	prepTG_DB/Genomic_Genbanks_Additional/SMGC_594.gbk	NA	_	NA	13	13	81.25	0.00
SMGC_114	prepTG_DB/Genomic_Genbanks_Additional/SMGC_114.gbk	NA	_	NA	14	14	87.50	0.00
SMGC_77	prepTG_DB/Genomic_Genbanks_Additional/SMGC_77.gbk	NA	_	NA	14	14	87.50	0.00
LK426	prepTG_DB/Genomic_Genbanks_Additional/LK426.gbk	NA	_	NA	14	14	87.50	0.00
SMGC_14	prepTG_DB/Genomic_Genbanks_Additional/SMGC_14.gbk	NA	_	NA	14	14	87.50	0.00
SMGC_98	prepTG_DB/Genomic_Genbanks_Additional/SMGC_98.gbk	NA	_	NA	14	14	87.50	0.00
SMGC_600	prepTG_DB/Genomic_Genbanks_Additional/SMGC_600.gbk	NA	_	NA	0	0	0.00	0.00
SMGC_126	prepTG_DB/Genomic_Genbanks_Additional/SMGC_126.gbk	NA	_	NA	14	14	87.50	0.00
LK1348	prepTG_DB/Genomic_Genbanks_Additional/LK1348.gbk	NA	_	NA	14	14	87.50	0.00
LK1275	prepTG_DB/Genomic_Genbanks_Additional/LK1275.gbk	NA	_	NA	14	14	87.50	0.00
SMGC_108	prepTG_DB/Genomic_Genbanks_Additional/SMGC_108.gbk	NA	_	NA	14	14	87.50	0.00
LK1363	prepTG_DB/Genomic_Genbanks_Additional/LK1363.gbk	NA	_	NA	14	14	87.50	0.00
LK1311	prepTG_DB/Genomic_Genbanks_Additional/LK1311.gbk	NA	_	NA	14	14	87.50	0.00
SMGC_10	prepTG_DB/Genomic_Genbanks_Additional/SMGC_10.gbk	NA	_	NA	14	14	87.50	0.00
LK1176	prepTG_DB/Genomic_Genbanks_Additional/LK1176.gbk	NA	_	NA	14	14	87.50	0.00
SMGC_84	prepTG_DB/Genomic_Genbanks_Additional/SMGC_84.gbk	NA	_	NA	14	14	87.50	0.00
SMGC_118	prepTG_DB/Genomic_Genbanks_Additional/SMGC_118.gbk	NA	_	NA	13	13	81.25	0.00
LK1231	prepTG_DB/Genomic_Genbanks_Additional/LK1231.gbk	NA	_	NA	14	14	87.50	0.00
LK1386	prepTG_DB/Genomic_Genbanks_Additional/LK1386.gbk	NA	_	NA	14	14	87.50	0.00
SMGC_90	prepTG_DB/Genomic_Genbanks_Additional/SMGC_90.gbk	NA	_	NA	14	14	87.50	0.00
LK1404	prepTG_DB/Genomic_Genbanks_Additional/LK1404.gbk	NA	_	NA	14	14	87.50	0.00
SMGC_587	prepTG_DB/Genomic_Genbanks_Additional/SMGC_587.gbk	NA	_	NA	6	6	37.50	0.00
LK411	prepTG_DB/Genomic_Genbanks_Additional/LK411.gbk	NA	_	NA	14	14	87.50	0.00
SMGC_148	prepTG_DB/Genomic_Genbanks_Additional/SMGC_148.gbk	NA	_	NA	10	10	62.50	0.00
SMGC_60	prepTG_DB/Genomic_Genbanks_Additional/SMGC_60.gbk	NA	_	NA	9	9	56.25	0.00
SMGC_593	prepTG_DB/Genomic_Genbanks_Additional/SMGC_593.gbk	NA	_	NA	7	7	43.75	0.00
LK421	prepTG_DB/Genomic_Genbanks_Additional/LK421.gbk	NA	_	NA	14	14	87.50	0.00
LK1118	prepTG_DB/Genomic_Genbanks_Additional/LK1118.gbk	NA	_	NA	14	14	87.50	0.00
SMGC_615	prepTG_DB/Genomic_Genbanks_Additional/SMGC_615.gbk	NA	_	NA	14	14	87.50	0.00
SMGC_76	prepTG_DB/Genomic_Genbanks_Additional/SMGC_76.gbk	NA	_	NA	14	14	87.50	0.00
SMGC_113	prepTG_DB/Genomic_Genbanks_Additional/SMGC_113.gbk	NA	_	NA	2	2	12.50	0.00
SMGC_107	prepTG_DB/Genomic_Genbanks_Additional/SMGC_107.gbk	NA	_	NA	5	5	31.25	0.00
SMGC_68	prepTG_DB/Genomic_Genbanks_Additional/SMGC_68.gbk	NA	_	NA	14	14	87.50	0.00
SMGC_125	prepTG_DB/Genomic_Genbanks_Additional/SMGC_125.gbk	NA	_	NA	14	14	87.50	0.00
LK1347	prepTG_DB/Genomic_Genbanks_Additional/LK1347.gbk	NA	_	NA	14	14	87.50	0.00
LK439	prepTG_DB/Genomic_Genbanks_Additional/LK439.gbk	NA	_	NA	14	14	87.50	0.00
SMGC_97	prepTG_DB/Genomic_Genbanks_Additional/SMGC_97.gbk	NA	_	NA	14	14	87.50	0.00
LK1274	prepTG_DB/Genomic_Genbanks_Additional/LK1274.gbk	NA	_	NA	14	14	87.50	0.00
SMGC_83	prepTG_DB/Genomic_Genbanks_Additional/SMGC_83.gbk	NA	_	NA	14	14	87.50	0.00
LK1306	prepTG_DB/Genomic_Genbanks_Additional/LK1306.gbk	NA	_	NA	14	14	87.50	0.00
LK1224	prepTG_DB/Genomic_Genbanks_Additional/LK1224.gbk	NA	_	NA	14	14	87.50	0.00
LK1362	prepTG_DB/Genomic_Genbanks_Additional/LK1362.gbk	NA	_	NA	14	14	87.50	0.00
SMGC_9	prepTG_DB/Genomic_Genbanks_Additional/SMGC_9.gbk	NA	_	NA	13	13	81.25	0.00
LK1263	prepTG_DB/Genomic_Genbanks_Additional/LK1263.gbk	NA	_	NA	14	14	87.50	0.00
LK1173	prepTG_DB/Genomic_Genbanks_Additional/LK1173.gbk	NA	_	NA	14	14	87.50	0.00
SMGC_614	prepTG_DB/Genomic_Genbanks_Additional/SMGC_614.gbk	NA	_	NA	0	0	0.00	0.00
LK1384	prepTG_DB/Genomic_Genbanks_Additional/LK1384.gbk	NA	_	NA	14	14	87.50	0.00
SMGC_106	prepTG_DB/Genomic_Genbanks_Additional/SMGC_106.gbk	NA	_	NA	10	10	62.50	0.00
SMGC_586	prepTG_DB/Genomic_Genbanks_Additional/SMGC_586.gbk	NA	_	NA	13	11	81.25	12.50
SMGC_622	prepTG_DB/Genomic_Genbanks_Additional/SMGC_622.gbk	NA	_	NA	14	14	87.50	0.00
SMGC_112	prepTG_DB/Genomic_Genbanks_Additional/SMGC_112.gbk	NA	_	NA	0	0	0.00	0.00
SMGC_592	prepTG_DB/Genomic_Genbanks_Additional/SMGC_592.gbk	NA	_	NA	9	9	56.25	0.00
SMGC_75	prepTG_DB/Genomic_Genbanks_Additional/SMGC_75.gbk	NA	_	NA	14	14	87.50	0.00
LK1346	prepTG_DB/Genomic_Genbanks_Additional/LK1346.gbk	NA	_	NA	14	14	87.50	0.00
SMGC_608	prepTG_DB/Genomic_Genbanks_Additional/SMGC_608.gbk	NA	_	NA	14	14	87.50	0.00
SMGC_147	prepTG_DB/Genomic_Genbanks_Additional/SMGC_147.gbk	NA	_	NA	0	0	0.00	0.00
LK1117	prepTG_DB/Genomic_Genbanks_Additional/LK1117.gbk	NA	_	NA	14	14	87.50	0.00
SMGC_6	prepTG_DB/Genomic_Genbanks_Additional/SMGC_6.gbk	NA	_	NA	14	14	87.50	0.00
SMGC_613	prepTG_DB/Genomic_Genbanks_Additional/SMGC_613.gbk	NA	_	NA	11	11	68.75	0.00
SMGC_82	prepTG_DB/Genomic_Genbanks_Additional/SMGC_82.gbk	NA	_	NA	14	14	87.50	0.00
SMGC_96	prepTG_DB/Genomic_Genbanks_Additional/SMGC_96.gbk	NA	_	NA	14	14	87.50	0.00
LK434	prepTG_DB/Genomic_Genbanks_Additional/LK434.gbk	NA	_	NA	14	14	87.50	0.00
LK1302	prepTG_DB/Genomic_Genbanks_Additional/LK1302.gbk	NA	_	NA	14	14	87.50	0.00
LK1246	prepTG_DB/Genomic_Genbanks_Additional/LK1246.gbk	NA	_	NA	14	14	87.50	0.00
SMGC_621	prepTG_DB/Genomic_Genbanks_Additional/SMGC_621.gbk	NA	_	NA	14	14	87.50	0.00
LK1208	prepTG_DB/Genomic_Genbanks_Additional/LK1208.gbk	NA	_	NA	14	14	87.50	0.00
LK419	prepTG_DB/Genomic_Genbanks_Additional/LK419.gbk	NA	_	NA	14	14	87.50	0.00
SMGC_89	prepTG_DB/Genomic_Genbanks_Additional/SMGC_89.gbk	NA	_	NA	14	12	87.50	12.50
LK1172	prepTG_DB/Genomic_Genbanks_Additional/LK1172.gbk	NA	_	NA	14	14	87.50	0.00
SMGC_105	prepTG_DB/Genomic_Genbanks_Additional/SMGC_105.gbk	NA	_	NA	14	14	87.50	0.00
LK409	prepTG_DB/Genomic_Genbanks_Additional/LK409.gbk	NA	_	NA	14	14	87.50	0.00
LK1383	prepTG_DB/Genomic_Genbanks_Additional/LK1383.gbk	NA	_	NA	14	14	87.50	0.00
SMGC_111	prepTG_DB/Genomic_Genbanks_Additional/SMGC_111.gbk	NA	_	NA	1	1	6.25	0.00
SMGC_585	prepTG_DB/Genomic_Genbanks_Additional/SMGC_585.gbk	NA	_	NA	12	12	75.00	0.00
SMGC_146	prepTG_DB/Genomic_Genbanks_Additional/SMGC_146.gbk	NA	_	NA	2	2	12.50	0.00
SMGC_74	prepTG_DB/Genomic_Genbanks_Additional/SMGC_74.gbk	NA	_	NA	14	14	87.50	0.00
SMGC_67	prepTG_DB/Genomic_Genbanks_Additional/SMGC_67.gbk	NA	_	NA	14	12	87.50	12.50
LK1337	prepTG_DB/Genomic_Genbanks_Additional/LK1337.gbk	NA	_	NA	14	14	87.50	0.00
LK1270	prepTG_DB/Genomic_Genbanks_Additional/LK1270.gbk	NA	_	NA	14	14	87.50	0.00
SMGC_612	prepTG_DB/Genomic_Genbanks_Additional/SMGC_612.gbk	NA	_	NA	9	9	56.25	0.00
SMGC_153	prepTG_DB/Genomic_Genbanks_Additional/SMGC_153.gbk	NA	_	NA	10	9	62.50	6.25
LK1207	prepTG_DB/Genomic_Genbanks_Additional/LK1207.gbk	NA	_	NA	14	14	87.50	0.00
SMGC_81	prepTG_DB/Genomic_Genbanks_Additional/SMGC_81.gbk	NA	_	NA	14	14	87.50	0.00
SMGC_599	prepTG_DB/Genomic_Genbanks_Additional/SMGC_599.gbk	NA	_	NA	7	7	43.75	0.00
SMGC_620	prepTG_DB/Genomic_Genbanks_Additional/SMGC_620.gbk	NA	_	NA	3	3	18.75	0.00
SMGC_110	prepTG_DB/Genomic_Genbanks_Additional/SMGC_110.gbk	NA	_	NA	14	14	87.50	0.00
SMGC_591	prepTG_DB/Genomic_Genbanks_Additional/SMGC_591.gbk	NA	_	NA	7	7	43.75	0.00
LK417	prepTG_DB/Genomic_Genbanks_Additional/LK417.gbk	NA	_	NA	14	14	87.50	0.00
LK1257	prepTG_DB/Genomic_Genbanks_Additional/LK1257.gbk	NA	_	NA	14	14	87.50	0.00
LK1358	prepTG_DB/Genomic_Genbanks_Additional/LK1358.gbk	NA	_	NA	14	14	87.50	0.00
SMGC_95	prepTG_DB/Genomic_Genbanks_Additional/SMGC_95.gbk	NA	_	NA	14	14	87.50	0.00
SMGC_607	prepTG_DB/Genomic_Genbanks_Additional/SMGC_607.gbk	NA	_	NA	14	14	87.50	0.00
LK408	prepTG_DB/Genomic_Genbanks_Additional/LK408.gbk	NA	_	NA	14	14	87.50	0.00
LK1382	prepTG_DB/Genomic_Genbanks_Additional/LK1382.gbk	NA	_	NA	14	14	87.50	0.00
SMGC_88	prepTG_DB/Genomic_Genbanks_Additional/SMGC_88.gbk	NA	_	NA	14	14	87.50	0.00
SMGC_145	prepTG_DB/Genomic_Genbanks_Additional/SMGC_145.gbk	NA	_	NA	14	14	87.50	0.00
LK1301	prepTG_DB/Genomic_Genbanks_Additional/LK1301.gbk	NA	_	NA	14	14	87.50	0.00
LK1137	prepTG_DB/Genomic_Genbanks_Additional/LK1137.gbk	NA	_	NA	14	14	87.50	0.00
SMGC_611	prepTG_DB/Genomic_Genbanks_Additional/SMGC_611.gbk	NA	_	NA	0	0	0.00	0.00
SMGC_104	prepTG_DB/Genomic_Genbanks_Additional/SMGC_104.gbk	NA	_	NA	14	14	87.50	0.00
LK1335	prepTG_DB/Genomic_Genbanks_Additional/LK1335.gbk	NA	_	NA	14	14	87.50	0.00
SMGC_62	prepTG_DB/Genomic_Genbanks_Additional/SMGC_62.gbk	NA	_	NA	5	5	31.25	0.00
SMGC_73	prepTG_DB/Genomic_Genbanks_Additional/SMGC_73.gbk	NA	_	NA	14	14	87.50	0.00
SMGC_584	prepTG_DB/Genomic_Genbanks_Additional/SMGC_584.gbk	NA	_	NA	9	9	56.25	0.00
SMGC_66	prepTG_DB/Genomic_Genbanks_Additional/SMGC_66.gbk	NA	_	NA	11	11	68.75	0.00
SMGC_152	prepTG_DB/Genomic_Genbanks_Additional/SMGC_152.gbk	NA	_	NA	14	14	87.50	0.00
SMGC_598	prepTG_DB/Genomic_Genbanks_Additional/SMGC_598.gbk	NA	_	NA	13	13	81.25	0.00
SMGC_80	prepTG_DB/Genomic_Genbanks_Additional/SMGC_80.gbk	NA	_	NA	14	14	87.50	0.00
SMGC_58	prepTG_DB/Genomic_Genbanks_Additional/SMGC_58.gbk	NA	_	NA	14	14	87.50	0.00
SMGC_590	prepTG_DB/Genomic_Genbanks_Additional/SMGC_590.gbk	NA	_	NA	14	14	87.50	0.00
LK430	prepTG_DB/Genomic_Genbanks_Additional/LK430.gbk	NA	_	NA	14	14	87.50	0.00
LK1352	prepTG_DB/Genomic_Genbanks_Additional/LK1352.gbk	NA	_	NA	14	14	87.50	0.00
SMGC_606	prepTG_DB/Genomic_Genbanks_Additional/SMGC_606.gbk	NA	_	NA	14	14	87.50	0.00
SMGC_103	prepTG_DB/Genomic_Genbanks_Additional/SMGC_103.gbk	NA	_	NA	14	14	87.50	0.00
SMGC_610	prepTG_DB/Genomic_Genbanks_Additional/SMGC_610.gbk	NA	_	NA	5	5	31.25	0.00
SMGC_94	prepTG_DB/Genomic_Genbanks_Additional/SMGC_94.gbk	NA	_	NA	14	14	87.50	0.00
LK1380	prepTG_DB/Genomic_Genbanks_Additional/LK1380.gbk	NA	_	NA	14	14	87.50	0.00
LK1136	prepTG_DB/Genomic_Genbanks_Additional/LK1136.gbk	NA	_	NA	14	14	87.50	0.00
LK405	prepTG_DB/Genomic_Genbanks_Additional/LK405.gbk	NA	_	NA	14	14	87.50	0.00
SMGC_87	prepTG_DB/Genomic_Genbanks_Additional/SMGC_87.gbk	NA	_	NA	14	14	87.50	0.00
LK1289	prepTG_DB/Genomic_Genbanks_Additional/LK1289.gbk	NA	_	NA	14	14	87.50	0.00
LK1334	prepTG_DB/Genomic_Genbanks_Additional/LK1334.gbk	NA	_	NA	14	14	87.50	0.00
LK1279	prepTG_DB/Genomic_Genbanks_Additional/LK1279.gbk	NA	_	NA	14	14	87.50	0.00
SMGC_619	prepTG_DB/Genomic_Genbanks_Additional/SMGC_619.gbk	NA	_	NA	0	0	0.00	0.00
SMGC_72	prepTG_DB/Genomic_Genbanks_Additional/SMGC_72.gbk	NA	_	NA	14	14	87.50	0.00
LK1204	prepTG_DB/Genomic_Genbanks_Additional/LK1204.gbk	NA	_	NA	14	14	87.50	0.00
SMGC_59	prepTG_DB/Genomic_Genbanks_Additional/SMGC_59.gbk	NA	_	NA	0	0	0.00	0.00
SMGC_65	prepTG_DB/Genomic_Genbanks_Additional/SMGC_65.gbk	NA	_	NA	14	14	87.50	0.00
SMGC_144	prepTG_DB/Genomic_Genbanks_Additional/SMGC_144.gbk	NA	_	NA	14	14	87.50	0.00
SMGC_605	prepTG_DB/Genomic_Genbanks_Additional/SMGC_605.gbk	NA	_	NA	14	14	87.50	0.00
SMGC_597	prepTG_DB/Genomic_Genbanks_Additional/SMGC_597.gbk	NA	_	NA	1	1	6.25	0.00
SMGC_151	prepTG_DB/Genomic_Genbanks_Additional/SMGC_151.gbk	NA	_	NA	14	14	87.50	0.00
SMGC_583	prepTG_DB/Genomic_Genbanks_Additional/SMGC_583.gbk	NA	_	NA	2	2	12.50	0.00
SMGC_413	prepTG_DB/Genomic_Genbanks_Additional/SMGC_413.gbk	NA	_	NA	2	2	12.50	0.00
LK1239	prepTG_DB/Genomic_Genbanks_Additional/LK1239.gbk	NA	_	NA	14	14	87.50	0.00
LK1393	prepTG_DB/Genomic_Genbanks_Additional/LK1393.gbk	NA	_	NA	14	14	87.50	0.00
LK1134	prepTG_DB/Genomic_Genbanks_Additional/LK1134.gbk	NA	_	NA	14	14	87.50	0.00
SMGC_392	prepTG_DB/Genomic_Genbanks_Additional/SMGC_392.gbk	NA	_	NA	14	13	87.50	6.25
LK402	prepTG_DB/Genomic_Genbanks_Additional/LK402.gbk	NA	_	NA	14	14	87.50	0.00
LK1379	prepTG_DB/Genomic_Genbanks_Additional/LK1379.gbk	NA	_	NA	14	14	87.50	0.00
SMGC_8	prepTG_DB/Genomic_Genbanks_Additional/SMGC_8.gbk	NA	_	NA	14	14	87.50	0.00
SMGC_93	prepTG_DB/Genomic_Genbanks_Additional/SMGC_93.gbk	NA	_	NA	14	14	87.50	0.00
SMGC_86	prepTG_DB/Genomic_Genbanks_Additional/SMGC_86.gbk	NA	_	NA	14	14	87.50	0.00
SMGC_61	prepTG_DB/Genomic_Genbanks_Additional/SMGC_61.gbk	NA	_	NA	14	13	87.50	6.25
LK1351	prepTG_DB/Genomic_Genbanks_Additional/LK1351.gbk	NA	_	NA	14	14	87.50	0.00
LK1255	prepTG_DB/Genomic_Genbanks_Additional/LK1255.gbk	NA	_	NA	14	14	87.50	0.00
SMGC_579	prepTG_DB/Genomic_Genbanks_Additional/SMGC_579.gbk	NA	_	NA	9	9	56.25	0.00
SMGC_572	prepTG_DB/Genomic_Genbanks_Additional/SMGC_572.gbk	NA	_	NA	14	14	87.50	0.00
LK1330	prepTG_DB/Genomic_Genbanks_Additional/LK1330.gbk	NA	_	NA	14	14	87.50	0.00
SMGC_618	prepTG_DB/Genomic_Genbanks_Additional/SMGC_618.gbk	NA	_	NA	1	1	6.25	0.00
SMGC_604	prepTG_DB/Genomic_Genbanks_Additional/SMGC_604.gbk	NA	_	NA	10	10	62.50	0.00
LK1198	prepTG_DB/Genomic_Genbanks_Additional/LK1198.gbk	NA	_	NA	14	14	87.50	0.00
LK1278	prepTG_DB/Genomic_Genbanks_Additional/LK1278.gbk	NA	_	NA	14	14	87.50	0.00
SMGC_79	prepTG_DB/Genomic_Genbanks_Additional/SMGC_79.gbk	NA	_	NA	14	14	87.50	0.00
SMGC_64	prepTG_DB/Genomic_Genbanks_Additional/SMGC_64.gbk	NA	_	NA	11	11	68.75	0.00
SMGC_514	prepTG_DB/Genomic_Genbanks_Additional/SMGC_514.gbk	NA	_	NA	11	11	68.75	0.00
LK1237	prepTG_DB/Genomic_Genbanks_Additional/LK1237.gbk	NA	_	NA	14	14	87.50	0.00
SMGC_150	prepTG_DB/Genomic_Genbanks_Additional/SMGC_150.gbk	NA	_	NA	9	9	56.25	0.00
LK1252	prepTG_DB/Genomic_Genbanks_Additional/LK1252.gbk	NA	_	NA	14	14	87.50	0.00
SMGC_71	prepTG_DB/Genomic_Genbanks_Additional/SMGC_71.gbk	NA	_	NA	14	14	87.50	0.00
LK1128	prepTG_DB/Genomic_Genbanks_Additional/LK1128.gbk	NA	_	NA	14	14	87.50	0.00
SMGC_521	prepTG_DB/Genomic_Genbanks_Additional/SMGC_521.gbk	NA	_	NA	0	0	0.00	0.00
SMGC_578	prepTG_DB/Genomic_Genbanks_Additional/SMGC_578.gbk	NA	_	NA	14	14	87.50	0.00
SMGC_550	prepTG_DB/Genomic_Genbanks_Additional/SMGC_550.gbk	NA	_	NA	14	14	87.50	0.00
SMGC_603	prepTG_DB/Genomic_Genbanks_Additional/SMGC_603.gbk	NA	_	NA	10	10	62.50	0.00
LK1147	prepTG_DB/Genomic_Genbanks_Additional/LK1147.gbk	NA	_	NA	14	14	87.50	0.00
SMGC_565	prepTG_DB/Genomic_Genbanks_Additional/SMGC_565.gbk	NA	_	NA	8	7	50.00	6.25
SMGC_617	prepTG_DB/Genomic_Genbanks_Additional/SMGC_617.gbk	NA	_	NA	14	14	87.50	0.00
SMGC_85	prepTG_DB/Genomic_Genbanks_Additional/SMGC_85.gbk	NA	_	NA	14	14	87.50	0.00
SMGC_143	prepTG_DB/Genomic_Genbanks_Additional/SMGC_143.gbk	NA	_	NA	14	14	87.50	0.00
SMGC_92	prepTG_DB/Genomic_Genbanks_Additional/SMGC_92.gbk	NA	_	NA	14	14	87.50	0.00
SMGC_457	prepTG_DB/Genomic_Genbanks_Additional/SMGC_457.gbk	NA	_	NA	14	14	87.50	0.00
SMGC_582	prepTG_DB/Genomic_Genbanks_Additional/SMGC_582.gbk	NA	_	NA	14	14	87.50	0.00
SMGC_4	prepTG_DB/Genomic_Genbanks_Additional/SMGC_4.gbk	NA	_	NA	14	14	87.50	0.00
SMGC_571	prepTG_DB/Genomic_Genbanks_Additional/SMGC_571.gbk	NA	_	NA	14	14	87.50	0.00
SMGC_412	prepTG_DB/Genomic_Genbanks_Additional/SMGC_412.gbk	NA	_	NA	14	14	87.50	0.00
SMGC_513	prepTG_DB/Genomic_Genbanks_Additional/SMGC_513.gbk	NA	_	NA	14	14	87.50	0.00
SMGC_589	prepTG_DB/Genomic_Genbanks_Additional/SMGC_589.gbk	NA	_	NA	1	1	6.25	0.00
SMGC_507	prepTG_DB/Genomic_Genbanks_Additional/SMGC_507.gbk	NA	_	NA	14	14	87.50	0.00
SMGC_602	prepTG_DB/Genomic_Genbanks_Additional/SMGC_602.gbk	NA	_	NA	14	14	87.50	0.00
SMGC_55	prepTG_DB/Genomic_Genbanks_Additional/SMGC_55.gbk	NA	_	NA	14	14	87.50	0.00
SMGC_596	prepTG_DB/Genomic_Genbanks_Additional/SMGC_596.gbk	NA	_	NA	0	0	0.00	0.00
SMGC_78	prepTG_DB/Genomic_Genbanks_Additional/SMGC_78.gbk	NA	_	NA	14	14	87.50	0.00
SMGC_63	prepTG_DB/Genomic_Genbanks_Additional/SMGC_63.gbk	NA	_	NA	14	14	87.50	0.00
SMGC_558	prepTG_DB/Genomic_Genbanks_Additional/SMGC_558.gbk	NA	_	NA	7	6	43.75	6.25
SMGC_391	prepTG_DB/Genomic_Genbanks_Additional/SMGC_391.gbk	NA	_	NA	12	11	75.00	6.25
SMGC_529	prepTG_DB/Genomic_Genbanks_Additional/SMGC_529.gbk	NA	_	NA	14	14	87.50	0.00
SMGC_536	prepTG_DB/Genomic_Genbanks_Additional/SMGC_536.gbk	NA	_	NA	2	2	12.50	0.00
SMGC_577	prepTG_DB/Genomic_Genbanks_Additional/SMGC_577.gbk	NA	_	NA	0	0	0.00	0.00
SMGC_609	prepTG_DB/Genomic_Genbanks_Additional/SMGC_609.gbk	NA	_	NA	14	14	87.50	0.00
SMGC_70	prepTG_DB/Genomic_Genbanks_Additional/SMGC_70.gbk	NA	_	NA	14	14	87.50	0.00
SMGC_486	prepTG_DB/Genomic_Genbanks_Additional/SMGC_486.gbk	NA	_	NA	14	14	87.50	0.00
SMGC_543	prepTG_DB/Genomic_Genbanks_Additional/SMGC_543.gbk	NA	_	NA	14	14	87.50	0.00
SMGC_616	prepTG_DB/Genomic_Genbanks_Additional/SMGC_616.gbk	NA	_	NA	14	14	87.50	0.00
SMGC_493	prepTG_DB/Genomic_Genbanks_Additional/SMGC_493.gbk	NA	_	NA	0	0	0.00	0.00
SMGC_564	prepTG_DB/Genomic_Genbanks_Additional/SMGC_564.gbk	NA	_	NA	0	0	0.00	0.00
SMGC_406	prepTG_DB/Genomic_Genbanks_Additional/SMGC_406.gbk	NA	_	NA	3	3	18.75	0.00
SMGC_520	prepTG_DB/Genomic_Genbanks_Additional/SMGC_520.gbk	NA	_	NA	14	14	87.50	0.00
SMGC_471	prepTG_DB/Genomic_Genbanks_Additional/SMGC_471.gbk	NA	_	NA	0	0	0.00	0.00
SMGC_50	prepTG_DB/Genomic_Genbanks_Additional/SMGC_50.gbk	NA	_	NA	14	14	87.50	0.00
SMGC_581	prepTG_DB/Genomic_Genbanks_Additional/SMGC_581.gbk	NA	_	NA	5	5	31.25	0.00
SMGC_464	prepTG_DB/Genomic_Genbanks_Additional/SMGC_464.gbk	NA	_	NA	3	3	18.75	0.00
SMGC_399	prepTG_DB/Genomic_Genbanks_Additional/SMGC_399.gbk	NA	_	NA	14	14	87.50	0.00
SMGC_601	prepTG_DB/Genomic_Genbanks_Additional/SMGC_601.gbk	NA	_	NA	1	1	6.25	0.00
SMGC_595	prepTG_DB/Genomic_Genbanks_Additional/SMGC_595.gbk	NA	_	NA	9	9	56.25	0.00
SMGC_456	prepTG_DB/Genomic_Genbanks_Additional/SMGC_456.gbk	NA	_	NA	14	14	87.50	0.00
SMGC_549	prepTG_DB/Genomic_Genbanks_Additional/SMGC_549.gbk	NA	_	NA	14	14	87.50	0.00
SMGC_506	prepTG_DB/Genomic_Genbanks_Additional/SMGC_506.gbk	NA	_	NA	14	14	87.50	0.00
SMGC_411	prepTG_DB/Genomic_Genbanks_Additional/SMGC_411.gbk	NA	_	NA	14	14	87.50	0.00
SMGC_576	prepTG_DB/Genomic_Genbanks_Additional/SMGC_576.gbk	NA	_	NA	14	13	87.50	6.25
SMGC_557	prepTG_DB/Genomic_Genbanks_Additional/SMGC_557.gbk	NA	_	NA	10	10	62.50	0.00
SMGC_492	prepTG_DB/Genomic_Genbanks_Additional/SMGC_492.gbk	NA	_	NA	1	1	6.25	0.00
SMGC_5	prepTG_DB/Genomic_Genbanks_Additional/SMGC_5.gbk	NA	_	NA	14	14	87.50	0.00
SMGC_535	prepTG_DB/Genomic_Genbanks_Additional/SMGC_535.gbk	NA	_	NA	13	13	81.25	0.00
SMGC_570	prepTG_DB/Genomic_Genbanks_Additional/SMGC_570.gbk	NA	_	NA	3	3	18.75	0.00
SMGC_442	prepTG_DB/Genomic_Genbanks_Additional/SMGC_442.gbk	NA	_	NA	14	14	87.50	0.00
SMGC_45	prepTG_DB/Genomic_Genbanks_Additional/SMGC_45.gbk	NA	_	NA	14	14	87.50	0.00
SMGC_528	prepTG_DB/Genomic_Genbanks_Additional/SMGC_528.gbk	NA	_	NA	14	14	87.50	0.00
SMGC_485	prepTG_DB/Genomic_Genbanks_Additional/SMGC_485.gbk	NA	_	NA	0	0	0.00	0.00
SMGC_463	prepTG_DB/Genomic_Genbanks_Additional/SMGC_463.gbk	NA	_	NA	5	5	31.25	0.00
SMGC_563	prepTG_DB/Genomic_Genbanks_Additional/SMGC_563.gbk	NA	_	NA	9	9	56.25	0.00
SMGC_512	prepTG_DB/Genomic_Genbanks_Additional/SMGC_512.gbk	NA	_	NA	14	14	87.50	0.00
SMGC_479	prepTG_DB/Genomic_Genbanks_Additional/SMGC_479.gbk	NA	_	NA	14	14	87.50	0.00
SMGC_390	prepTG_DB/Genomic_Genbanks_Additional/SMGC_390.gbk	NA	_	NA	14	14	87.50	0.00
SMGC_470	prepTG_DB/Genomic_Genbanks_Additional/SMGC_470.gbk	NA	_	NA	8	7	50.00	6.25
SMGC_542	prepTG_DB/Genomic_Genbanks_Additional/SMGC_542.gbk	NA	_	NA	14	14	87.50	0.00
SMGC_385	prepTG_DB/Genomic_Genbanks_Additional/SMGC_385.gbk	NA	_	NA	0	0	0.00	0.00
SMGC_405	prepTG_DB/Genomic_Genbanks_Additional/SMGC_405.gbk	NA	_	NA	7	7	43.75	0.00
SMGC_435	prepTG_DB/Genomic_Genbanks_Additional/SMGC_435.gbk	NA	_	NA	11	10	68.75	6.25
SMGC_588	prepTG_DB/Genomic_Genbanks_Additional/SMGC_588.gbk	NA	_	NA	11	9	68.75	12.50
SMGC_575	prepTG_DB/Genomic_Genbanks_Additional/SMGC_575.gbk	NA	_	NA	3	3	18.75	0.00
SMGC_428	prepTG_DB/Genomic_Genbanks_Additional/SMGC_428.gbk	NA	_	NA	14	14	87.50	0.00
SMGC_534	prepTG_DB/Genomic_Genbanks_Additional/SMGC_534.gbk	NA	_	NA	0	0	0.00	0.00
SMGC_455	prepTG_DB/Genomic_Genbanks_Additional/SMGC_455.gbk	NA	_	NA	14	13	87.50	6.25
SMGC_398	prepTG_DB/Genomic_Genbanks_Additional/SMGC_398.gbk	NA	_	NA	14	14	87.50	0.00
SMGC_449	prepTG_DB/Genomic_Genbanks_Additional/SMGC_449.gbk	NA	_	NA	14	14	87.50	0.00
SMGC_548	prepTG_DB/Genomic_Genbanks_Additional/SMGC_548.gbk	NA	_	NA	14	14	87.50	0.00
SMGC_491	prepTG_DB/Genomic_Genbanks_Additional/SMGC_491.gbk	NA	_	NA	14	11	87.50	18.75
SMGC_499	prepTG_DB/Genomic_Genbanks_Additional/SMGC_499.gbk	NA	_	NA	3	3	18.75	0.00
SMGC_484	prepTG_DB/Genomic_Genbanks_Additional/SMGC_484.gbk	NA	_	NA	14	14	87.50	0.00
SMGC_384	prepTG_DB/Genomic_Genbanks_Additional/SMGC_384.gbk	NA	_	NA	14	14	87.50	0.00
SMGC_52	prepTG_DB/Genomic_Genbanks_Additional/SMGC_52.gbk	NA	_	NA	14	14	87.50	0.00
SMGC_562	prepTG_DB/Genomic_Genbanks_Additional/SMGC_562.gbk	NA	_	NA	1	1	6.25	0.00
SMGC_420	prepTG_DB/Genomic_Genbanks_Additional/SMGC_420.gbk	NA	_	NA	11	11	68.75	0.00
SMGC_57	prepTG_DB/Genomic_Genbanks_Additional/SMGC_57.gbk	NA	_	NA	14	14	87.50	0.00
SMGC_462	prepTG_DB/Genomic_Genbanks_Additional/SMGC_462.gbk	NA	_	NA	4	4	25.00	0.00
SMGC_441	prepTG_DB/Genomic_Genbanks_Additional/SMGC_441.gbk	NA	_	NA	14	14	87.50	0.00
SMGC_434	prepTG_DB/Genomic_Genbanks_Additional/SMGC_434.gbk	NA	_	NA	0	0	0.00	0.00
SMGC_410	prepTG_DB/Genomic_Genbanks_Additional/SMGC_410.gbk	NA	_	NA	14	14	87.50	0.00
SMGC_527	prepTG_DB/Genomic_Genbanks_Additional/SMGC_527.gbk	NA	_	NA	14	14	87.50	0.00
SMGC_556	prepTG_DB/Genomic_Genbanks_Additional/SMGC_556.gbk	NA	_	NA	0	0	0.00	0.00
SMGC_47	prepTG_DB/Genomic_Genbanks_Additional/SMGC_47.gbk	NA	_	NA	10	10	62.50	0.00
SMGC_378	prepTG_DB/Genomic_Genbanks_Additional/SMGC_378.gbk	NA	_	NA	0	0	0.00	0.00
SMGC_427	prepTG_DB/Genomic_Genbanks_Additional/SMGC_427.gbk	NA	_	NA	5	5	31.25	0.00
SMGC_580	prepTG_DB/Genomic_Genbanks_Additional/SMGC_580.gbk	NA	_	NA	4	4	25.00	0.00
SMGC_498	prepTG_DB/Genomic_Genbanks_Additional/SMGC_498.gbk	NA	_	NA	0	0	0.00	0.00
SMGC_533	prepTG_DB/Genomic_Genbanks_Additional/SMGC_533.gbk	NA	_	NA	14	13	87.50	6.25
SMGC_478	prepTG_DB/Genomic_Genbanks_Additional/SMGC_478.gbk	NA	_	NA	14	14	87.50	0.00
SMGC_505	prepTG_DB/Genomic_Genbanks_Additional/SMGC_505.gbk	NA	_	NA	14	14	87.50	0.00
SMGC_454	prepTG_DB/Genomic_Genbanks_Additional/SMGC_454.gbk	NA	_	NA	8	7	50.00	6.25
SMGC_511	prepTG_DB/Genomic_Genbanks_Additional/SMGC_511.gbk	NA	_	NA	14	14	87.50	0.00
SMGC_490	prepTG_DB/Genomic_Genbanks_Additional/SMGC_490.gbk	NA	_	NA	9	8	56.25	6.25
SMGC_404	prepTG_DB/Genomic_Genbanks_Additional/SMGC_404.gbk	NA	_	NA	1	1	6.25	0.00
SMGC_541	prepTG_DB/Genomic_Genbanks_Additional/SMGC_541.gbk	NA	_	NA	2	2	12.50	0.00
SMGC_440	prepTG_DB/Genomic_Genbanks_Additional/SMGC_440.gbk	NA	_	NA	1	1	6.25	0.00
SMGC_42	prepTG_DB/Genomic_Genbanks_Additional/SMGC_42.gbk	NA	_	NA	14	14	87.50	0.00
SMGC_397	prepTG_DB/Genomic_Genbanks_Additional/SMGC_397.gbk	NA	_	NA	4	4	25.00	0.00
SMGC_483	prepTG_DB/Genomic_Genbanks_Additional/SMGC_483.gbk	NA	_	NA	0	0	0.00	0.00
SMGC_569	prepTG_DB/Genomic_Genbanks_Additional/SMGC_569.gbk	NA	_	NA	14	14	87.50	0.00
SMGC_448	prepTG_DB/Genomic_Genbanks_Additional/SMGC_448.gbk	NA	_	NA	14	14	87.50	0.00
SMGC_561	prepTG_DB/Genomic_Genbanks_Additional/SMGC_561.gbk	NA	_	NA	2	2	12.50	0.00
SMGC_469	prepTG_DB/Genomic_Genbanks_Additional/SMGC_469.gbk	NA	_	NA	14	14	87.50	0.00
SMGC_461	prepTG_DB/Genomic_Genbanks_Additional/SMGC_461.gbk	NA	_	NA	14	14	87.50	0.00
SMGC_433	prepTG_DB/Genomic_Genbanks_Additional/SMGC_433.gbk	NA	_	NA	14	14	87.50	0.00
SMGC_497	prepTG_DB/Genomic_Genbanks_Additional/SMGC_497.gbk	NA	_	NA	1	1	6.25	0.00
SMGC_383	prepTG_DB/Genomic_Genbanks_Additional/SMGC_383.gbk	NA	_	NA	0	0	0.00	0.00
SMGC_477	prepTG_DB/Genomic_Genbanks_Additional/SMGC_477.gbk	NA	_	NA	7	7	43.75	0.00
SMGC_377	prepTG_DB/Genomic_Genbanks_Additional/SMGC_377.gbk	NA	_	NA	14	14	87.50	0.00
SMGC_426	prepTG_DB/Genomic_Genbanks_Additional/SMGC_426.gbk	NA	_	NA	14	14	87.50	0.00
SMGC_526	prepTG_DB/Genomic_Genbanks_Additional/SMGC_526.gbk	NA	_	NA	14	14	87.50	0.00
SMGC_555	prepTG_DB/Genomic_Genbanks_Additional/SMGC_555.gbk	NA	_	NA	0	0	0.00	0.00
SMGC_519	prepTG_DB/Genomic_Genbanks_Additional/SMGC_519.gbk	NA	_	NA	12	12	75.00	0.00
SMGC_453	prepTG_DB/Genomic_Genbanks_Additional/SMGC_453.gbk	NA	_	NA	0	0	0.00	0.00
SMGC_39	prepTG_DB/Genomic_Genbanks_Additional/SMGC_39.gbk	NA	_	NA	14	14	87.50	0.00
SMGC_233	prepTG_DB/Genomic_Genbanks_Additional/SMGC_233.gbk	NA	_	NA	14	14	87.50	0.00
SMGC_547	prepTG_DB/Genomic_Genbanks_Additional/SMGC_547.gbk	NA	_	NA	2	2	12.50	0.00
SMGC_504	prepTG_DB/Genomic_Genbanks_Additional/SMGC_504.gbk	NA	_	NA	7	7	43.75	0.00
SMGC_49	prepTG_DB/Genomic_Genbanks_Additional/SMGC_49.gbk	NA	_	NA	14	14	87.50	0.00
SMGC_574	prepTG_DB/Genomic_Genbanks_Additional/SMGC_574.gbk	NA	_	NA	14	14	87.50	0.00
SMGC_540	prepTG_DB/Genomic_Genbanks_Additional/SMGC_540.gbk	NA	_	NA	0	0	0.00	0.00
SMGC_403	prepTG_DB/Genomic_Genbanks_Additional/SMGC_403.gbk	NA	_	NA	8	8	50.00	0.00
SMGC_560	prepTG_DB/Genomic_Genbanks_Additional/SMGC_560.gbk	NA	_	NA	14	14	87.50	0.00
SMGC_447	prepTG_DB/Genomic_Genbanks_Additional/SMGC_447.gbk	NA	_	NA	14	14	87.50	0.00
SMGC_482	prepTG_DB/Genomic_Genbanks_Additional/SMGC_482.gbk	NA	_	NA	6	6	37.50	0.00
SMGC_568	prepTG_DB/Genomic_Genbanks_Additional/SMGC_568.gbk	NA	_	NA	4	4	25.00	0.00
SMGC_41	prepTG_DB/Genomic_Genbanks_Additional/SMGC_41.gbk	NA	_	NA	14	14	87.50	0.00
SMGC_525	prepTG_DB/Genomic_Genbanks_Additional/SMGC_525.gbk	NA	_	NA	14	14	87.50	0.00
SMGC_376	prepTG_DB/Genomic_Genbanks_Additional/SMGC_376.gbk	NA	_	NA	0	0	0.00	0.00
SMGC_476	prepTG_DB/Genomic_Genbanks_Additional/SMGC_476.gbk	NA	_	NA	14	14	87.50	0.00
SMGC_419	prepTG_DB/Genomic_Genbanks_Additional/SMGC_419.gbk	NA	_	NA	14	14	87.50	0.00
SMGC_425	prepTG_DB/Genomic_Genbanks_Additional/SMGC_425.gbk	NA	_	NA	14	14	87.50	0.00
SMGC_532	prepTG_DB/Genomic_Genbanks_Additional/SMGC_532.gbk	NA	_	NA	14	14	87.50	0.00
SMGC_44	prepTG_DB/Genomic_Genbanks_Additional/SMGC_44.gbk	NA	_	NA	0	0	0.00	0.00
SMGC_382	prepTG_DB/Genomic_Genbanks_Additional/SMGC_382.gbk	NA	_	NA	4	3	25.00	6.25
SMGC_554	prepTG_DB/Genomic_Genbanks_Additional/SMGC_554.gbk	NA	_	NA	6	6	37.50	0.00
SMGC_546	prepTG_DB/Genomic_Genbanks_Additional/SMGC_546.gbk	NA	_	NA	9	9	56.25	0.00
SMGC_468	prepTG_DB/Genomic_Genbanks_Additional/SMGC_468.gbk	NA	_	NA	11	11	68.75	0.00
SMGC_54	prepTG_DB/Genomic_Genbanks_Additional/SMGC_54.gbk	NA	_	NA	4	4	25.00	0.00
SMGC_510	prepTG_DB/Genomic_Genbanks_Additional/SMGC_510.gbk	NA	_	NA	14	14	87.50	0.00
SMGC_389	prepTG_DB/Genomic_Genbanks_Additional/SMGC_389.gbk	NA	_	NA	14	14	87.50	0.00
SMGC_396	prepTG_DB/Genomic_Genbanks_Additional/SMGC_396.gbk	NA	_	NA	14	14	87.50	0.00
SMGC_460	prepTG_DB/Genomic_Genbanks_Additional/SMGC_460.gbk	NA	_	NA	6	6	37.50	0.00
SMGC_496	prepTG_DB/Genomic_Genbanks_Additional/SMGC_496.gbk	NA	_	NA	1	1	6.25	0.00
SMGC_432	prepTG_DB/Genomic_Genbanks_Additional/SMGC_432.gbk	NA	_	NA	6	6	37.50	0.00
SMGC_489	prepTG_DB/Genomic_Genbanks_Additional/SMGC_489.gbk	NA	_	NA	0	0	0.00	0.00
SMGC_446	prepTG_DB/Genomic_Genbanks_Additional/SMGC_446.gbk	NA	_	NA	14	14	87.50	0.00
SMGC_375	prepTG_DB/Genomic_Genbanks_Additional/SMGC_375.gbk	NA	_	NA	14	14	87.50	0.00
SMGC_567	prepTG_DB/Genomic_Genbanks_Additional/SMGC_567.gbk	NA	_	NA	14	14	87.50	0.00
SMGC_475	prepTG_DB/Genomic_Genbanks_Additional/SMGC_475.gbk	NA	_	NA	3	3	18.75	0.00
SMGC_424	prepTG_DB/Genomic_Genbanks_Additional/SMGC_424.gbk	NA	_	NA	6	6	37.50	0.00
SMGC_402	prepTG_DB/Genomic_Genbanks_Additional/SMGC_402.gbk	NA	_	NA	10	10	62.50	0.00
SMGC_503	prepTG_DB/Genomic_Genbanks_Additional/SMGC_503.gbk	NA	_	NA	1	1	6.25	0.00
SMGC_56	prepTG_DB/Genomic_Genbanks_Additional/SMGC_56.gbk	NA	_	NA	14	14	87.50	0.00
SMGC_418	prepTG_DB/Genomic_Genbanks_Additional/SMGC_418.gbk	NA	_	NA	0	0	0.00	0.00
SMGC_518	prepTG_DB/Genomic_Genbanks_Additional/SMGC_518.gbk	NA	_	NA	10	10	62.50	0.00
SMGC_381	prepTG_DB/Genomic_Genbanks_Additional/SMGC_381.gbk	NA	_	NA	14	14	87.50	0.00
SMGC_524	prepTG_DB/Genomic_Genbanks_Additional/SMGC_524.gbk	NA	_	NA	14	13	87.50	6.25
SMGC_531	prepTG_DB/Genomic_Genbanks_Additional/SMGC_531.gbk	NA	_	NA	2	2	12.50	0.00
SMGC_439	prepTG_DB/Genomic_Genbanks_Additional/SMGC_439.gbk	NA	_	NA	11	11	68.75	0.00
SMGC_553	prepTG_DB/Genomic_Genbanks_Additional/SMGC_553.gbk	NA	_	NA	11	11	68.75	0.00
SMGC_388	prepTG_DB/Genomic_Genbanks_Additional/SMGC_388.gbk	NA	_	NA	0	0	0.00	0.00
SMGC_481	prepTG_DB/Genomic_Genbanks_Additional/SMGC_481.gbk	NA	_	NA	0	0	0.00	0.00
SMGC_232	prepTG_DB/Genomic_Genbanks_Additional/SMGC_232.gbk	NA	_	NA	14	14	87.50	0.00
SMGC_488	prepTG_DB/Genomic_Genbanks_Additional/SMGC_488.gbk	NA	_	NA	10	10	62.50	0.00
SMGC_431	prepTG_DB/Genomic_Genbanks_Additional/SMGC_431.gbk	NA	_	NA	2	2	12.50	0.00
SMGC_51	prepTG_DB/Genomic_Genbanks_Additional/SMGC_51.gbk	NA	_	NA	8	8	50.00	0.00
SMGC_452	prepTG_DB/Genomic_Genbanks_Additional/SMGC_452.gbk	NA	_	NA	0	0	0.00	0.00
SMGC_467	prepTG_DB/Genomic_Genbanks_Additional/SMGC_467.gbk	NA	_	NA	10	9	62.50	6.25
SMGC_573	prepTG_DB/Genomic_Genbanks_Additional/SMGC_573.gbk	NA	_	NA	2	2	12.50	0.00
SMGC_409	prepTG_DB/Genomic_Genbanks_Additional/SMGC_409.gbk	NA	_	NA	0	0	0.00	0.00
SMGC_445	prepTG_DB/Genomic_Genbanks_Additional/SMGC_445.gbk	NA	_	NA	14	12	87.50	12.50
SMGC_539	prepTG_DB/Genomic_Genbanks_Additional/SMGC_539.gbk	NA	_	NA	14	14	87.50	0.00
SMGC_374	prepTG_DB/Genomic_Genbanks_Additional/SMGC_374.gbk	NA	_	NA	14	14	87.50	0.00
SMGC_545	prepTG_DB/Genomic_Genbanks_Additional/SMGC_545.gbk	NA	_	NA	14	14	87.50	0.00
SMGC_417	prepTG_DB/Genomic_Genbanks_Additional/SMGC_417.gbk	NA	_	NA	0	0	0.00	0.00
SMGC_502	prepTG_DB/Genomic_Genbanks_Additional/SMGC_502.gbk	NA	_	NA	0	0	0.00	0.00
SMGC_566	prepTG_DB/Genomic_Genbanks_Additional/SMGC_566.gbk	NA	_	NA	10	9	62.50	6.25
SMGC_495	prepTG_DB/Genomic_Genbanks_Additional/SMGC_495.gbk	NA	_	NA	14	14	87.50	0.00
SMGC_395	prepTG_DB/Genomic_Genbanks_Additional/SMGC_395.gbk	NA	_	NA	14	14	87.50	0.00
SMGC_474	prepTG_DB/Genomic_Genbanks_Additional/SMGC_474.gbk	NA	_	NA	14	14	87.50	0.00
SMGC_517	prepTG_DB/Genomic_Genbanks_Additional/SMGC_517.gbk	NA	_	NA	14	14	87.50	0.00
SMGC_530	prepTG_DB/Genomic_Genbanks_Additional/SMGC_530.gbk	NA	_	NA	13	13	81.25	0.00
SMGC_559	prepTG_DB/Genomic_Genbanks_Additional/SMGC_559.gbk	NA	_	NA	0	0	0.00	0.00
SMGC_423	prepTG_DB/Genomic_Genbanks_Additional/SMGC_423.gbk	NA	_	NA	0	0	0.00	0.00
SMGC_552	prepTG_DB/Genomic_Genbanks_Additional/SMGC_552.gbk	NA	_	NA	14	14	87.50	0.00
SMGC_416	prepTG_DB/Genomic_Genbanks_Additional/SMGC_416.gbk	NA	_	NA	13	13	81.25	0.00
SMGC_523	prepTG_DB/Genomic_Genbanks_Additional/SMGC_523.gbk	NA	_	NA	7	7	43.75	0.00
SMGC_430	prepTG_DB/Genomic_Genbanks_Additional/SMGC_430.gbk	NA	_	NA	10	10	62.50	0.00
SMGC_438	prepTG_DB/Genomic_Genbanks_Additional/SMGC_438.gbk	NA	_	NA	14	14	87.50	0.00
SMGC_466	prepTG_DB/Genomic_Genbanks_Additional/SMGC_466.gbk	NA	_	NA	14	14	87.50	0.00
SMGC_451	prepTG_DB/Genomic_Genbanks_Additional/SMGC_451.gbk	NA	_	NA	0	0	0.00	0.00
SMGC_480	prepTG_DB/Genomic_Genbanks_Additional/SMGC_480.gbk	NA	_	NA	14	14	87.50	0.00
SMGC_349	prepTG_DB/Genomic_Genbanks_Additional/SMGC_349.gbk	NA	_	NA	0	0	0.00	0.00
SMGC_509	prepTG_DB/Genomic_Genbanks_Additional/SMGC_509.gbk	NA	_	NA	1	1	6.25	0.00
SMGC_487	prepTG_DB/Genomic_Genbanks_Additional/SMGC_487.gbk	NA	_	NA	14	14	87.50	0.00
SMGC_46	prepTG_DB/Genomic_Genbanks_Additional/SMGC_46.gbk	NA	_	NA	14	5	87.50	56.25
SMGC_538	prepTG_DB/Genomic_Genbanks_Additional/SMGC_538.gbk	NA	_	NA	14	14	87.50	0.00
SMGC_501	prepTG_DB/Genomic_Genbanks_Additional/SMGC_501.gbk	NA	_	NA	14	13	87.50	6.25
SMGC_444	prepTG_DB/Genomic_Genbanks_Additional/SMGC_444.gbk	NA	_	NA	14	14	87.50	0.00
SMGC_27	prepTG_DB/Genomic_Genbanks_Additional/SMGC_27.gbk	NA	_	NA	14	14	87.50	0.00
SMGC_401	prepTG_DB/Genomic_Genbanks_Additional/SMGC_401.gbk	NA	_	NA	1	1	6.25	0.00
SMGC_473	prepTG_DB/Genomic_Genbanks_Additional/SMGC_473.gbk	NA	_	NA	14	14	87.50	0.00
SMGC_494	prepTG_DB/Genomic_Genbanks_Additional/SMGC_494.gbk	NA	_	NA	0	0	0.00	0.00
SMGC_516	prepTG_DB/Genomic_Genbanks_Additional/SMGC_516.gbk	NA	_	NA	9	9	56.25	0.00
SMGC_544	prepTG_DB/Genomic_Genbanks_Additional/SMGC_544.gbk	NA	_	NA	14	14	87.50	0.00
SMGC_373	prepTG_DB/Genomic_Genbanks_Additional/SMGC_373.gbk	NA	_	NA	14	13	87.50	6.25
SMGC_394	prepTG_DB/Genomic_Genbanks_Additional/SMGC_394.gbk	NA	_	NA	6	6	37.50	0.00
SMGC_380	prepTG_DB/Genomic_Genbanks_Additional/SMGC_380.gbk	NA	_	NA	1	1	6.25	0.00
SMGC_53	prepTG_DB/Genomic_Genbanks_Additional/SMGC_53.gbk	NA	_	NA	14	13	87.50	6.25
SMGC_551	prepTG_DB/Genomic_Genbanks_Additional/SMGC_551.gbk	NA	_	NA	14	14	87.50	0.00
SMGC_408	prepTG_DB/Genomic_Genbanks_Additional/SMGC_408.gbk	NA	_	NA	13	13	81.25	0.00
SMGC_422	prepTG_DB/Genomic_Genbanks_Additional/SMGC_422.gbk	NA	_	NA	13	13	81.25	0.00
SMGC_43	prepTG_DB/Genomic_Genbanks_Additional/SMGC_43.gbk	NA	_	NA	14	14	87.50	0.00
SMGC_459	prepTG_DB/Genomic_Genbanks_Additional/SMGC_459.gbk	NA	_	NA	7	7	43.75	0.00
SMGC_415	prepTG_DB/Genomic_Genbanks_Additional/SMGC_415.gbk	NA	_	NA	0	0	0.00	0.00
SMGC_387	prepTG_DB/Genomic_Genbanks_Additional/SMGC_387.gbk	NA	_	NA	4	4	25.00	0.00
SMGC_537	prepTG_DB/Genomic_Genbanks_Additional/SMGC_537.gbk	NA	_	NA	10	10	62.50	0.00
SMGC_522	prepTG_DB/Genomic_Genbanks_Additional/SMGC_522.gbk	NA	_	NA	14	14	87.50	0.00
SMGC_508	prepTG_DB/Genomic_Genbanks_Additional/SMGC_508.gbk	NA	_	NA	14	14	87.50	0.00
SMGC_465	prepTG_DB/Genomic_Genbanks_Additional/SMGC_465.gbk	NA	_	NA	12	12	75.00	0.00
SMGC_400	prepTG_DB/Genomic_Genbanks_Additional/SMGC_400.gbk	NA	_	NA	14	14	87.50	0.00
SMGC_437	prepTG_DB/Genomic_Genbanks_Additional/SMGC_437.gbk	NA	_	NA	14	14	87.50	0.00
SMGC_500	prepTG_DB/Genomic_Genbanks_Additional/SMGC_500.gbk	NA	_	NA	14	13	87.50	6.25
SMGC_356	prepTG_DB/Genomic_Genbanks_Additional/SMGC_356.gbk	NA	_	NA	14	14	87.50	0.00
SMGC_515	prepTG_DB/Genomic_Genbanks_Additional/SMGC_515.gbk	NA	_	NA	11	11	68.75	0.00
SMGC_472	prepTG_DB/Genomic_Genbanks_Additional/SMGC_472.gbk	NA	_	NA	2	2	12.50	0.00
SMGC_372	prepTG_DB/Genomic_Genbanks_Additional/SMGC_372.gbk	NA	_	NA	14	14	87.50	0.00
SMGC_231	prepTG_DB/Genomic_Genbanks_Additional/SMGC_231.gbk	NA	_	NA	14	14	87.50	0.00
SMGC_48	prepTG_DB/Genomic_Genbanks_Additional/SMGC_48.gbk	NA	_	NA	14	14	87.50	0.00
SMGC_38	prepTG_DB/Genomic_Genbanks_Additional/SMGC_38.gbk	NA	_	NA	14	12	87.50	12.50
SMGC_32	prepTG_DB/Genomic_Genbanks_Additional/SMGC_32.gbk	NA	_	NA	14	14	87.50	0.00
SMGC_226	prepTG_DB/Genomic_Genbanks_Additional/SMGC_226.gbk	NA	_	NA	14	14	87.50	0.00
SMGC_414	prepTG_DB/Genomic_Genbanks_Additional/SMGC_414.gbk	NA	_	NA	2	2	12.50	0.00
SMGC_363	prepTG_DB/Genomic_Genbanks_Additional/SMGC_363.gbk	NA	_	NA	10	10	62.50	0.00
SMGC_421	prepTG_DB/Genomic_Genbanks_Additional/SMGC_421.gbk	NA	_	NA	14	14	87.50	0.00
SMGC_443	prepTG_DB/Genomic_Genbanks_Additional/SMGC_443.gbk	NA	_	NA	8	8	50.00	0.00
SMGC_240	prepTG_DB/Genomic_Genbanks_Additional/SMGC_240.gbk	NA	_	NA	14	14	87.50	0.00
SMGC_386	prepTG_DB/Genomic_Genbanks_Additional/SMGC_386.gbk	NA	_	NA	3	3	18.75	0.00
SMGC_458	prepTG_DB/Genomic_Genbanks_Additional/SMGC_458.gbk	NA	_	NA	14	13	87.50	6.25
SMGC_341	prepTG_DB/Genomic_Genbanks_Additional/SMGC_341.gbk	NA	_	NA	14	14	87.50	0.00
SMGC_393	prepTG_DB/Genomic_Genbanks_Additional/SMGC_393.gbk	NA	_	NA	7	7	43.75	0.00
SMGC_429	prepTG_DB/Genomic_Genbanks_Additional/SMGC_429.gbk	NA	_	NA	14	14	87.50	0.00
SMGC_436	prepTG_DB/Genomic_Genbanks_Additional/SMGC_436.gbk	NA	_	NA	14	14	87.50	0.00
SMGC_210	prepTG_DB/Genomic_Genbanks_Additional/SMGC_210.gbk	NA	_	NA	14	14	87.50	0.00
SMGC_255	prepTG_DB/Genomic_Genbanks_Additional/SMGC_255.gbk	NA	_	NA	14	14	87.50	0.00
SMGC_450	prepTG_DB/Genomic_Genbanks_Additional/SMGC_450.gbk	NA	_	NA	14	6	87.50	50.00
SMGC_218	prepTG_DB/Genomic_Genbanks_Additional/SMGC_218.gbk	NA	_	NA	14	14	87.50	0.00
SMGC_407	prepTG_DB/Genomic_Genbanks_Additional/SMGC_407.gbk	NA	_	NA	0	0	0.00	0.00
SMGC_269	prepTG_DB/Genomic_Genbanks_Additional/SMGC_269.gbk	NA	_	NA	14	14	87.50	0.00
SMGC_40	prepTG_DB/Genomic_Genbanks_Additional/SMGC_40.gbk	NA	_	NA	14	14	87.50	0.00
SMGC_277	prepTG_DB/Genomic_Genbanks_Additional/SMGC_277.gbk	NA	_	NA	6	6	37.50	0.00
SMGC_370	prepTG_DB/Genomic_Genbanks_Additional/SMGC_370.gbk	NA	_	NA	14	14	87.50	0.00
SMGC_348	prepTG_DB/Genomic_Genbanks_Additional/SMGC_348.gbk	NA	_	NA	12	12	75.00	0.00
SMGC_327	prepTG_DB/Genomic_Genbanks_Additional/SMGC_327.gbk	NA	_	NA	7	7	43.75	0.00
SMGC_355	prepTG_DB/Genomic_Genbanks_Additional/SMGC_355.gbk	NA	_	NA	14	14	87.50	0.00
SMGC_362	prepTG_DB/Genomic_Genbanks_Additional/SMGC_362.gbk	NA	_	NA	0	0	0.00	0.00
SMGC_160	prepTG_DB/Genomic_Genbanks_Additional/SMGC_160.gbk	NA	_	NA	1	1	6.25	0.00
SMGC_24	prepTG_DB/Genomic_Genbanks_Additional/SMGC_24.gbk	NA	_	NA	14	14	87.50	0.00
SMGC_19	prepTG_DB/Genomic_Genbanks_Additional/SMGC_19.gbk	NA	_	NA	14	14	87.50	0.00
SMGC_319	prepTG_DB/Genomic_Genbanks_Additional/SMGC_319.gbk	NA	_	NA	14	14	87.50	0.00
SMGC_305	prepTG_DB/Genomic_Genbanks_Additional/SMGC_305.gbk	NA	_	NA	14	14	87.50	0.00
SMGC_248	prepTG_DB/Genomic_Genbanks_Additional/SMGC_248.gbk	NA	_	NA	14	14	87.50	0.00
SMGC_21	prepTG_DB/Genomic_Genbanks_Additional/SMGC_21.gbk	NA	_	NA	1	1	6.25	0.00
SMGC_197	prepTG_DB/Genomic_Genbanks_Additional/SMGC_197.gbk	NA	_	NA	14	14	87.50	0.00
SMGC_168	prepTG_DB/Genomic_Genbanks_Additional/SMGC_168.gbk	NA	_	NA	2	2	12.50	0.00
SMGC_312	prepTG_DB/Genomic_Genbanks_Additional/SMGC_312.gbk	NA	_	NA	14	14	87.50	0.00
SMGC_379	prepTG_DB/Genomic_Genbanks_Additional/SMGC_379.gbk	NA	_	NA	14	13	87.50	6.25
SMGC_299	prepTG_DB/Genomic_Genbanks_Additional/SMGC_299.gbk	NA	_	NA	14	13	87.50	6.25
SMGC_225	prepTG_DB/Genomic_Genbanks_Additional/SMGC_225.gbk	NA	_	NA	14	14	87.50	0.00
SMGC_217	prepTG_DB/Genomic_Genbanks_Additional/SMGC_217.gbk	NA	_	NA	14	14	87.50	0.00
SMGC_371	prepTG_DB/Genomic_Genbanks_Additional/SMGC_371.gbk	NA	_	NA	13	13	81.25	0.00
SMGC_340	prepTG_DB/Genomic_Genbanks_Additional/SMGC_340.gbk	NA	_	NA	14	13	87.50	6.25
SMGC_254	prepTG_DB/Genomic_Genbanks_Additional/SMGC_254.gbk	NA	_	NA	2	2	12.50	0.00
SMGC_268	prepTG_DB/Genomic_Genbanks_Additional/SMGC_268.gbk	NA	_	NA	14	14	87.50	0.00
SMGC_334	prepTG_DB/Genomic_Genbanks_Additional/SMGC_334.gbk	NA	_	NA	13	12	81.25	6.25
SMGC_175	prepTG_DB/Genomic_Genbanks_Additional/SMGC_175.gbk	NA	_	NA	2	2	12.50	0.00
SMGC_276	prepTG_DB/Genomic_Genbanks_Additional/SMGC_276.gbk	NA	_	NA	14	14	87.50	0.00
SMGC_326	prepTG_DB/Genomic_Genbanks_Additional/SMGC_326.gbk	NA	_	NA	14	14	87.50	0.00
SMGC_230	prepTG_DB/Genomic_Genbanks_Additional/SMGC_230.gbk	NA	_	NA	14	14	87.50	0.00
SMGC_347	prepTG_DB/Genomic_Genbanks_Additional/SMGC_347.gbk	NA	_	NA	14	14	87.50	0.00
SMGC_284	prepTG_DB/Genomic_Genbanks_Additional/SMGC_284.gbk	NA	_	NA	14	14	87.50	0.00
SMGC_291	prepTG_DB/Genomic_Genbanks_Additional/SMGC_291.gbk	NA	_	NA	14	14	87.50	0.00
SMGC_182	prepTG_DB/Genomic_Genbanks_Additional/SMGC_182.gbk	NA	_	NA	14	14	87.50	0.00
SMGC_189	prepTG_DB/Genomic_Genbanks_Additional/SMGC_189.gbk	NA	_	NA	12	12	75.00	0.00
SMGC_318	prepTG_DB/Genomic_Genbanks_Additional/SMGC_318.gbk	NA	_	NA	0	0	0.00	0.00
SMGC_262	prepTG_DB/Genomic_Genbanks_Additional/SMGC_262.gbk	NA	_	NA	0	0	0.00	0.00
SMGC_361	prepTG_DB/Genomic_Genbanks_Additional/SMGC_361.gbk	NA	_	NA	14	14	87.50	0.00
SMGC_37	prepTG_DB/Genomic_Genbanks_Additional/SMGC_37.gbk	NA	_	NA	14	14	87.50	0.00
SMGC_16	prepTG_DB/Genomic_Genbanks_Additional/SMGC_16.gbk	NA	_	NA	14	14	87.50	0.00
SMGC_239	prepTG_DB/Genomic_Genbanks_Additional/SMGC_239.gbk	NA	_	NA	14	14	87.50	0.00
SMGC_196	prepTG_DB/Genomic_Genbanks_Additional/SMGC_196.gbk	NA	_	NA	14	14	87.50	0.00
SMGC_304	prepTG_DB/Genomic_Genbanks_Additional/SMGC_304.gbk	NA	_	NA	14	14	87.50	0.00
SMGC_354	prepTG_DB/Genomic_Genbanks_Additional/SMGC_354.gbk	NA	_	NA	14	14	87.50	0.00
SMGC_209	prepTG_DB/Genomic_Genbanks_Additional/SMGC_209.gbk	NA	_	NA	14	14	87.50	0.00
SMGC_247	prepTG_DB/Genomic_Genbanks_Additional/SMGC_247.gbk	NA	_	NA	14	14	87.50	0.00
SMGC_333	prepTG_DB/Genomic_Genbanks_Additional/SMGC_333.gbk	NA	_	NA	0	0	0.00	0.00
SMGC_203	prepTG_DB/Genomic_Genbanks_Additional/SMGC_203.gbk	NA	_	NA	12	12	75.00	0.00
SMGC_298	prepTG_DB/Genomic_Genbanks_Additional/SMGC_298.gbk	NA	_	NA	4	4	25.00	0.00
SMGC_167	prepTG_DB/Genomic_Genbanks_Additional/SMGC_167.gbk	NA	_	NA	12	12	75.00	0.00
SMGC_311	prepTG_DB/Genomic_Genbanks_Additional/SMGC_311.gbk	NA	_	NA	14	14	87.50	0.00
SMGC_290	prepTG_DB/Genomic_Genbanks_Additional/SMGC_290.gbk	NA	_	NA	0	0	0.00	0.00
SMGC_283	prepTG_DB/Genomic_Genbanks_Additional/SMGC_283.gbk	NA	_	NA	13	13	81.25	0.00
SMGC_253	prepTG_DB/Genomic_Genbanks_Additional/SMGC_253.gbk	NA	_	NA	11	11	68.75	0.00
SMGC_267	prepTG_DB/Genomic_Genbanks_Additional/SMGC_267.gbk	NA	_	NA	14	14	87.50	0.00
SMGC_346	prepTG_DB/Genomic_Genbanks_Additional/SMGC_346.gbk	NA	_	NA	14	14	87.50	0.00
SMGC_275	prepTG_DB/Genomic_Genbanks_Additional/SMGC_275.gbk	NA	_	NA	11	11	68.75	0.00
SMGC_174	prepTG_DB/Genomic_Genbanks_Additional/SMGC_174.gbk	NA	_	NA	14	14	87.50	0.00
SMGC_325	prepTG_DB/Genomic_Genbanks_Additional/SMGC_325.gbk	NA	_	NA	11	11	68.75	0.00
SMGC_34	prepTG_DB/Genomic_Genbanks_Additional/SMGC_34.gbk	NA	_	NA	14	14	87.50	0.00
SMGC_181	prepTG_DB/Genomic_Genbanks_Additional/SMGC_181.gbk	NA	_	NA	2	2	12.50	0.00
SMGC_261	prepTG_DB/Genomic_Genbanks_Additional/SMGC_261.gbk	NA	_	NA	14	14	87.50	0.00
SMGC_202	prepTG_DB/Genomic_Genbanks_Additional/SMGC_202.gbk	NA	_	NA	14	14	87.50	0.00
SMGC_224	prepTG_DB/Genomic_Genbanks_Additional/SMGC_224.gbk	NA	_	NA	14	14	87.50	0.00
SMGC_23	prepTG_DB/Genomic_Genbanks_Additional/SMGC_23.gbk	NA	_	NA	14	14	87.50	0.00
SMGC_246	prepTG_DB/Genomic_Genbanks_Additional/SMGC_246.gbk	NA	_	NA	14	13	87.50	6.25
SMGC_317	prepTG_DB/Genomic_Genbanks_Additional/SMGC_317.gbk	NA	_	NA	0	0	0.00	0.00
SMGC_159	prepTG_DB/Genomic_Genbanks_Additional/SMGC_159.gbk	NA	_	NA	14	14	87.50	0.00
SMGC_303	prepTG_DB/Genomic_Genbanks_Additional/SMGC_303.gbk	NA	_	NA	0	0	0.00	0.00
SMGC_353	prepTG_DB/Genomic_Genbanks_Additional/SMGC_353.gbk	NA	_	NA	9	9	56.25	0.00
SMGC_282	prepTG_DB/Genomic_Genbanks_Additional/SMGC_282.gbk	NA	_	NA	14	14	87.50	0.00
SMGC_369	prepTG_DB/Genomic_Genbanks_Additional/SMGC_369.gbk	NA	_	NA	14	14	87.50	0.00
SMGC_297	prepTG_DB/Genomic_Genbanks_Additional/SMGC_297.gbk	NA	_	NA	12	12	75.00	0.00
SMGC_208	prepTG_DB/Genomic_Genbanks_Additional/SMGC_208.gbk	NA	_	NA	14	14	87.50	0.00
SMGC_173	prepTG_DB/Genomic_Genbanks_Additional/SMGC_173.gbk	NA	_	NA	14	14	87.50	0.00
SMGC_188	prepTG_DB/Genomic_Genbanks_Additional/SMGC_188.gbk	NA	_	NA	10	10	62.50	0.00
SMGC_310	prepTG_DB/Genomic_Genbanks_Additional/SMGC_310.gbk	NA	_	NA	14	14	87.50	0.00
SMGC_216	prepTG_DB/Genomic_Genbanks_Additional/SMGC_216.gbk	NA	_	NA	14	14	87.50	0.00
SMGC_332	prepTG_DB/Genomic_Genbanks_Additional/SMGC_332.gbk	NA	_	NA	6	3	37.50	18.75
SMGC_166	prepTG_DB/Genomic_Genbanks_Additional/SMGC_166.gbk	NA	_	NA	14	14	87.50	0.00
SMGC_274	prepTG_DB/Genomic_Genbanks_Additional/SMGC_274.gbk	NA	_	NA	14	14	87.50	0.00
SMGC_180	prepTG_DB/Genomic_Genbanks_Additional/SMGC_180.gbk	NA	_	NA	10	10	62.50	0.00
SMGC_29	prepTG_DB/Genomic_Genbanks_Additional/SMGC_29.gbk	NA	_	NA	0	0	0.00	0.00
SMGC_238	prepTG_DB/Genomic_Genbanks_Additional/SMGC_238.gbk	NA	_	NA	14	14	87.50	0.00
SMGC_252	prepTG_DB/Genomic_Genbanks_Additional/SMGC_252.gbk	NA	_	NA	0	0	0.00	0.00
SMGC_260	prepTG_DB/Genomic_Genbanks_Additional/SMGC_260.gbk	NA	_	NA	14	14	87.50	0.00
SMGC_201	prepTG_DB/Genomic_Genbanks_Additional/SMGC_201.gbk	NA	_	NA	14	14	87.50	0.00
SMGC_339	prepTG_DB/Genomic_Genbanks_Additional/SMGC_339.gbk	NA	_	NA	14	14	87.50	0.00
SMGC_195	prepTG_DB/Genomic_Genbanks_Additional/SMGC_195.gbk	NA	_	NA	14	14	87.50	0.00
SMGC_352	prepTG_DB/Genomic_Genbanks_Additional/SMGC_352.gbk	NA	_	NA	11	11	68.75	0.00
SMGC_296	prepTG_DB/Genomic_Genbanks_Additional/SMGC_296.gbk	NA	_	NA	14	13	87.50	6.25
SMGC_158	prepTG_DB/Genomic_Genbanks_Additional/SMGC_158.gbk	NA	_	NA	14	14	87.50	0.00
SMGC_229	prepTG_DB/Genomic_Genbanks_Additional/SMGC_229.gbk	NA	_	NA	14	14	87.50	0.00
SMGC_324	prepTG_DB/Genomic_Genbanks_Additional/SMGC_324.gbk	NA	_	NA	14	14	87.50	0.00
SMGC_187	prepTG_DB/Genomic_Genbanks_Additional/SMGC_187.gbk	NA	_	NA	14	14	87.50	0.00
SMGC_360	prepTG_DB/Genomic_Genbanks_Additional/SMGC_360.gbk	NA	_	NA	14	14	87.50	0.00
SMGC_281	prepTG_DB/Genomic_Genbanks_Additional/SMGC_281.gbk	NA	_	NA	14	14	87.50	0.00
SMGC_289	prepTG_DB/Genomic_Genbanks_Additional/SMGC_289.gbk	NA	_	NA	14	14	87.50	0.00
SMGC_266	prepTG_DB/Genomic_Genbanks_Additional/SMGC_266.gbk	NA	_	NA	14	14	87.50	0.00
SMGC_368	prepTG_DB/Genomic_Genbanks_Additional/SMGC_368.gbk	NA	_	NA	0	0	0.00	0.00
SMGC_31	prepTG_DB/Genomic_Genbanks_Additional/SMGC_31.gbk	NA	_	NA	14	14	87.50	0.00
SMGC_302	prepTG_DB/Genomic_Genbanks_Additional/SMGC_302.gbk	NA	_	NA	0	0	0.00	0.00
SMGC_26	prepTG_DB/Genomic_Genbanks_Additional/SMGC_26.gbk	NA	_	NA	14	14	87.50	0.00
SMGC_316	prepTG_DB/Genomic_Genbanks_Additional/SMGC_316.gbk	NA	_	NA	14	14	87.50	0.00
SMGC_165	prepTG_DB/Genomic_Genbanks_Additional/SMGC_165.gbk	NA	_	NA	14	13	87.50	6.25
SMGC_215	prepTG_DB/Genomic_Genbanks_Additional/SMGC_215.gbk	NA	_	NA	14	14	87.50	0.00
SMGC_18	prepTG_DB/Genomic_Genbanks_Additional/SMGC_18.gbk	NA	_	NA	14	14	87.50	0.00
SMGC_245	prepTG_DB/Genomic_Genbanks_Additional/SMGC_245.gbk	NA	_	NA	14	14	87.50	0.00
SMGC_172	prepTG_DB/Genomic_Genbanks_Additional/SMGC_172.gbk	NA	_	NA	7	7	43.75	0.00
SMGC_273	prepTG_DB/Genomic_Genbanks_Additional/SMGC_273.gbk	NA	_	NA	14	14	87.50	0.00
SMGC_237	prepTG_DB/Genomic_Genbanks_Additional/SMGC_237.gbk	NA	_	NA	14	14	87.50	0.00
SMGC_223	prepTG_DB/Genomic_Genbanks_Additional/SMGC_223.gbk	NA	_	NA	14	14	87.50	0.00
SMGC_251	prepTG_DB/Genomic_Genbanks_Additional/SMGC_251.gbk	NA	_	NA	12	12	75.00	0.00
SMGC_207	prepTG_DB/Genomic_Genbanks_Additional/SMGC_207.gbk	NA	_	NA	14	14	87.50	0.00
SMGC_200	prepTG_DB/Genomic_Genbanks_Additional/SMGC_200.gbk	NA	_	NA	14	14	87.50	0.00
SMGC_351	prepTG_DB/Genomic_Genbanks_Additional/SMGC_351.gbk	NA	_	NA	0	0	0.00	0.00
SMGC_338	prepTG_DB/Genomic_Genbanks_Additional/SMGC_338.gbk	NA	_	NA	14	14	87.50	0.00
SMGC_331	prepTG_DB/Genomic_Genbanks_Additional/SMGC_331.gbk	NA	_	NA	14	14	87.50	0.00
SMGC_345	prepTG_DB/Genomic_Genbanks_Additional/SMGC_345.gbk	NA	_	NA	14	14	87.50	0.00
SMGC_309	prepTG_DB/Genomic_Genbanks_Additional/SMGC_309.gbk	NA	_	NA	14	14	87.50	0.00
SMGC_280	prepTG_DB/Genomic_Genbanks_Additional/SMGC_280.gbk	NA	_	NA	14	14	87.50	0.00
SMGC_295	prepTG_DB/Genomic_Genbanks_Additional/SMGC_295.gbk	NA	_	NA	0	0	0.00	0.00
SMGC_301	prepTG_DB/Genomic_Genbanks_Additional/SMGC_301.gbk	NA	_	NA	14	14	87.50	0.00
SMGC_186	prepTG_DB/Genomic_Genbanks_Additional/SMGC_186.gbk	NA	_	NA	13	13	81.25	0.00
SMGC_36	prepTG_DB/Genomic_Genbanks_Additional/SMGC_36.gbk	NA	_	NA	14	14	87.50	0.00
SMGC_171	prepTG_DB/Genomic_Genbanks_Additional/SMGC_171.gbk	NA	_	NA	14	14	87.50	0.00
SMGC_323	prepTG_DB/Genomic_Genbanks_Additional/SMGC_323.gbk	NA	_	NA	14	14	87.50	0.00
SMGC_194	prepTG_DB/Genomic_Genbanks_Additional/SMGC_194.gbk	NA	_	NA	0	0	0.00	0.00
SMGC_259	prepTG_DB/Genomic_Genbanks_Additional/SMGC_259.gbk	NA	_	NA	14	14	87.50	0.00
SMGC_367	prepTG_DB/Genomic_Genbanks_Additional/SMGC_367.gbk	NA	_	NA	12	10	75.00	12.50
SMGC_164	prepTG_DB/Genomic_Genbanks_Additional/SMGC_164.gbk	NA	_	NA	10	10	62.50	0.00
SMGC_236	prepTG_DB/Genomic_Genbanks_Additional/SMGC_236.gbk	NA	_	NA	14	14	87.50	0.00
SMGC_157	prepTG_DB/Genomic_Genbanks_Additional/SMGC_157.gbk	NA	_	NA	14	14	87.50	0.00
SMGC_179	prepTG_DB/Genomic_Genbanks_Additional/SMGC_179.gbk	NA	_	NA	1	1	6.25	0.00
SMGC_244	prepTG_DB/Genomic_Genbanks_Additional/SMGC_244.gbk	NA	_	NA	14	14	87.50	0.00
SMGC_214	prepTG_DB/Genomic_Genbanks_Additional/SMGC_214.gbk	NA	_	NA	0	0	0.00	0.00
SMGC_315	prepTG_DB/Genomic_Genbanks_Additional/SMGC_315.gbk	NA	_	NA	14	14	87.50	0.00
SMGC_20	prepTG_DB/Genomic_Genbanks_Additional/SMGC_20.gbk	NA	_	NA	14	14	87.50	0.00
SMGC_288	prepTG_DB/Genomic_Genbanks_Additional/SMGC_288.gbk	NA	_	NA	14	14	87.50	0.00
SMGC_330	prepTG_DB/Genomic_Genbanks_Additional/SMGC_330.gbk	NA	_	NA	14	14	87.50	0.00
SMGC_222	prepTG_DB/Genomic_Genbanks_Additional/SMGC_222.gbk	NA	_	NA	14	14	87.50	0.00
SMGC_228	prepTG_DB/Genomic_Genbanks_Additional/SMGC_228.gbk	NA	_	NA	14	14	87.50	0.00
SMGC_265	prepTG_DB/Genomic_Genbanks_Additional/SMGC_265.gbk	NA	_	NA	14	14	87.50	0.00
SMGC_337	prepTG_DB/Genomic_Genbanks_Additional/SMGC_337.gbk	NA	_	NA	14	14	87.50	0.00
SMGC_193	prepTG_DB/Genomic_Genbanks_Additional/SMGC_193.gbk	NA	_	NA	12	12	75.00	0.00
SMGC_344	prepTG_DB/Genomic_Genbanks_Additional/SMGC_344.gbk	NA	_	NA	14	14	87.50	0.00
SMGC_28	prepTG_DB/Genomic_Genbanks_Additional/SMGC_28.gbk	NA	_	NA	14	14	87.50	0.00
SMGC_206	prepTG_DB/Genomic_Genbanks_Additional/SMGC_206.gbk	NA	_	NA	6	6	37.50	0.00
SMGC_294	prepTG_DB/Genomic_Genbanks_Additional/SMGC_294.gbk	NA	_	NA	14	14	87.50	0.00
SMGC_272	prepTG_DB/Genomic_Genbanks_Additional/SMGC_272.gbk	NA	_	NA	14	14	87.50	0.00
SMGC_213	prepTG_DB/Genomic_Genbanks_Additional/SMGC_213.gbk	NA	_	NA	14	14	87.50	0.00
SMGC_258	prepTG_DB/Genomic_Genbanks_Additional/SMGC_258.gbk	NA	_	NA	8	8	50.00	0.00
SMGC_178	prepTG_DB/Genomic_Genbanks_Additional/SMGC_178.gbk	NA	_	NA	12	11	75.00	6.25
SMGC_185	prepTG_DB/Genomic_Genbanks_Additional/SMGC_185.gbk	NA	_	NA	12	12	75.00	0.00
SMGC_250	prepTG_DB/Genomic_Genbanks_Additional/SMGC_250.gbk	NA	_	NA	14	14	87.50	0.00
SMGC_170	prepTG_DB/Genomic_Genbanks_Additional/SMGC_170.gbk	NA	_	NA	14	14	87.50	0.00
SMGC_359	prepTG_DB/Genomic_Genbanks_Additional/SMGC_359.gbk	NA	_	NA	1	1	6.25	0.00
SMGC_308	prepTG_DB/Genomic_Genbanks_Additional/SMGC_308.gbk	NA	_	NA	11	11	68.75	0.00
SMGC_300	prepTG_DB/Genomic_Genbanks_Additional/SMGC_300.gbk	NA	_	NA	10	10	62.50	0.00
SMGC_33	prepTG_DB/Genomic_Genbanks_Additional/SMGC_33.gbk	NA	_	NA	14	14	87.50	0.00
SMGC_322	prepTG_DB/Genomic_Genbanks_Additional/SMGC_322.gbk	NA	_	NA	14	14	87.50	0.00
SMGC_2	prepTG_DB/Genomic_Genbanks_Additional/SMGC_2.gbk	NA	_	NA	14	14	87.50	0.00
SMGC_243	prepTG_DB/Genomic_Genbanks_Additional/SMGC_243.gbk	NA	_	NA	14	14	87.50	0.00
SMGC_235	prepTG_DB/Genomic_Genbanks_Additional/SMGC_235.gbk	NA	_	NA	14	14	87.50	0.00
SMGC_156	prepTG_DB/Genomic_Genbanks_Additional/SMGC_156.gbk	NA	_	NA	14	14	87.50	0.00
SMGC_350	prepTG_DB/Genomic_Genbanks_Additional/SMGC_350.gbk	NA	_	NA	0	0	0.00	0.00
SMGC_366	prepTG_DB/Genomic_Genbanks_Additional/SMGC_366.gbk	NA	_	NA	14	14	87.50	0.00
SMGC_287	prepTG_DB/Genomic_Genbanks_Additional/SMGC_287.gbk	NA	_	NA	5	5	31.25	0.00
SMGC_163	prepTG_DB/Genomic_Genbanks_Additional/SMGC_163.gbk	NA	_	NA	14	14	87.50	0.00
SMGC_221	prepTG_DB/Genomic_Genbanks_Additional/SMGC_221.gbk	NA	_	NA	14	14	87.50	0.00
SMGC_336	prepTG_DB/Genomic_Genbanks_Additional/SMGC_336.gbk	NA	_	NA	14	14	87.50	0.00
SMGC_192	prepTG_DB/Genomic_Genbanks_Additional/SMGC_192.gbk	NA	_	NA	12	11	75.00	6.25
SMGC_314	prepTG_DB/Genomic_Genbanks_Additional/SMGC_314.gbk	NA	_	NA	14	14	87.50	0.00
SMGC_264	prepTG_DB/Genomic_Genbanks_Additional/SMGC_264.gbk	NA	_	NA	14	14	87.50	0.00
SMGC_184	prepTG_DB/Genomic_Genbanks_Additional/SMGC_184.gbk	NA	_	NA	14	14	87.50	0.00
SMGC_205	prepTG_DB/Genomic_Genbanks_Additional/SMGC_205.gbk	NA	_	NA	14	14	87.50	0.00
SMGC_343	prepTG_DB/Genomic_Genbanks_Additional/SMGC_343.gbk	NA	_	NA	14	14	87.50	0.00
SMGC_358	prepTG_DB/Genomic_Genbanks_Additional/SMGC_358.gbk	NA	_	NA	14	14	87.50	0.00
SMGC_177	prepTG_DB/Genomic_Genbanks_Additional/SMGC_177.gbk	NA	_	NA	14	13	87.50	6.25
SMGC_257	prepTG_DB/Genomic_Genbanks_Additional/SMGC_257.gbk	NA	_	NA	14	14	87.50	0.00
SMGC_271	prepTG_DB/Genomic_Genbanks_Additional/SMGC_271.gbk	NA	_	NA	14	14	87.50	0.00
SMGC_293	prepTG_DB/Genomic_Genbanks_Additional/SMGC_293.gbk	NA	_	NA	2	2	12.50	0.00
SMGC_279	prepTG_DB/Genomic_Genbanks_Additional/SMGC_279.gbk	NA	_	NA	4	4	25.00	0.00
SMGC_212	prepTG_DB/Genomic_Genbanks_Additional/SMGC_212.gbk	NA	_	NA	14	14	87.50	0.00
SMGC_307	prepTG_DB/Genomic_Genbanks_Additional/SMGC_307.gbk	NA	_	NA	14	14	87.50	0.00
SMGC_321	prepTG_DB/Genomic_Genbanks_Additional/SMGC_321.gbk	NA	_	NA	14	14	87.50	0.00
SMGC_17	prepTG_DB/Genomic_Genbanks_Additional/SMGC_17.gbk	NA	_	NA	14	14	87.50	0.00
SMGC_242	prepTG_DB/Genomic_Genbanks_Additional/SMGC_242.gbk	NA	_	NA	14	14	87.50	0.00
SMGC_30	prepTG_DB/Genomic_Genbanks_Additional/SMGC_30.gbk	NA	_	NA	13	13	81.25	0.00
SMGC_329	prepTG_DB/Genomic_Genbanks_Additional/SMGC_329.gbk	NA	_	NA	14	14	87.50	0.00
SMGC_155	prepTG_DB/Genomic_Genbanks_Additional/SMGC_155.gbk	NA	_	NA	14	14	87.50	0.00
SMGC_199	prepTG_DB/Genomic_Genbanks_Additional/SMGC_199.gbk	NA	_	NA	14	14	87.50	0.00
SMGC_162	prepTG_DB/Genomic_Genbanks_Additional/SMGC_162.gbk	NA	_	NA	14	14	87.50	0.00
SMGC_286	prepTG_DB/Genomic_Genbanks_Additional/SMGC_286.gbk	NA	_	NA	14	14	87.50	0.00
SMGC_365	prepTG_DB/Genomic_Genbanks_Additional/SMGC_365.gbk	NA	_	NA	1	1	6.25	0.00
SMGC_234	prepTG_DB/Genomic_Genbanks_Additional/SMGC_234.gbk	NA	_	NA	14	14	87.50	0.00
SMGC_220	prepTG_DB/Genomic_Genbanks_Additional/SMGC_220.gbk	NA	_	NA	14	14	87.50	0.00
SMGC_25	prepTG_DB/Genomic_Genbanks_Additional/SMGC_25.gbk	NA	_	NA	14	14	87.50	0.00
SMGC_227	prepTG_DB/Genomic_Genbanks_Additional/SMGC_227.gbk	NA	_	NA	14	14	87.50	0.00
SMGC_335	prepTG_DB/Genomic_Genbanks_Additional/SMGC_335.gbk	NA	_	NA	14	14	87.50	0.00
SMGC_204	prepTG_DB/Genomic_Genbanks_Additional/SMGC_204.gbk	NA	_	NA	14	14	87.50	0.00
SMGC_191	prepTG_DB/Genomic_Genbanks_Additional/SMGC_191.gbk	NA	_	NA	0	0	0.00	0.00
SMGC_292	prepTG_DB/Genomic_Genbanks_Additional/SMGC_292.gbk	NA	_	NA	14	14	87.50	0.00
SMGC_313	prepTG_DB/Genomic_Genbanks_Additional/SMGC_313.gbk	NA	_	NA	14	14	87.50	0.00
SMGC_35	prepTG_DB/Genomic_Genbanks_Additional/SMGC_35.gbk	NA	_	NA	5	5	31.25	0.00
SMGC_183	prepTG_DB/Genomic_Genbanks_Additional/SMGC_183.gbk	NA	_	NA	14	14	87.50	0.00
SMGC_169	prepTG_DB/Genomic_Genbanks_Additional/SMGC_169.gbk	NA	_	NA	7	7	43.75	0.00
SMGC_3	prepTG_DB/Genomic_Genbanks_Additional/SMGC_3.gbk	NA	_	NA	14	10	87.50	25.00
SMGC_263	prepTG_DB/Genomic_Genbanks_Additional/SMGC_263.gbk	NA	_	NA	11	11	68.75	0.00
SMGC_270	prepTG_DB/Genomic_Genbanks_Additional/SMGC_270.gbk	NA	_	NA	14	14	87.50	0.00
SMGC_342	prepTG_DB/Genomic_Genbanks_Additional/SMGC_342.gbk	NA	_	NA	13	12	81.25	6.25
SMGC_278	prepTG_DB/Genomic_Genbanks_Additional/SMGC_278.gbk	NA	_	NA	12	12	75.00	0.00
SMGC_211	prepTG_DB/Genomic_Genbanks_Additional/SMGC_211.gbk	NA	_	NA	14	14	87.50	0.00
SMGC_256	prepTG_DB/Genomic_Genbanks_Additional/SMGC_256.gbk	NA	_	NA	12	12	75.00	0.00
SMGC_176	prepTG_DB/Genomic_Genbanks_Additional/SMGC_176.gbk	NA	_	NA	14	14	87.50	0.00
SMGC_306	prepTG_DB/Genomic_Genbanks_Additional/SMGC_306.gbk	NA	_	NA	14	14	87.50	0.00
SMGC_241	prepTG_DB/Genomic_Genbanks_Additional/SMGC_241.gbk	NA	_	NA	14	14	87.50	0.00
SMGC_357	prepTG_DB/Genomic_Genbanks_Additional/SMGC_357.gbk	NA	_	NA	14	14	87.50	0.00
SMGC_161	prepTG_DB/Genomic_Genbanks_Additional/SMGC_161.gbk	NA	_	NA	14	12	87.50	12.50
SMGC_219	prepTG_DB/Genomic_Genbanks_Additional/SMGC_219.gbk	NA	_	NA	14	4	87.50	62.50
SMGC_198	prepTG_DB/Genomic_Genbanks_Additional/SMGC_198.gbk	NA	_	NA	14	14	87.50	0.00
SMGC_364	prepTG_DB/Genomic_Genbanks_Additional/SMGC_364.gbk	NA	_	NA	9	9	56.25	0.00
SMGC_249	prepTG_DB/Genomic_Genbanks_Additional/SMGC_249.gbk	NA	_	NA	9	9	56.25	0.00
SMGC_154	prepTG_DB/Genomic_Genbanks_Additional/SMGC_154.gbk	NA	_	NA	14	14	87.50	0.00
SMGC_285	prepTG_DB/Genomic_Genbanks_Additional/SMGC_285.gbk	NA	_	NA	14	14	87.50	0.00
SMGC_320	prepTG_DB/Genomic_Genbanks_Additional/SMGC_320.gbk	NA	_	NA	14	12	87.50	18.75
SMGC_328	prepTG_DB/Genomic_Genbanks_Additional/SMGC_328.gbk	NA	_	NA	0	0	0.00	0.00
SMGC_190	prepTG_DB/Genomic_Genbanks_Additional/SMGC_190.gbk	NA	_	NA	2	2	12.50	0.00
