Source_Name,Strain_ID,Other_ID,Host_ID,Host_Category,Location,Username,spacer_4,Taxonomic_ID,Common_Name,Taxonomy_Notes,spacer_3,Initial_Isolation_Date,Isolation_Method,Isolation_Media,Pure_Culture_Media,Isolation_Notes,Analysis_Type,spacer_2,Cryo_Storage_Date,Cryo_Storage_Type,Cryo_Storage_Creator,Freezer_Number,Rack_Number,Box_Number,Vial_Position,Storage_Notes,spacer_1,PMID,DOI,Notes,Record_Date,Record_Creator
Skin Microbiome Study,LK400,p3-SID891,KHID72,Healthy Skin,Umbilicus,,,Micrococcus luteus,,GTDB-tk by RS on 3/9/22,,2019-07-29,10^0,BH,BHI,,,,2019-08-01,,IKL,,,5,81,,,,,,2020-05-18 08:30,Shelby Sandstrom
Skin Microbiome Study,LK401,p3-SID892,KHID68,Healthy Skin,Occiput,,,Staphylococcus epidermidis,,GTDB-tk by RS on 3/9/22,,2019-07-29,10^0,BH,BHI,,,,2019-08-01,,IKL,,,6,1,,,,,,2020-05-18 08:30,Shelby Sandstrom
Skin Microbiome Study,LK402,p3-SID893,KHID68,Healthy Skin,Occiput,,,Micrococcus luteus,,GTDB-tk by RS on 3/9/22,,2019-07-29,10^0,BH,BHI,,,,2019-08-01,,IKL,,,6,2,,,,,,2020-05-18 08:30,Shelby Sandstrom
Skin Microbiome Study,LK405,p3-SID896,KHID64,Healthy Skin,Umbilicus,,,Enterococcus faecalis,,GTDB-tk by RS on 3/9/22,,2019-07-29,10^-2,BH,BHI,,,,2019-08-01,,IKL,,,6,5,,,,,,2020-05-18 08:30,Shelby Sandstrom
Skin Microbiome Study,LK408,p3-SID899,KHID65,Healthy Skin,Toe web space,,,Micrococcus luteus,,GTDB-tk by RS on 3/9/22,,2019-07-29,10^-2,BH,BHI,,,,2019-08-01,,IKL,,,6,8,,,,,,2020-05-18 08:30,Shelby Sandstrom
Skin Microbiome Study,LK409,p3-SID868,KHID71,Healthy Skin,Antecubital fossa,,,Micrococcus luteus,,GTDB-tk by RS on 3/9/22,,2019-07-29,10^0,BL,BHI,,,,2019-08-01,,IKL,,,6,9,,,,,,2020-05-18 08:30,Shelby Sandstrom
Skin Microbiome Study,LK410,p3-SID869,KHID70,Healthy Skin,Volar forearm,,,Micrococcus luteus,,GTDB-tk by RS on 3/9/22,,2019-07-29,10^0,BL,BHI,,,,2019-08-01,,IKL,,,6,10,,,,,,2020-05-18 08:30,Shelby Sandstrom
Skin Microbiome Study,LK411,p3-SID870,KHID70,Healthy Skin,Volar forearm,,,Corynebacterium sanguinis,,GTDB-tk by RS on 3/9/22,,2019-07-29,10^0,BL,BHI,,,,2019-08-01,,IKL,,,6,11,,,,,,2020-05-18 08:30,Shelby Sandstrom
Skin Microbiome Study,LK412,p3-SID861,KHID47,Healthy Skin,Antecubital fossa,,,Micrococcus luteus,,GTDB-tk by RS on 3/9/22,,2019-07-29,10^0,BL,BHI,,,,2019-08-01,,IKL,,,6,12,,,,,,2020-05-18 08:30,Shelby Sandstrom
Skin Microbiome Study,LK413,p3-SID855,KHID36,Healthy Skin,Occiput,,,Staphylococcus warneri,,GTDB-tk by RS on 3/9/22,,2019-07-29,10^0,BL,BHI,,,,2019-08-01,,IKL,,,6,13,,,,,,2020-05-18 08:30,Shelby Sandstrom
Skin Microbiome Study,LK414,p3-SID858,KHID36,Healthy Skin,Occiput,,,Staphylococcus warneri,,GTDB-tk by RS on 3/9/22,,2019-07-29,10^0,BH,BHI,,,,2019-08-01,,IKL,,,6,14,,,,,,2020-05-18 08:30,Shelby Sandstrom
Skin Microbiome Study,LK415,p3-SID856,KHID36,Healthy Skin,Occiput,,,Staphylococcus warneri,,GTDB-tk by RS on 3/9/22,,2019-07-29,10^0,BL,BHI,,,,2019-08-01,,IKL,,,6,15,,,,,,2020-05-18 08:30,Shelby Sandstrom
Skin Microbiome Study,LK417,p3-SID742,KHID33,Healthy Skin,Toe web space,,,Staphylococcus hominis,,GTDB-tk by RS on 3/9/22,,2019-07-26,10^-1,BL,BHI,,,,2019-08-01,,IKL,,,6,17,,,,,,2020-05-18 08:30,Shelby Sandstrom
Skin Microbiome Study,LK419,p3-SID631,KHID52,Healthy Skin,Occiput,,,Micrococcus luteus,,GTDB-tk by RS on 3/9/22,,2019-07-26,10^-1,BL,BHI,,,,2019-08-01,,IKL,,,6,19,,,,,,2020-05-18 08:30,Shelby Sandstrom
Skin Microbiome Study,LK421,p3-SID743,KHID33,Healthy Skin,Toe web space,,,Sphingobacterium daejeonense,,GTDB-tk by RS on 3/9/22,,2019-07-26,10^-1,BL,BHI,,,,2019-08-01,,IKL,,,6,21,,,,,,2020-05-18 08:30,Shelby Sandstrom
Skin Microbiome Study,LK426,p3-SID888,KHID69,Healthy Skin,Back,,,Micrococcus luteus,,GTDB-tk by RS on 3/9/22,,2019-07-29,10^0,BH,BHI,,,,2019-08-01,,IKL,,,6,26,,,,,,2020-05-18 08:30,Shelby Sandstrom
Skin Microbiome Study,LK427,p3-SID765,KHID78,Healthy Skin,Volar forearm,,,Micrococcus luteus,,GTDB-tk by RS on 3/9/22,,2019-07-29,10^-1,BH,BHI,,,,2019-08-01,,IKL,,,6,27,,,,,,2020-05-18 08:30,Shelby Sandstrom
Skin Microbiome Study,LK428,p3-SID721,KHID38,Healthy Skin,Volar forearm,,,Staphylococcus hominis,,GTDB-tk by RS on 3/9/22,,2019-07-26,10^-1,BT,BHI,,,,2019-08-01,,IKL,,,6,28,,,,,,2020-05-18 08:30,Shelby Sandstrom
Skin Microbiome Study,LK430,p3-SID675,KHID63,Healthy Skin,Antecubital fossa,,,Micrococcus luteus,,GTDB-tk by RS on 3/9/22,,2019-07-26,10^-1,BH,BHI,,,,2019-08-01,,IKL,,,6,30,,,,,,2020-05-18 08:30,Shelby Sandstrom
Skin Microbiome Study,LK432,p3-SID792,KHID74,Healthy Skin,Alar crease,,,Corynebacterium sanguinis,,GTDB-tk by RS on 3/9/22,,2019-07-29,10^-1,BL,BHI,,,,2019-08-01,,IKL,,,6,32,,,,,,2020-05-18 08:30,Shelby Sandstrom
Skin Microbiome Study,LK434,p3-SID879,KHID48,Healthy Skin,Umbilicus,,,Corynebacterium amycolatum,,GTDB-tk by RS on 3/9/22,,2019-07-29,10^0,BH,BHI,,,,2019-08-01,,IKL,,,6,34,,,,,,2020-05-18 08:30,Shelby Sandstrom
Skin Microbiome Study,LK439,p3-SID800,KHID74,Healthy Skin,Alar crease,,,Dietzia cinnamea,,GTDB-tk by RS on 3/9/22,,2019-07-29,10^-1,BH,BHI,,,,2019-08-01,,IKL,,,6,39,,,,,,2020-05-18 08:30,Shelby Sandstrom
Skin Microbiome Study,LK441,p3-SID810,KHID77,Healthy Skin,Back,,,Micrococcus luteus,,GTDB-tk by RS on 3/9/22,,2019-07-29,10^-1,BH,BHI,,,,2019-08-01,,IKL,,,6,41,,,,,,2020-05-18 08:30,Shelby Sandstrom
Skin Microbiome Study,LK442,p3-SID701,KHID43,Healthy Skin,Nare,,,Klebsiella pneumoniae,,GTDB-tk by RS on 3/9/22,,2019-07-26,10^-1,BL,BHI,,,,2019-08-01,,IKL,,,6,42,,,,,,2020-05-18 08:30,Shelby Sandstrom
Skin Microbiome Study,LK443,p3-SID750,KHID31,Healthy Skin,Antecubital fossa,,,Micrococcus luteus,,GTDB-tk by RS on 3/9/22,,2019-07-26,10^-1,BL,BHI,,,,2019-08-01,,IKL,,,6,43,,,,,,2020-05-18 08:30,Shelby Sandstrom
Skin Microbiome Study,LK444,p3-SID751,KHID32,Healthy Skin,Umbilicus,,,Corynebacterium amycolatum,,GTDB-tk by RS on 3/9/22,,2019-07-26,10^-1,BH,BHI,,,,2019-08-01,,IKL,,,6,44,,,,,,2020-05-18 08:30,Shelby Sandstrom
Skin Microbiome Study,LK445,p3-SID612,KHID54,Healthy Skin,Volar forearm,,,Staphylococcus epidermidis,,GTDB-tk by RS on 3/9/22,,2019-07-26,10^-1,BT,BHI,,,,2019-08-01,,IKL,,,6,45,,,,,,2020-05-18 08:30,Shelby Sandstrom
Skin Microbiome Study,LK455,p3-SID723,KHID34,Healthy Skin,Alar crease,,,Micrococcus luteus,,GTDB-tk by RS on 3/9/22,,2019-07-26,10^-1,BT,BHI,,,,2019-08-01,,IKL,,,6,55,,,,,,2020-05-18 08:30,Shelby Sandstrom
Skin Microbiome Study,LK458,p3-SID663,KHID59,Healthy Skin,Nare,,,Klebsiella pneumoniae,,GTDB-tk by RS on 3/9/22,,2019-07-26,10^-1,BL,BHI,,,,2019-08-01,,IKL,,,6,58,,,,,,2020-05-18 08:30,Shelby Sandstrom
Skin Microbiome Study,LK459,p3-SID728,KHID30,Healthy Skin,Volar forearm,,,Staphylococcus epidermidis,,GTDB-tk by RS on 3/9/22,,2019-07-26,10^-1,BL,BHI,,,,2019-08-01,,IKL,,,6,59,,,,,,2020-05-18 08:30,Shelby Sandstrom
Skin Microbiome Study,LK460,p3-SID620,KHID62,Healthy Skin,Volar forearm,,,Staphylococcus epidermidis,,GTDB-tk by RS on 3/9/22,,2019-07-26,10^-1,BT,BHI,,,,2019-08-01,,IKL,,,6,60,,,,,,2020-05-18 08:30,Shelby Sandstrom
Skin Microbiome Study,LK464,p3-SID801,KHID74,Healthy Skin,Alar crease,,,Peribacillus frigoritolerans,,GTDB-tk by RS on 3/9/22,,2019-07-29,10^-1,BH,BHI,,,,2019-08-01,,IKL,,,6,64,,,,,,2020-05-18 08:30,Shelby Sandstrom
Skin Microbiome Study,LK465,p3-SID764,KHID75,Healthy Skin,Nare,,,Corynebacterium pseudodiphtheriticum,,GTDB-tk by RS on 3/9/22,,2019-07-29,10^-1,BL,BHI,,,,2019-08-01,,IKL,,,6,65,,,,,,2020-05-18 08:30,Shelby Sandstrom
Skin Microbiome Study,LK466,p3-SID763,KHID75,Healthy Skin,Nare,,,Corynebacterium pseudodiphtheriticum,,GTDB-tk by RS on 3/9/22,,2019-07-29,10^-1,BL,BHI,,,,2019-08-01,,IKL,,,6,66,,,,,,2020-05-18 08:30,Shelby Sandstrom
Skin Microbiome Study,LK467,p3-SID733,KHID30,Healthy Skin,Volar forearm,,,Micrococcus luteus,,GTDB-tk by RS on 3/9/22,,2019-07-26,10^-1,BH,BHI,,,,2019-08-01,,IKL,,,6,67,,,,,,2020-05-18 08:30,Shelby Sandstrom
Skin Microbiome Study,LK469,p3-SID656,KHID59,Healthy Skin,Nare,,,Klebsiella pneumoniae,,GTDB-tk by RS on 3/9/22,,2019-07-26,10^-1,BH,BHI,,,,2019-08-01,,IKL,,,6,69,,,,,,2020-05-18 08:30,Shelby Sandstrom
Skin Microbiome Study,LK470,p3-SID653,KHID67,Healthy Skin,Nare,,,Staphylococcus epidermidis,,GTDB-tk by RS on 3/9/22,,2019-07-26,10^-1,BT,BHI,,,,2019-08-01,,IKL,,,6,70,,,,,,2020-05-18 08:30,Shelby Sandstrom
Skin Microbiome Study,LK478,p3-SID866,KHID71,Healthy Skin,Antecubital fossa,,,Kocuria marina,,GTDB-tk by RS on 3/9/22,,2019-07-29,10^0,BT,BHI,,,,2019-08-01,,IKL,,,6,78,,,,,,2020-05-18 08:30,Shelby Sandstrom
Skin Microbiome Study,LK479,p3-SID867,KHID71,Healthy Skin,Antecubital fossa,,,Paenibacillus sp001860525,,GTDB-tk by RS on 3/9/22,,2019-07-29,10^0,BT,BHI,,,,2019-08-01,,IKL,,,6,79,,,,,,2020-05-18 08:30,Shelby Sandstrom
Skin Microbiome Study,LK485,p3-SID741,KHID33,Healthy Skin,Toe web space,,,Sphingobacterium hotanense,,GTDB-tk by RS on 3/9/22,,2019-07-26,10^-1,BL,BHI,,,,2019-08-01,,IKL,,,7,4,,,,,,2020-05-18 08:30,Shelby Sandstrom
Skin Microbiome Study,LK488,p3-SID752,KHID32,Healthy Skin,Umbilicus,,,Corynebacterium glucuronolyticum,,GTDB-tk by RS on 3/9/22,,2019-07-26,10^-1,BH,BHI,,,,2019-08-01,,IKL,,,7,7,,,,,,2020-05-18 08:30,Shelby Sandstrom
Skin Microbiome Study,LK489,p3-SID760,KHID47,Healthy Skin,Antecubital fossa,,,Staphylococcus saprophyticus,,GTDB-tk by RS on 3/9/22,,2019-07-26,10^-1,BT,BHI,,,,2019-08-01,,IKL,,,7,8,,,,,,2020-05-18 08:30,Shelby Sandstrom
Skin Microbiome Study,LK494,p3-SID762,KHID35,Healthy Skin,Nare,,,Citrobacter freundii,,GTDB-tk by RS on 3/9/22,,2019-07-29,10^-2,BL,BHI,,,,2019-08-06,,IKL,,,7,13,,,,,,2020-05-18 08:30,Shelby Sandstrom
Skin Microbiome Study,LK500,p3-SID599,KHID58,Healthy Skin,Alar crease,,,Klebsiella aerogenes,,GTDB-tk by RS on 3/9/22,,2019-07-26,10^-1,BL,BHI,,,,2019-08-06,,IKL,,,7,19,,,,,,2020-05-18 08:30,Shelby Sandstrom
Skin Microbiome Study,LK501,p3-SID600,KHID58,Healthy Skin,Alar crease,,,Klebsiella aerogenes,,GTDB-tk by RS on 3/9/22,,2019-07-26,10^-1,BL,BHI,,,,2019-08-06,,IKL,,,7,20,,,,,,2020-05-18 08:30,Shelby Sandstrom
Skin Microbiome Study,LK508,p3-SID653,KHID67,Healthy Skin,Nare,,,Micrococcus luteus,,GTDB-tk by RS on 3/9/22,,2019-07-26,10^-1,BT,BHI,,,,2019-08-06,,IKL,,,7,27,,,,,,2020-05-18 08:30,Shelby Sandstrom
Skin Microbiome Study,LK517,p3-SID732,KHID30,Healthy Skin,Volar forearm,,,Micrococcus luteus,,GTDB-tk by RS on 3/9/22,,2019-07-26,10^-1,BH,BHI,,,,2019-08-06,,IKL,,,7,36,,,,,,2020-05-18 08:30,Shelby Sandstrom
Skin Microbiome Study,LK518,p3-SID767,KHID78,Healthy Skin,Volar forearm,,,Nesterenkonia massiliensis,,GTDB-tk by RS on 3/9/22,,2019-07-29,10^-1,BH,BHI,,,,2019-08-06,,IKL,,,7,37,,,,,,2020-05-18 08:30,Shelby Sandstrom
Skin Microbiome Study,LK519,p3-SID766,KHID78,Healthy Skin,Volar forearm,,,Corynebacterium sanguinis,,GTDB-tk by RS on 3/9/22,,2019-07-29,10^-1,BH,BHI,,,,2019-08-06,,IKL,,,7,38,,,,,,2020-05-18 08:30,Shelby Sandstrom
Skin Microbiome Study,LK522,p3-SID877,KHID64,Healthy Skin,Umbilicus,,,Dermabacter hominis,,GTDB-tk by RS on 3/9/22,,2019-07-29,10^-2,BL,BHI,,,,2019-08-06,,IKL,,,7,41,,,,,,2020-05-18 08:30,Shelby Sandstrom
Skin Microbiome Study,LK523,p3-SID719,KHID44,Healthy Skin,Occiput,,,Staphylococcus epidermidis,,GTDB-tk by RS on 3/9/22,,2019-07-26,10^-1,BT,BHI,,,,2019-08-06,,IKL,,,7,42,,,,,,2020-05-18 08:30,Shelby Sandstrom
Skin Microbiome Study,LK524,p3-SID654,KHID67,Healthy Skin,Nare,,,Staphylococcus aureus,,GTDB-tk by RS on 3/9/22,,2019-07-26,10^-1,BT,BHI,,,,2019-08-06,,IKL,,,7,43,,,,,,2020-05-18 08:30,Shelby Sandstrom
Skin Microbiome Study,LK525,p3-SID597,KHID58,Healthy Skin,Alar crease,,,Klebsiella aerogenes,,GTDB-tk by RS on 3/9/22,,2019-07-26,10^-1,BH,BHI,,,,2019-08-06,,IKL,,,7,44,,,,,,2020-05-18 08:30,Shelby Sandstrom
Skin Microbiome Study,LK526,p3-SID595,KHID58,Healthy Skin,Alar crease,,,Klebsiella aerogenes,,GTDB-tk by RS on 3/9/22,,2019-07-26,10^-1,BH,BHI,,,,2019-08-06,,IKL,,,7,45,,,,,,2020-05-18 08:30,Shelby Sandstrom
Skin Microbiome Study,LK527,p3-SID596,KHID58,Healthy Skin,Alar crease,,,Klebsiella aerogenes,,GTDB-tk by RS on 3/9/22,,2019-07-26,10^-1,BH,BHI,,,,2019-08-06,,IKL,,,7,46,,,,,,2020-05-18 08:30,Shelby Sandstrom
Skin Microbiome Study,LK533,p3-SID791,KHID74,Healthy Skin,Alar crease,,,Staphylococcus epidermidis,,GTDB-tk by RS on 3/9/22,,2019-07-29,10^-1,BL,BHI,,,,2019-08-06,,IKL,,,7,52,,,,,,2020-05-18 08:30,Shelby Sandstrom
Skin Microbiome Study,LK538,p3-SID813,KHID77,Healthy Skin,Back,,,Janibacter hoylei,,GTDB-tk by RS on 3/9/22,,2019-07-29,10^-1,BH,BHI,,,,2019-08-06,,IKL,,,7,57,,,,,,2020-05-18 08:30,Shelby Sandstrom
Skin Microbiome Study,LK540,p3-SID793,KHID74,Healthy Skin,Alar crease,,,Micrococcus luteus,,GTDB-tk by RS on 3/9/22,,2019-07-29,10^-1,BL,BHI,,,,2019-08-06,,IKL,,,7,59,,,,,,2020-05-18 08:30,Shelby Sandstrom
Skin Microbiome Study,LK542,p3-SID630,KHID52,Healthy Skin,Occiput,,,Micrococcus luteus,,GTDB-tk by RS on 3/9/22,,2019-07-26,10^-1,BL,BHI,,,,2019-08-06,,IKL,,,7,61,,,,,,2020-05-18 08:30,Shelby Sandstrom
Skin Microbiome Study,LK553,p3-SID690,KHID57,Healthy Skin,Toe web space,,,Micrococcus luteus,,GTDB-tk by RS on 3/9/22,,2019-07-26,10^-1,BL,BHI,,,,2019-08-06,,IKL,,,7,72,,,,,,2020-05-18 08:30,Shelby Sandstrom
Skin Microbiome Study,LK557,p3-SID715,KHID40,Healthy Skin,Umbilicus,,,Dermabacter hominis,,GTDB-tk by RS on 3/9/22,,2019-07-26,10^-1,BL,BHI,,,,2019-08-06,,IKL,,,7,76,,,,,,2020-05-18 08:30,Shelby Sandstrom
Skin Microbiome Study,LK561,p3-SID581,KHID67,Healthy Skin,Nare,,,Corynebacterium propinquum,,GTDB-tk by RS on 3/9/22,,2019-07-26,10^-1,BL,BHI,,,,2019-08-06,,IKL,,,7,80,,,,,,2020-05-18 08:30,Shelby Sandstrom
Skin Microbiome Study,LK566,p3-SID619,KHID66,Healthy Skin,Alar crease,,,Micrococcus luteus,,GTDB-tk by RS on 3/9/22,,2019-07-26,10^-1,BT,BHI,,,,2019-08-06,,IKL,,,8,4,,,,,,2020-05-18 08:30,Shelby Sandstrom
Skin Microbiome Study,LK569,p3-SID709,KHID29,Healthy Skin,Back,,,Micrococcus luteus,,GTDB-tk by RS on 3/9/22,,2019-07-26,10^-1,BH,BHI,,,,2019-08-06,,IKL,,,8,7,,,,,,2020-05-18 08:30,Shelby Sandstrom
Skin Microbiome Study,LK570,p3-SID696,KHID43,Healthy Skin,Nare,,,Raoultella ornithinolytica,,GTDB-tk by RS on 3/9/22,,2019-07-26,10^-1,BH,BHI,,,,2019-08-06,,IKL,,,8,8,,,,,,2020-05-18 08:30,Shelby Sandstrom
Skin Microbiome Study,LK572,p3-SID917,KHID68,Healthy Skin,Occiput,,,Kocuria carniphila,,GTDB-tk by RS on 3/9/22,,2019-07-31,10^0,BH,BHI,,,,2019-08-06,,IKL,,,8,10,,,,,,2020-05-18 08:30,Shelby Sandstrom
Skin Microbiome Study,LK579,p3-SID884,KHID45,Healthy Skin,Back,,,Kocuria marina,,GTDB-tk by RS on 3/9/22,,2019-07-29,10^0,BH,BHI,,,,2019-08-06,,IKL,,,8,17,,,,,,2020-05-18 08:30,Shelby Sandstrom
Skin Microbiome Study,LK583,p3-SID695,KHID43,Healthy Skin,Nare,,,Klebsiella pneumoniae,,GTDB-tk by RS on 3/9/22,,2019-07-26,10^-1,BH,BHI,,,,2019-08-06,,IKL,,,8,21,,,,,,2020-05-18 08:30,Shelby Sandstrom
Skin Microbiome Study,LK586,p3-SID921,KHID74,Healthy Skin,Alar crease,,,Corynebacterium sanguinis,,GTDB-tk by RS on 3/9/22,,2019-07-31,10^-1,BH,BHI,,,,2019-08-06,,IKL,,,8,24,,,,,,2020-05-18 08:30,Shelby Sandstrom
Skin Microbiome Study,LK588,p3-SID780,KHID77,Healthy Skin,Back,,,Staphylococcus epidermidis,,GTDB-tk by RS on 3/9/22,,2019-07-29,10^-1,BT,BHI,,,,2019-08-29,,IKL,,,8,26,,,,,,2020-05-18 08:30,Shelby Sandstrom
Skin Microbiome Study,LK590,p3-SID584,KHID55,Healthy Skin,Antecubital fossa,,,Staphylococcus epidermidis,,GTDB-tk by RS on 3/9/22,,2019-07-26,10^-1,BT,BHI,,,,2019-08-29,,IKL,,,8,28,,,,,,2020-05-18 08:30,Shelby Sandstrom
Skin Microbiome Study,LK591,p3-SID886,KHID50,Healthy Skin,Alar crease,,,Enterobacter hormaechei,,GTDB-tk by RS on 3/9/22,,2019-07-29,10^0,BH,BHI,,,,2019-08-29,,IKL,,,8,29,,,,,,2020-05-18 08:30,Shelby Sandstrom
Skin Microbiome Study,LK593,p3-SID786,KHID78,Healthy Skin,Volar forearm,,,Staphylococcus epidermidis,,GTDB-tk by RS on 3/9/22,,2019-07-29,10^-1,BT,BHI,,,,2019-08-29,,IKL,,,8,31,,,,,,2020-05-18 08:30,Shelby Sandstrom
Skin Microbiome Study,LK595,p3-SID790,KHID74,Healthy Skin,Alar crease,,,Staphylococcus epidermidis,,GTDB-tk by RS on 3/9/22,,2019-07-29,10^-1,BL,BHI,,,,2019-08-29,,IKL,,,8,33,,,,,,2020-05-18 08:30,Shelby Sandstrom
Skin Microbiome Study,LK602,p3-SID818,KHID79,Healthy Skin,Antecubital fossa,,,Staphylococcus epidermidis,,GTDB-tk by RS on 3/9/22,,2019-07-29,10^-1,BL,BHI,,,,2019-08-29,,IKL,,,8,40,,,,,,2020-05-18 08:30,Shelby Sandstrom
Skin Microbiome Study,LK604,p3-SID875,KHID56,Healthy Skin,Umbilicus,,,Micrococcus luteus,,GTDB-tk by RS on 3/9/22,,2019-07-29,10^-2,BH,BHI,,,,2019-08-29,,IKL,,,8,42,,,,,,2020-05-18 08:30,Shelby Sandstrom
Skin Microbiome Study,LK605,p3-SID829,KHID76,Healthy Skin,Occiput,,,Staphylococcus epidermidis,,GTDB-tk by RS on 3/9/22,,2019-07-29,10^-1,BL,BHI,,,,2019-08-29,,IKL,,,8,43,,,,,,2020-05-18 08:30,Shelby Sandstrom
Skin Microbiome Study,LK610,p3-SID799,KHID74,Healthy Skin,Alar crease,,,Staphylococcus epidermidis,,GTDB-tk by RS on 3/9/22,,2019-07-29,10^-1,BH,BHI,,,,2019-08-29,,IKL,,,8,48,,,,,,2020-05-18 08:30,Shelby Sandstrom
Skin Microbiome Study,LK617,p3-SID713,KHID48,Healthy Skin,Umbilicus,,,Helcococcus kunzii,,GTDB-tk by RS on 3/9/22,,2019-07-26,10^-1,BL,BHI,,,,2019-08-29,,IKL,,,8,55,,,,,,2020-05-18 08:30,Shelby Sandstrom
Skin Microbiome Study,LK619,p3-SID664,KHID59,Healthy Skin,Nare,,,Klebsiella pneumoniae,,GTDB-tk by RS on 3/9/22,,2019-07-26,10^-1,BL,BHI,,,,2019-08-29,,IKL,,,8,57,,,,,,2020-05-18 08:30,Shelby Sandstrom
Skin Microbiome Study,LK630,p3-SID772,KHID77,Healthy Skin,Back,,,Brachybacterium muris,,GTDB-tk by RS on 3/9/22,,2019-07-29,10^-1,BL,BHI,,,,2019-08-29,,IKL,,,8,68,,,,,,2020-05-18 08:30,Shelby Sandstrom
Skin Microbiome Study,LK639,p3-SID826,KHID76,Healthy Skin,Occiput,,,Dietzia cinnamea,,GTDB-tk by RS on 3/9/22,,2019-07-29,10^-1,BH,BHI,,,,2019-08-29,,IKL,,,8,77,,,,,,2020-05-18 08:30,Shelby Sandstrom
Skin Microbiome Study,LK661,p3-SID726,KHID30,Healthy Skin,Volar forearm,,,Micrococcus luteus,,GTDB-tk by RS on 3/9/22,,2019-07-26,10^-1,BL,BHI,,,,2019-08-12,,IKL,,,9,18,,,,,,2020-05-18 08:30,Shelby Sandstrom
Skin Microbiome Study,LK666,p3-SID807,KHID74,Healthy Skin,Alar crease,,,Lysinibacillus capsici,,GTDB-tk by RS on 3/9/22,,2019-07-29,10^-1,BT,BHI,,,,2019-08-12,,IKL,,,9,23,,,,,,2020-05-18 08:30,Shelby Sandstrom
Skin Microbiome Study,LK668,p3-SID809,KHID74,Healthy Skin,Alar crease,,,Lysinibacillus capsici,,GTDB-tk by RS on 3/9/22,,2019-07-29,10^-1,BT,BHI,,,,2019-08-12,,IKL,,,9,25,,,,,,2020-05-18 08:30,Shelby Sandstrom
Skin Microbiome Study,LK669,p3-SID773,KHID77,Healthy Skin,Back,,,Lysinibacillus capsici,,GTDB-tk by RS on 3/9/22,,2019-07-29,10^-1,BL,BHI,,,,2019-08-12,,IKL,,,9,26,,,,,,2020-05-18 08:30,Shelby Sandstrom
Skin Microbiome Study,LK670,p3-SID703,KHID43,Healthy Skin,Nare,,,Klebsiella pneumoniae,,GTDB-tk by RS on 3/9/22,,2019-07-26,10^-1,BT,BHI,,,,2019-08-12,,IKL,,,9,27,,,,,,2020-05-18 08:30,Shelby Sandstrom
Skin Microbiome Study,LK671,p3-SID704,KHID43,Healthy Skin,Nare,,,Lysinibacillus capsici,,GTDB-tk by RS on 3/9/22,,2019-07-26,10^-1,BT,BHI,,,,2019-08-12,,IKL,,,9,28,,,,,,2020-05-18 08:30,Shelby Sandstrom
Skin Microbiome Study,LK672,p3-SID845,KHID79,Healthy Skin,Antecubital fossa,,,Corynebacterium sanguinis,,GTDB-tk by RS on 3/9/22,,2019-07-29,10^-1,BH,BHI,,,,2019-08-12,,IKL,,,9,29,,,,,,2020-05-18 08:30,Shelby Sandstrom
Skin Microbiome Study,LK679,p3-SID812,KHID77,Healthy Skin,Back,,,Janibacter hoylei,,GTDB-tk by RS on 3/9/22,,2019-07-29,10^-1,BH,BHI,,,,2019-08-12,,IKL,,,9,36,,,,,,2020-05-18 08:30,Shelby Sandstrom
Skin Microbiome Study,LK687,p3-SID798,KHID74,Healthy Skin,Alar crease,,,Corynebacterium sanguinis,,GTDB-tk by RS on 3/9/22,,2019-07-29,10^-1,BH,BHI,,,,2019-08-12,,IKL,,,9,44,,,,,,2020-05-18 08:30,Shelby Sandstrom
Skin Microbiome Study,LK694,p3-SID625,KHID62,Healthy Skin,Volar forearm,,,Micrococcus luteus,,GTDB-tk by RS on 3/9/22,,2019-07-26,10^-1,BL,BHI,,,,2019-08-12,,IKL,,,9,51,,,,,,2020-05-18 08:30,Shelby Sandstrom
Skin Microbiome Study,LK697,p3-SID627,KHID70,Healthy Skin,Volar forearm,,,Micrococcus luteus,,GTDB-tk by RS on 3/9/22,,2019-07-26,10^-1,BT,BHI,,,,2019-08-12,,IKL,,,9,54,,,,,,2020-05-18 08:30,Shelby Sandstrom
Skin Microbiome Study,LK698,p3-SID882,KHID45,Healthy Skin,Back,,,Kocuria marina,,GTDB-tk by RS on 3/9/22,,2019-07-29,10^0,BL,BHI,,,,2019-08-12,,IKL,,,9,55,,,,,,2020-05-18 08:30,Shelby Sandstrom
Skin Microbiome Study,LK700,p3-SID830,KHID76,Healthy Skin,Occiput,,,Corynebacterium sanguinis,,GTDB-tk by RS on 3/9/22,,2019-07-29,10^-1,BL,BHI,,,,2019-08-12,,IKL,,,9,57,,,,,,2020-05-18 08:30,Shelby Sandstrom
Skin Microbiome Study,LK704,p3-SID761,KHID35,Healthy Skin,Nare,,,Citrobacter freundii,,GTDB-tk by RS on 3/9/22,,2019-07-29,10^-2,BL,BHI,,,,2019-08-12,,IKL,,,9,61,,,,,,2020-05-18 08:30,Shelby Sandstrom
Skin Microbiome Study,LK705,p3-SID783,KHID78,Healthy Skin,Volar forearm,,,Micrococcus luteus,,GTDB-tk by RS on 3/9/22,,2019-07-29,10^-1,BT,BHI,,,,2019-08-12,,IKL,,,9,62,,,,,,2020-05-18 08:30,Shelby Sandstrom
Skin Microbiome Study,LK712,p3-SID844,KHID79,Healthy Skin,Antecubital fossa,,,Niallia taxi,,GTDB-tk by RS on 3/9/22,,2019-07-29,10^-1,BH,BHI,,,,2019-08-12,,IKL,,,9,69,,,,,,2020-05-18 08:30,Shelby Sandstrom
Skin Microbiome Study,LK716,p3-SID847,KHID79,Healthy Skin,Antecubital fossa,,,Lysinibacillus capsici,,GTDB-tk by RS on 3/9/22,,2019-07-29,10^-1,BH,BHI,,,,2019-08-12,,IKL,,,9,73,,,,,,2020-05-18 08:30,Shelby Sandstrom
Skin Microbiome Study,LK719,p3-SID588,KHID55,Healthy Skin,Antecubital fossa,,,Micrococcus luteus,,GTDB-tk by RS on 3/9/22,,2019-07-26,10^-1,BH,BHI,,,,2019-08-12,,IKL,,,9,76,,,,,,2020-05-18 08:30,Shelby Sandstrom
Skin Microbiome Study,LK729,p3-SID1016,KHID115,Healthy Skin,Back,,,Staphylococcus aureus,,GTDB-tk by RS on 3/9/22,,2019-09-19,10^0,B,BHI,,,,2019-10-08,,MR,,,10,5,,,,,,2020-05-18 08:30,Shelby Sandstrom
Skin Microbiome Study,LK792,p3-SID1079,KHID83,Healthy Skin,Occiput,,,Micrococcus luteus,,GTDB-tk by RS on 3/9/22,,2019-09-19,10^0,BD,BHI,,,,2019-10-08,,MR,,,10,68,,,,,,2020-05-18 08:30,Shelby Sandstrom
Skin Microbiome Study,LK871,p3-SID1306,KHID108,Healthy Skin,Volar forearm,,,Corynebacterium sanguinis,,GTDB-tk by RS on 3/9/22,,2019-09-19,10^0,B,BHI,,,,2019-10-28,,SAS,,,11,66,,,,,,2020-05-18 08:30,Shelby Sandstrom
Skin Microbiome Study,LK894,p3-SID1236,KHID111,Healthy Skin,Toe web space,,,Klebsiella aerogenes,,GTDB-tk by RS on 3/9/22,,2019-09-19,10^0,BT,BHI,,,,2019-11-15,,IKL,,,12,8,,,,,,2020-05-18 08:30,Shelby Sandstrom
Skin Microbiome Study,LK904,p3-SID1233,KHID111,Healthy Skin,Toe web space,,,Brevibacterium casei,,GTDB-tk by RS on 3/9/22,,2019-09-19,10^0,BT,BHI,,,,2019-11-15,,IKL,,,12,18,,,,,,2020-05-18 08:30,Shelby Sandstrom
Skin Microbiome Study,LK930,p3-SID1220,KHID86,Healthy Skin,Antecubital fossa,,,Corynebacterium mucifaciens,,GTDB-tk by RS on 3/9/22,,2019-09-19,10^0,BT,BHI,,,,2019-11-18,,SAS,,,12,44,,,,,,2020-05-18 08:30,Shelby Sandstrom
Skin Microbiome Study,LK931,p3-SID1140,KHID92,Healthy Skin,Back,,,Corynebacterium,,GTDB-tk by RS on 3/9/22,,2019-09-19,10^0,BT,BHI,,,,2019-11-18,,SAS,,,12,45,,,,,,2020-05-18 08:30,Shelby Sandstrom
Skin Microbiome Study,LK934,p3-SID1135,KHID105,Healthy Skin,Nare,,,Kocuria rhizophila,,GTDB-tk by RS on 3/9/22,,2019-09-19,10^0,B,BHI,,,,2019-11-18,,SAS,,,12,48,,,,,,2020-05-18 08:30,Shelby Sandstrom
Skin Microbiome Study,LK935,p3-SID1263,KHID102,Healthy Skin,Umbilicus,,,Corynebacterium glucuronolyticum,,GTDB-tk by RS on 3/9/22,,2019-09-19,10^0,BD,BHI,,,,2019-11-18,,SAS,,,12,49,,,,,,2020-05-18 08:30,Shelby Sandstrom
Skin Microbiome Study,LK936,p3-SID1243,KHID112,Healthy Skin,Alar crease,,,Corynebacterium sanguinis,,GTDB-tk by RS on 3/9/22,,2019-09-19,10^0,BD,BHI,,,,2019-11-18,,SAS,,,12,50,,,,,,2020-05-18 08:30,Shelby Sandstrom
Skin Microbiome Study,LK938,p3-SID1200,KHID111,Healthy Skin,Toe web space,,,Brachybacterium paraconglomeratum,,GTDB-tk by RS on 3/9/22,,2019-09-19,10^0,BD,BHI,,,,2019-11-18,,SAS,,,12,52,,,,,,2020-05-18 08:30,Shelby Sandstrom
Skin Microbiome Study,LK941,p3-SID797,KHID74,Healthy Skin,Alar crease,,,Micrococcus luteus,,GTDB-tk by RS on 3/9/22,,2019-07-29,10^-1,BH,BHI,,,,2019-11-18,,SAS,,,12,55,,,,,,2020-05-18 08:30,Shelby Sandstrom
Skin Microbiome Study,LK942,p3-SID1246,KHID112,Healthy Skin,Alar crease,,,Corynebacterium sanguinis,,GTDB-tk by RS on 3/9/22,,2019-09-19,10^0,BD,BHI,,,,2019-11-18,,SAS,,,12,56,,,,,,2020-05-18 08:30,Shelby Sandstrom
Skin Microbiome Study,LK945,p3-SID1303,KHID108,Healthy Skin,Volar forearm,,,Micromonospora chalcea,,GTDB-tk by RS on 3/9/22,,2019-09-19,10^0,B,BHI,,,,2019-11-18,,SAS,,,12,59,,,,,,2020-05-18 08:30,Shelby Sandstrom
Skin Microbiome Study,LK946,p3-SID1145,KHID92,Healthy Skin,Back,,,Corynebacterium,,GTDB-tk by RS on 3/9/22,,2019-09-19,10^0,BD,BHI,,,,2019-11-18,,SAS,,,12,60,,,,,,2020-05-18 08:30,Shelby Sandstrom
Skin Microbiome Study,LK948,p3-SID1129,KHID105,Healthy Skin,Nare,,,Corynebacterium accolens,,GTDB-tk by RS on 3/9/22,,2019-09-19,10^0,BD,BHI + Tween,,,,2019-11-21,,MR,,,12,62,,,,,,2020-05-18 08:30,Shelby Sandstrom
Skin Microbiome Study,LK949,p3-SID1051,KHID119,Healthy Skin,Toe web space,,,Dietzia maris,,GTDB-tk by RS on 3/9/22,,2019-09-19,10^0,BT,BHI,,,,2019-11-21,,MR,,,12,63,,,,,,2020-05-18 08:30,Shelby Sandstrom
Skin Microbiome Study,LK950,p3-SID1015,KHID115,Healthy Skin,Back,,,Corynebacterium sanguinis,,GTDB-tk by RS on 3/9/22,,2019-09-19,10^0,B,BHI,,,,2019-11-21,,MR,,,12,64,,,,,,2020-05-18 08:30,Shelby Sandstrom
Skin Microbiome Study,LK951,p3-SID1062,KHID119,Healthy Skin,Toe web space,,,Dietzia cercidiphylli,,GTDB-tk by RS on 3/9/22,,2019-09-19,10^0,B,BHI,,,,2019-11-21,,MR,,,12,65,,,,,,2020-05-18 08:30,Shelby Sandstrom
Skin Microbiome Study,LK952,p3-SID1056,KHID119,Healthy Skin,Toe web space,,,Corynebacterium,,GTDB-tk by RS on 3/9/22,,2019-09-19,10^0,B,BHI,,,,2019-11-21,,MR,,,12,66,,,,,,2020-05-18 08:30,Shelby Sandstrom
Skin Microbiome Study,LK953,p3-SID1327,KHID81,Healthy Skin,Alar crease,,,Cutibacterium avidum,,GTDB-tk by RS on 3/9/22,,2019-09-19,10^0,BD,BHI,,,,2019-11-21,,MR,,,12,67,,,,,,2020-05-18 08:30,Shelby Sandstrom
Skin Microbiome Study,LK955,p3-SID1244,KHID112,Healthy Skin,Alar crease,,,Corynebacterium sanguinis,,GTDB-tk by RS on 3/9/22,,2019-09-19,10^0,BD,BHI,,,,2019-11-21,,MR,,,12,69,,,,,,2020-05-18 08:30,Shelby Sandstrom
Skin Microbiome Study,LK956,p3-SID1224,KHID117,Healthy Skin,Antecubital fossa,,,Corynebacterium sanguinis,,GTDB-tk by RS on 3/9/22,,2019-09-19,10^0,B,BHI,,,,2019-11-21,,MR,,,12,70,,,,,,2020-05-18 08:30,Shelby Sandstrom
Skin Microbiome Study,LK960,p3-SID1433,KHID139,Healthy Skin,Back,,,Kocuria,,GTDB-tk by RS on 3/9/22,,2019-09-16,10^0,B,BHI + Tween,,,,2019-11-23,,SAS,,,12,74,,,,,,2020-05-18 08:30,Shelby Sandstrom
Skin Microbiome Study,LK970,p3-SID1377a,KHID144,Healthy Skin,Alar crease,,,Dietzia cinnamea,,GTDB-tk by RS on 3/9/22,,2019-09-16,10^0,B,BHI + Tween,,,,2019-11-23,,SAS,,,13,3,,,,,,2020-05-18 08:30,Shelby Sandstrom
Skin Microbiome Study,LK975,p3-SID1379,KHID144,Healthy Skin,Alar crease,,,Dietzia cinnamea,,GTDB-tk by RS on 3/9/22,,2019-09-16,10^0,B,BHI + Tween,,,,2019-11-23,,SAS,,,13,8,,,,,,2020-05-18 08:30,Shelby Sandstrom
Skin Microbiome Study,LK978,p3-SID1381,KHID143,Healthy Skin,Toe web space,,,Brevibacterium casei,,GTDB-tk by RS on 3/9/22,,2019-09-16,10^0,BT,BHI + Tween,,,,2019-11-23,,SAS,,,13,11,,,,,,2020-05-18 08:30,Shelby Sandstrom
Skin Microbiome Study,LK984,p3-SID1378,KHID144,Healthy Skin,Alar crease,,,Dietzia cinnamea,,GTDB-tk by RS on 3/9/22,,2019-09-16,10^0,B,BHI + Tween,,,,2019-11-23,,SAS,,,13,17,,,,,,2020-05-18 08:30,Shelby Sandstrom
Skin Microbiome Study,LK1000,p3-SID1428,KHID134,Healthy Skin,Umbilicus,,,Kocuria,,GTDB-tk by RS on 3/9/22,,2019-09-16,10^0,B,BHI + Tween,,,,2019-11-23,,SAS,,,13,33,,,,,,2020-05-18 08:30,Shelby Sandstrom
Skin Microbiome Study,LK1002,p3-SID1338,KHID125,Healthy Skin,Antecubital fossa,,,Micrococcus luteus,,GTDB-tk by RS on 3/9/22,,2019-09-16,10^0,B,BHI + Tween,,,,2019-11-23,,SAS,,,13,35,,,,,,2020-05-18 08:30,Shelby Sandstrom
Skin Microbiome Study,LK1006,p3-SID1371,KHID144,Healthy Skin,Alar crease,,,Dietzia cinnamea,,GTDB-tk by RS on 3/9/22,,2019-09-16,10^0,B,BHI + Tween,,,,2019-11-23,,SAS,,,13,39,,,,,,2020-05-18 08:30,Shelby Sandstrom
Skin Microbiome Study,LK1007,p3-SID1420,KHID127,Healthy Skin,Toe web space,,,Micrococcus luteus,,GTDB-tk by RS on 3/9/22,,2019-09-16,10^0,BT,BHI + Tween,,,,2019-11-23,,SAS,,,13,40,,,,,,2020-05-18 08:30,Shelby Sandstrom
Skin Microbiome Study,LK1008,p3-SID1424,KHID130,Healthy Skin,Occiput,,,Micrococcus luteus,,GTDB-tk by RS on 3/9/22,,2019-09-16,10^0,B,BHI + Tween,,,,2019-11-23,,SAS,,,13,41,,,,,,2020-05-18 08:30,Shelby Sandstrom
Skin Microbiome Study,LK1009,p3-SID1373,KHID144,Healthy Skin,Alar crease,,,Micrococcus luteus,,GTDB-tk by RS on 3/9/22,,2019-09-16,10^0,B,BHI + Tween,,,,2019-11-23,,SAS,,,13,42,,,,,,2020-05-18 08:30,Shelby Sandstrom
Skin Microbiome Study,LK1012,p3-SID1423,KHID129,Healthy Skin,Nare,,,Micrococcus luteus,,GTDB-tk by RS on 3/9/22,,2019-09-16,10^0,B,BHI + Tween,,,,2019-11-23,,SAS,,,13,45,,,,,,2020-05-18 08:30,Shelby Sandstrom
Skin Microbiome Study,LK1014,p3-SID1334,KHID125,Healthy Skin,Antecubital fossa,,,Micrococcus luteus,,GTDB-tk by RS on 3/9/22,,2019-09-16,10^0,BT,BHI + Tween,,,,2019-11-23,,SAS,,,13,47,,,,,,2020-05-18 08:30,Shelby Sandstrom
Skin Microbiome Study,LK1015,p3-SID1418,KHID127,Healthy Skin,Toe web space,,,Staphylococcus urealyticus,,GTDB-tk by RS on 3/9/22,,2019-09-16,10^0,BT,BHI + Tween,,,,2019-11-23,,SAS,,,13,48,,,,,,2020-05-18 08:30,Shelby Sandstrom
Skin Microbiome Study,LK1017,p3-SID1362,KHID144,Healthy Skin,Alar crease,,,Dietzia cinnamea,,GTDB-tk by RS on 3/9/22,,2019-09-16,10^0,B,BHI + Tween,,,,2019-11-23,,SAS,,,13,50,,,,,,2020-05-18 08:30,Shelby Sandstrom
Skin Microbiome Study,LK1018,p3-SID1337,KHID125,Healthy Skin,Antecubital fossa,,,Micrococcus luteus,,GTDB-tk by RS on 3/9/22,,2019-09-16,10^0,B,BHI + Tween,,,,2019-11-23,,SAS,,,13,51,,,,,,2020-05-18 08:30,Shelby Sandstrom
Skin Microbiome Study,LK1019,p3-SID1412,KHID125,Healthy Skin,Antecubital fossa,,,Micrococcus luteus,,GTDB-tk by RS on 3/9/22,,2019-09-16,10^0,B,BHI + Tween,,,,2019-11-23,,SAS,,,13,52,,,,,,2020-05-18 08:30,Shelby Sandstrom
Skin Microbiome Study,LK1021,p3-SID1383,KHID143,Healthy Skin,Toe web space,,,Kocuria rhizophila,,GTDB-tk by RS on 3/9/22,,2019-09-16,10^0,BT,BHI + Tween,,,,2019-11-23,,SAS,,,13,54,,,,,,2020-05-18 08:30,Shelby Sandstrom
Skin Microbiome Study,LK1022,p3-SID1333,KHID125,Healthy Skin,Antecubital fossa,,,Micrococcus luteus,,GTDB-tk by RS on 3/9/22,,2019-09-16,10^0,BT,BHI + Tween,,,,2019-11-23,,SAS,,,13,55,,,,,,2020-05-18 08:30,Shelby Sandstrom
Skin Microbiome Study,LK1024,p3-SID1365,KHID144,Healthy Skin,Alar crease,,,Brachybacterium muris,,GTDB-tk by RS on 3/9/22,,2019-09-16,10^0,B,BHI + Tween,,,,2019-11-23,,SAS,,,13,57,,,,,,2020-05-18 08:30,Shelby Sandstrom
Skin Microbiome Study,LK1025,p3-SID1356,KHID144,Healthy Skin,Alar crease,,,Micrococcus luteus,,GTDB-tk by RS on 3/9/22,,2019-09-16,10^0,B,BHI + Tween,,,,2019-11-23,,SAS,,,13,58,,,,,,2020-05-18 08:30,Shelby Sandstrom
Skin Microbiome Study,LK1026,p3-SID1335,KHID125,Healthy Skin,Antecubital fossa,,,Micrococcus luteus,,GTDB-tk by RS on 3/9/22,,2019-09-16,10^0,BT,BHI + Tween,,,,2019-11-23,,SAS,,,13,59,,,,,,2020-05-18 08:30,Shelby Sandstrom
Skin Microbiome Study,LK1027,p3-SID1340,KHID143,Healthy Skin,Toe web space,,,Brevibacterium casei,,GTDB-tk by RS on 3/9/22,,2019-09-16,10^0,B,BHI + Tween,,,,2019-11-23,,SAS,,,13,60,,,,,,2020-05-18 08:30,Shelby Sandstrom
Skin Microbiome Study,LK1030,p3-SID1430,KHID136,Healthy Skin,Alar crease,,,Corynebacterium sanguinis,,GTDB-tk by RS on 3/9/22,,2019-09-16,10^0,B,BHI + Tween,,,,2019-11-23,,SAS,,,13,63,,,,,,2020-05-18 08:30,Shelby Sandstrom
Skin Microbiome Study,LK1031,p3-SID1363,KHID144,Healthy Skin,Alar crease,,,Dietzia cinnamea,,GTDB-tk by RS on 3/9/22,,2019-09-16,10^0,B,BHI + Tween,,,,2019-11-23,,SAS,,,13,64,,,,,,2020-05-18 08:30,Shelby Sandstrom
Skin Microbiome Study,LK1034,p3-SID1389,KHID129,Healthy Skin,Nare,,,Paenibacillus,,GTDB-tk by RS on 3/9/22,,2019-09-16,10^0,BT,BHI + Tween,,,,2019-11-27,,SAS,,,13,67,,,,,,2020-05-18 08:30,Shelby Sandstrom
Skin Microbiome Study,LK1036,p3-SID1891,KHID132,Healthy Skin,Volar forearm,,,Micrococcus luteus,,GTDB-tk by RS on 3/9/22,,2019-09-17,10^0,B,BHI + Tween,,,,2019-11-27,,SAS,,,13,69,,,,,,2020-05-18 08:30,Shelby Sandstrom
Skin Microbiome Study,LK1041,p3-SID1427,KHID133,Healthy Skin,Antecubital fossa,,,Corynebacterium sanguinis,,GTDB-tk by RS on 3/9/22,,2019-09-16,10^0,B,BHI + Tween,,,,2019-11-27,,SAS,,,13,74,,,,,,2020-05-18 08:30,Shelby Sandstrom
Skin Microbiome Study,LK1045,p3-SID1369,KHID144,Healthy Skin,Alar crease,,,Brachybacterium muris,,GTDB-tk by RS on 3/9/22,,2019-09-16,10^0,B,BHI + Tween,,,,2019-11-27,,SAS,,,13,78,,,,,,2020-05-18 08:30,Shelby Sandstrom
Skin Microbiome Study,LK1046,p3-SID1900,KHID147,Healthy Skin,Back,,,Dietzia cinnamea,,GTDB-tk by RS on 3/9/22,,2019-09-17,10^0,B,BHI + Tween,,,,2019-11-27,,SAS,,,13,79,,,,,,2020-05-18 08:30,Shelby Sandstrom
Skin Microbiome Study,LK1048,p3-SID1866,KHID130,Healthy Skin,Occiput,,,Micrococcus luteus,,GTDB-tk by RS on 3/9/22,,2019-09-17,10^0,BT,BHI + Tween,,,,2019-11-27,,SAS,,,13,81,,,,,,2020-05-18 08:30,Shelby Sandstrom
Skin Microbiome Study,LK1049,p3-SID1876,KHID131,Healthy Skin,Back,,,Micrococcus luteus,,GTDB-tk by RS on 3/9/22,,2019-09-17,10^0,B,BHI + Tween,,,,2019-11-27,,SAS,,,14,1,,,,,,2020-05-18 08:30,Shelby Sandstrom
Skin Microbiome Study,LK1050,p3-SID1863,KHID130,Healthy Skin,Occiput,,,Micrococcus luteus,,GTDB-tk by RS on 3/9/22,,2019-09-17,10^0,B,BHI + Tween,,,,2019-11-27,,SAS,,,14,2,,,,,,2020-05-18 08:30,Shelby Sandstrom
Skin Microbiome Study,LK1051,p3-SID1865,KHID130,Healthy Skin,Occiput,,,Micrococcus luteus,,GTDB-tk by RS on 3/9/22,,2019-09-17,10^0,BT,BHI + Tween,,,,2019-11-27,,SAS,,,14,3,,,,,,2020-05-18 08:30,Shelby Sandstrom
Skin Microbiome Study,LK1053,p3-SID1884,KHID131,Healthy Skin,Back,,,Micrococcus luteus,,GTDB-tk by RS on 3/9/22,,2019-09-17,10^0,BD,BHI + Tween,,,,2019-11-27,,SAS,,,14,5,,,,,,2020-05-18 08:30,Shelby Sandstrom
Skin Microbiome Study,LK1054,p3-SID1431,KHID137,Healthy Skin,Nare,,,Gordonia sp002009645,,GTDB-tk by RS on 3/9/22,,2019-09-16,10^0,B,BHI + Tween,,,,2019-11-27,,SAS,,,14,6,,,,,,2020-05-18 08:30,Shelby Sandstrom
Skin Microbiome Study,LK1055,p3-SID1414,KHID127,Healthy Skin,Toe web space,,,Kocuria rhizophila,,GTDB-tk by RS on 3/9/22,,2019-09-16,10^0,BT,BHI + Tween,,,,2019-11-27,,SAS,,,14,7,,,,,,2020-05-18 08:30,Shelby Sandstrom
Skin Microbiome Study,LK1056,p3-SID1877,KHID131,Healthy Skin,Back,,,Micrococcus luteus,,GTDB-tk by RS on 3/9/22,,2019-09-17,10^0,B,BHI + Tween,,,,2019-11-27,,SAS,,,14,8,,,,,,2020-05-18 08:30,Shelby Sandstrom
Skin Microbiome Study,LK1059,p3-SID1347,KHID143,Healthy Skin,Toe web space,,,Corynebacterium sanguinis,,GTDB-tk by RS on 3/9/22,,2019-09-16,10^0,B,BHI + Tween,,,,2019-11-27,,SAS,,,14,11,,,,,,2020-05-18 08:30,Shelby Sandstrom
Skin Microbiome Study,LK1070,p3-SID1875,KHID131,Healthy Skin,Back,,,Micrococcus luteus,,GTDB-tk by RS on 3/9/22,,2019-09-17,10^0,B,BHI + Tween,,,,2019-11-27,,SAS,,,14,22,,,,,,2020-05-18 08:30,Shelby Sandstrom
Skin Microbiome Study,LK1072,p3-SID1843,KHID132,Healthy Skin,Volar forearm,,,Micrococcus luteus,,GTDB-tk by RS on 3/9/22,,2019-09-17,10^0,BD,BHI + Tween,,,,2019-11-27,,SAS,,,14,24,,,,,,2020-05-18 08:30,Shelby Sandstrom
Skin Microbiome Study,LK1073,p3-SID1889,KHID132,Healthy Skin,Volar forearm,,,Micrococcus luteus,,GTDB-tk by RS on 3/9/22,,2019-09-17,10^0,B,BHI + Tween,,,,2019-11-27,,SAS,,,14,25,,,,,,2020-05-18 08:30,Shelby Sandstrom
Skin Microbiome Study,LK1077,p3-SID1639,KHID136,Healthy Skin,Alar crease,,,Dermabacter hominis,,GTDB-tk by RS on 3/9/22,,2019-09-17,10^0,BD,BHI + Tween,,,,2019-12-10,,SAS,,,14,29,,,,,,2020-05-18 08:30,Shelby Sandstrom
Skin Microbiome Study,LK1078,p3-SID1642,KHID136,Healthy Skin,Alar crease,,,Escherichia coli,,GTDB-tk by RS on 3/9/22,,2019-09-17,10^0,BD,BHI + Tween,,,,2019-12-10,,SAS,,,14,30,,,,,,2020-05-18 08:30,Shelby Sandstrom
Skin Microbiome Study,LK1079,p3-SID1643,KHID136,Healthy Skin,Alar crease,,,Escherichia coli,,GTDB-tk by RS on 3/9/22,,2019-09-17,10^0,BD,BHI + Tween,,,,2019-12-10,,SAS,,,14,31,,,,,,2020-05-18 08:30,Shelby Sandstrom
Skin Microbiome Study,LK1080,p3-SID1644,KHID136,Healthy Skin,Alar crease,,,Dermabacter hominis,,GTDB-tk by RS on 3/9/22,,2019-09-17,10^0,BD,BHI + Tween,,,,2019-12-10,,SAS,,,14,32,,,,,,2020-05-18 08:30,Shelby Sandstrom
Skin Microbiome Study,LK1082,p3-SID1646,KHID137,Healthy Skin,Nare,,,Dermabacter hominis,,GTDB-tk by RS on 3/9/22,,2019-09-17,10^0,B,BHI + Tween,,,,2019-12-10,,SAS,,,14,34,,,,,,2020-05-18 08:30,Shelby Sandstrom
Skin Microbiome Study,LK1085,p3-SID1565,KHID140,Healthy Skin,Volar forearm,,,Brachybacterium,,GTDB-tk by RS on 3/9/22,,2019-09-17,10^0,B,BHI + Tween,,,,2019-12-10,,SAS,,,14,37,,,,,,2020-05-18 08:30,Shelby Sandstrom
Skin Microbiome Study,LK1086,p3-SID1566,KHID140,Healthy Skin,Volar forearm,,,Rothia kristinae,,GTDB-tk by RS on 3/9/22,,2019-09-17,10^0,B,BHI + Tween,,,,2019-12-10,,SAS,,,14,38,,,,,,2020-05-18 08:30,Shelby Sandstrom
Skin Microbiome Study,LK1090,p3-SID1582,KHID130,Healthy Skin,Occiput,,,Micrococcus luteus,,GTDB-tk by RS on 3/9/22,,2019-09-17,10^0,BD,BHI + Tween,,,,2019-12-10,,SAS,,,14,42,,,,,,2020-05-18 08:30,Shelby Sandstrom
Skin Microbiome Study,LK1091,p3-SID1516,KHID143,Healthy Skin,Toe web space,,,Micrococcus luteus,,GTDB-tk by RS on 3/9/22,,2019-09-17,10^0,BD,BHI + Tween,,,,2019-12-10,,SAS,,,14,43,,,,,,2020-05-18 08:30,Shelby Sandstrom
Skin Microbiome Study,LK1092,p3-SID1517,KHID143,Healthy Skin,Toe web space,,,Dietzia cinnamea,,GTDB-tk by RS on 3/9/22,,2019-09-17,10^0,BD,BHI + Tween,,,,2019-12-10,,SAS,,,14,44,,,,,,2020-05-18 08:30,Shelby Sandstrom
Skin Microbiome Study,LK1093,p3-SID1518,KHID143,Healthy Skin,Toe web space,,,Kocuria palustris,,GTDB-tk by RS on 3/9/22,,2019-09-17,10^0,BD,BHI + Tween,,,,2019-12-10,,SAS,,,14,45,,,,,,2020-05-18 08:30,Shelby Sandstrom
Skin Microbiome Study,LK1094,p3-SID1519,KHID143,Healthy Skin,Toe web space,,,Brevibacterium casei,,GTDB-tk by RS on 3/9/22,,2019-09-17,10^0,BD,BHI + Tween,,,,2019-12-10,,SAS,,,14,46,,,,,,2020-05-18 08:30,Shelby Sandstrom
Skin Microbiome Study,LK1095,p3-SID1607,KHID152,Healthy Skin,Alar crease,,,Staphylococcus epidermidis,,GTDB-tk by RS on 3/9/22,,2019-09-17,10^0,BD,BHI + Tween,,,,2019-12-10,,SAS,,,14,47,,,,,,2020-05-18 08:30,Shelby Sandstrom
Skin Microbiome Study,LK1096,p3-SID1612,KHID152,Healthy Skin,Alar crease,,,Staphylococcus epidermidis,,GTDB-tk by RS on 3/9/22,,2019-09-17,10^0,BD,BHI + Tween,,,,2019-12-10,,SAS,,,14,48,,,,,,2020-05-18 08:30,Shelby Sandstrom
Skin Microbiome Study,LK1098,p3-SID1541,KHID153,Healthy Skin,Nare,,,Morganella morganii,,GTDB-tk by RS on 3/9/22,,2019-09-17,10^0,B,BHI + Tween,,,,2019-12-10,,SAS,,,14,50,,,,,,2020-05-18 08:30,Shelby Sandstrom
Skin Microbiome Study,LK1099,p3-SID1548,KHID154,Healthy Skin,Occiput,,,Micrococcus luteus,,GTDB-tk by RS on 3/9/22,,2019-09-17,10^0,BD,BHI + Tween,,,,2019-12-10,,SAS,,,14,51,,,,,,2020-05-18 08:30,Shelby Sandstrom
Skin Microbiome Study,LK1102,p3-SID1558,KHID155,Healthy Skin,Back,,,Oceanobacillus kimchii,,GTDB-tk by RS on 3/9/22,,2019-09-17,10^0,B,BHI + Tween,,,,2019-12-10,,SAS,,,14,54,,,,,,2020-05-18 08:30,Shelby Sandstrom
Skin Microbiome Study,LK1104,p3-SID1472,KHID124,Healthy Skin,Volar forearm,,,Micrococcus luteus,,GTDB-tk by RS on 3/9/22,,2019-09-16,10^0,B,BHI + Tween,,,,2019-12-10,,SAS,,,14,56,,,,,,2020-05-18 08:30,Shelby Sandstrom
Skin Microbiome Study,LK1105,p3-SID1473,KHID124,Healthy Skin,Volar forearm,,,Micrococcus luteus,,GTDB-tk by RS on 3/9/22,,2019-09-16,10^0,B,BHI + Tween,,,,2019-12-10,,SAS,,,14,57,,,,,,2020-05-18 08:30,Shelby Sandstrom
Skin Microbiome Study,LK1106,p3-SID1474,KHID124,Healthy Skin,Volar forearm,,,Micrococcus luteus,,GTDB-tk by RS on 3/9/22,,2019-09-16,10^0,B,BHI + Tween,,,,2019-12-10,,SAS,,,14,58,,,,,,2020-05-18 08:30,Shelby Sandstrom
Skin Microbiome Study,LK1110,p3-SID1594,KHID154,Healthy Skin,Occiput,,,Staphylococcus epidermidis,,GTDB-tk by RS on 3/9/22,,2019-09-17,10^0,B,BHI + Tween,,,,2019-12-10,,SAS,,,14,62,,,,,,2020-05-18 08:30,Shelby Sandstrom
Skin Microbiome Study,LK1112,p3-SID1597,KHID151,Healthy Skin,Toe web space,,,Rothia massiliensis,,GTDB-tk by RS on 3/9/22,,2019-09-17,10^0,BT,BHI + Tween,,,,2019-12-10,,SAS,,,14,64,,,,,,2020-05-18 08:30,Shelby Sandstrom
Skin Microbiome Study,LK1113,p3-SID1600,KHID151,Healthy Skin,Toe web space,,,Micrococcus luteus,,GTDB-tk by RS on 3/9/22,,2019-09-17,10^0,BT,BHI + Tween,,,,2019-12-10,,SAS,,,14,65,,,,,,2020-05-18 08:30,Shelby Sandstrom
Skin Microbiome Study,LK1116,p3-SID1603,KHID152,Healthy Skin,Alar crease,,,Staphylococcus epidermidis,,GTDB-tk by RS on 3/9/22,,2019-09-17,10^0,BD,BHI + Tween,,,,2019-12-10,,SAS,,,14,68,,,,,,2020-05-18 08:30,Shelby Sandstrom
Skin Microbiome Study,LK1117,p3-SID1622,KHID155,Healthy Skin,Back,,,Micrococcus luteus,,GTDB-tk by RS on 3/9/22,,2019-09-17,10^0,BD,BHI + Tween,,,,2019-12-10,,SAS,,,14,69,,,,,,2020-05-18 08:30,Shelby Sandstrom
Skin Microbiome Study,LK1118,p3-SID1632,KHID155,Healthy Skin,Back,,,Microbacterium paraoxydans,,GTDB-tk by RS on 3/9/22,,2019-09-17,10^0,BT,BHI + Tween,,,,2019-12-10,,SAS,,,14,70,,,,,,2020-05-18 08:30,Shelby Sandstrom
Skin Microbiome Study,LK1120,p3-SID1455,KHID124,Healthy Skin,Volar forearm,,,Kocuria rhizophila,,GTDB-tk by RS on 3/9/22,,2019-09-16,10^0,BD,BHI + Tween,,,,2019-12-10,,SAS,,,14,72,,,,,,2020-05-18 08:30,Shelby Sandstrom
Skin Microbiome Study,LK1121,p3-SID1456,KHID124,Healthy Skin,Volar forearm,,,Micrococcus luteus,,GTDB-tk by RS on 3/9/22,,2019-09-16,10^0,BD,BHI + Tween,,,,2019-12-10,,SAS,,,14,73,,,,,,2020-05-18 08:30,Shelby Sandstrom
Skin Microbiome Study,LK1128,p3-SID1508,KHID140,Healthy Skin,Volar forearm,,,Dermacoccus nishinomiyaensis,,GTDB-tk by RS on 3/9/22,,2019-09-17,10^0,BD,BHI + Tween,,,,2019-12-10,,SAS,,,14,80,,,,,,2020-05-18 08:30,Shelby Sandstrom
Skin Microbiome Study,LK1134,p3-SID1570,KHID122,Healthy Skin,Occiput,,,Corynebacterium kefirresidentii,,GTDB-tk by RS on 3/9/22,,2019-09-17,10^0,BD,BHI + Tween,,,,2019-12-10,,SAS,,,15,5,,,,,,2020-05-18 08:30,Shelby Sandstrom
Skin Microbiome Study,LK1136,p3-SID1655,KHID152,Healthy Skin,Alar crease,,,Staphylococcus epidermidis,,GTDB-tk by RS on 3/9/22,,2019-09-17,10^0,BT,BHI + Tween,,,,2019-12-10,,SAS,,,15,7,,,,,,2020-05-18 08:30,Shelby Sandstrom
Skin Microbiome Study,LK1137,p3-SID1661,KHID152,Healthy Skin,Alar crease,,,Staphylococcus epidermidis,,GTDB-tk by RS on 3/9/22,,2019-09-17,10^0,B,BHI + Tween,,,,2019-12-10,,SAS,,,15,8,,,,,,2020-05-18 08:30,Shelby Sandstrom
Skin Microbiome Study,LK1138,p3-SID1662,KHID152,Healthy Skin,Alar crease,,,Staphylococcus epidermidis,,GTDB-tk by RS on 3/9/22,,2019-09-17,10^0,B,BHI + Tween,,,,2019-12-10,,SAS,,,15,9,,,,,,2020-05-18 08:30,Shelby Sandstrom
Skin Microbiome Study,LK1139,p3-SID1634,KHID136,Healthy Skin,Alar crease,,,Escherichia coli,,GTDB-tk by RS on 3/9/22,,2019-09-17,10^0,BT,BHI + Tween,,,,2019-12-10,,SAS,,,15,10,,,,,,2020-05-18 08:30,Shelby Sandstrom
Skin Microbiome Study,LK1140,p3-SID1636,KHID136,Healthy Skin,Alar crease,,,Escherichia coli,,GTDB-tk by RS on 3/9/22,,2019-09-17,10^0,BT,BHI + Tween,,,,2019-12-10,,SAS,,,15,11,,,,,,2020-05-18 08:30,Shelby Sandstrom
Skin Microbiome Study,LK1145,p3-SID1576,KHID123,Healthy Skin,Back,,,Micrococcus luteus,,GTDB-tk by RS on 3/9/22,,2019-09-17,10^0,B,BHI + Tween,,,,2019-12-10,,SAS,,,15,16,,,,,,2020-05-18 08:30,Shelby Sandstrom
Skin Microbiome Study,LK1147,p3-SID1578,KHID123,Healthy Skin,Back,,,Micrococcus luteus,,GTDB-tk by RS on 3/9/22,,2019-09-17,10^0,BT,BHI + Tween,,,,2019-12-10,,SAS,,,15,18,,,,,,2020-05-18 08:30,Shelby Sandstrom
Skin Microbiome Study,LK1157,p3-SID1649,KHID137,Healthy Skin,Nare,,,Escherichia coli,,GTDB-tk by RS on 3/9/22,,2019-09-17,10^0,B,BHI + Tween,,,,2019-12-10,,SAS,,,15,28,,,,,,2020-05-18 08:30,Shelby Sandstrom
Skin Microbiome Study,LK1159,p3-SID1509,KHID140,Healthy Skin,Volar forearm,,,Micrococcus luteus,,GTDB-tk by RS on 3/9/22,,2019-09-17,10^0,BD,BHI + Tween,,,,2019-12-10,,SAS,,,15,30,,,,,,2020-05-18 08:30,Shelby Sandstrom
Skin Microbiome Study,LK1167,p3-SID1615,KHID157,Healthy Skin,Antecubital fossa,,,Staphylococcus epidermidis,,GTDB-tk by RS on 3/9/22,,2019-09-17,10^0,BD,BHI + Tween,,,,2019-12-10,,SAS,,,15,38,,,,,,2020-05-18 08:30,Shelby Sandstrom
Skin Microbiome Study,LK1172,p3-SID1628,KHID155,Healthy Skin,Back,,,Oceanobacillus kimchii,,GTDB-tk by RS on 3/9/22,,2019-09-17,10^0,BD,BHI + Tween,,,,2019-12-11,,SAS,,,15,43,,,,,,2020-05-18 08:30,Shelby Sandstrom
Skin Microbiome Study,LK1173,p3-SID1296,KHID98,Healthy Skin,Occiput,,,Micrococcus luteus,,GTDB-tk by RS on 3/9/22,,2019-09-19,10^0,BD,BHI + Tween,,,,2019-12-16,,SAS,,,15,44,,,,,,2020-05-18 08:30,Shelby Sandstrom
Skin Microbiome Study,LK1176,p3-SID1598,KHID151,Healthy Skin,Toe web space,,,Citricoccus terreus,,GTDB-tk by RS on 3/9/22,,2019-09-17,10^0,BT,BHI + Tween,,,,2019-12-16,,SAS,,,15,47,,,,,,2020-05-18 08:30,Shelby Sandstrom
Skin Microbiome Study,LK1188,p3-SID1156,KHID89,Healthy Skin,Alar crease,,,Aestuariimicrobium,,GTDB-tk by RS on 3/9/22,,2019-09-19,10^0,BT,BHI + Tween,,,,2019-12-16,,SAS,,,15,59,,,,,,2020-05-18 08:30,Shelby Sandstrom
Skin Microbiome Study,LK1198,p3-SID1674,KHID136,Healthy Skin,Alar crease,,,Escherichia coli,,GTDB-tk by RS on 3/9/22,,2019-09-17,10^0,B,BHI + Tween,,,,2019-12-20,,SAS,,,15,69,,,,,,2020-05-18 08:30,Shelby Sandstrom
Skin Microbiome Study,LK1204,p3-SID1692,KHID146,Healthy Skin,Occiput,,,Granulicatella adiacens,,GTDB-tk by RS on 3/9/22,,2019-09-17,10^0,BD,BHI + Tween,,,,2019-12-20,,SAS,,,15,75,,,,,,2020-05-18 08:30,Shelby Sandstrom
Skin Microbiome Study,LK1206,p3-SID1703,KHID146,Healthy Skin,Occiput,,,Micrococcus luteus,,GTDB-tk by RS on 3/9/22,,2019-09-17,10^0,B,BHI + Tween,,,,2019-12-20,,SAS,,,15,77,,,,,,2020-05-18 08:30,Shelby Sandstrom
Skin Microbiome Study,LK1207,p3-SID1705,KHID146,Healthy Skin,Occiput,,,Micrococcus luteus,,GTDB-tk by RS on 3/9/22,,2019-09-17,10^0,B,BHI + Tween,,,,2019-12-20,,SAS,,,15,78,,,,,,2020-05-18 08:30,Shelby Sandstrom
Skin Microbiome Study,LK1208,p3-SID1706,KHID146,Healthy Skin,Occiput,,,Micrococcus luteus,,GTDB-tk by RS on 3/9/22,,2019-09-17,10^0,B,BHI + Tween,,,,2019-12-20,,SAS,,,15,79,,,,,,2020-05-18 08:30,Shelby Sandstrom
Skin Microbiome Study,LK1224,p3-SID1787,KHID148,Healthy Skin,Volar forearm,,,Micrococcus luteus,,GTDB-tk by RS on 3/9/22,,2019-09-17,10^0,B,BHI + Tween,,,,2019-12-20,,SAS,,,16,14,,,,,,2020-05-18 08:30,Shelby Sandstrom
Skin Microbiome Study,LK1231,p3-SID1805,KHID149,Healthy Skin,Antecubital fossa,,,Micrococcus luteus,,GTDB-tk by RS on 3/9/22,,2019-09-17,10^0,B,BHI + Tween,,,,2019-12-20,,SAS,,,16,21,,,,,,2020-05-18 08:30,Shelby Sandstrom
Skin Microbiome Study,LK1232,p3-SID1807,KHID137,Healthy Skin,Nare,,,Escherichia coli,,GTDB-tk by RS on 3/9/22,,2019-09-17,10^0,BT,BHI + Tween,,,,2019-12-20,,SAS,,,16,22,,,,,,2020-05-18 08:30,Shelby Sandstrom
Skin Microbiome Study,LK1237,p3-SID2490,KHID122,Healthy Skin,Occiput,,,Kocuria marina,,GTDB-tk by RS on 3/9/22,,2019-12-18,10^0,B,BHI + Tween,,,,2019-12-20,,SAS,,,16,27,,,,,,2020-05-18 08:30,Shelby Sandstrom
Skin Microbiome Study,LK1239,p3-SID1042,KHID118,Healthy Skin,Umbilicus,,,Corynebacterium sanguinis,,GTDB-tk by RS on 3/9/22,,2019-09-19,10^0,BD,BHI + Tween,,,,2019-12-24,,SAS,,,16,29,,,,,,2020-05-18 08:30,Shelby Sandstrom
Skin Microbiome Study,LK1244,p3-SID1678,KHID136,Healthy Skin,Alar crease,,,Rothia kristinae,,GTDB-tk by RS on 3/9/22,,2019-09-17,10^0,B,BHI + Tween,,,,2019-12-24,,SAS,,,16,34,,,,,,2020-05-18 08:30,Shelby Sandstrom
Skin Microbiome Study,LK1245,p3-SID1680,KHID136,Healthy Skin,Alar crease,,,Dermabacter hominis,,GTDB-tk by RS on 3/9/22,,2019-09-17,10^0,B,BHI + Tween,,,,2019-12-24,,SAS,,,16,35,,,,,,2020-05-18 08:30,Shelby Sandstrom
Skin Microbiome Study,LK1246,p3-SID1704,KHID146,Healthy Skin,Occiput,,,Kocuria palustris,,GTDB-tk by RS on 3/9/22,,2019-09-17,10^0,B,BHI + Tween,,,,2019-12-24,,SAS,,,16,36,,,,,,2020-05-18 08:30,Shelby Sandstrom
Skin Microbiome Study,LK1247,p3-SID1710,KHID147,Healthy Skin,Back,,,Dietzia cinnamea,,GTDB-tk by RS on 3/9/22,,2019-09-17,10^0,BD,BHI + Tween,,,,2019-12-24,,SAS,,,16,37,,,,,,2020-05-18 08:30,Shelby Sandstrom
Skin Microbiome Study,LK1249,p3-SID1715,KHID147,Healthy Skin,Back,,,Dietzia cinnamea,,GTDB-tk by RS on 3/9/22,,2019-09-17,10^0,BD,BHI + Tween,,,,2019-12-24,,SAS,,,16,39,,,,,,2020-05-18 08:30,Shelby Sandstrom
Skin Microbiome Study,LK1250,p3-SID1724,KHID157,Healthy Skin,Antecubital fossa,,,Kocuria marina,,GTDB-tk by RS on 3/9/22,,2019-09-17,10^0,BT,BHI + Tween,,,,2019-12-24,,SAS,,,16,40,,,,,,2020-05-18 08:30,Shelby Sandstrom
Skin Microbiome Study,LK1252,p3-SID1727,KHID158,Healthy Skin,Umbilicus,,,Dermabacter hominis,,GTDB-tk by RS on 3/9/22,,2019-09-17,10^0,B,BHI + Tween,,,,2019-12-24,,SAS,,,16,42,,,,,,2020-05-18 08:30,Shelby Sandstrom
Skin Microbiome Study,LK1255,p3-SID1731,KHID158,Healthy Skin,Umbilicus,,,Staphylococcus capitis,,GTDB-tk by RS on 3/9/22,,2019-09-17,10^0,B,BHI + Tween,,,,2019-12-24,,SAS,,,16,45,,,,,,2020-05-18 08:30,Shelby Sandstrom
Skin Microbiome Study,LK1256,p3-SID1789,KHID149,Healthy Skin,Antecubital fossa,,,Dietzia cinnamea,,GTDB-tk by RS on 3/9/22,,2019-09-17,10^0,BD,BHI + Tween,,,,2019-12-24,,SAS,,,16,46,,,,,,2020-05-18 08:30,Shelby Sandstrom
Skin Microbiome Study,LK1257,p3-SID1716,KHID147,Healthy Skin,Back,,,Dermabacter vaginalis,,GTDB-tk by RS on 3/9/22,,2019-09-17,10^0,BD,BHI + Tween,,,,2019-12-24,,SAS,,,16,47,,,,,,2020-05-18 08:30,Shelby Sandstrom
Skin Microbiome Study,LK1259,p3-SID1735,KHID138,Healthy Skin,Occiput,,,Rothia kristinae,,GTDB-tk by RS on 3/9/22,,2019-09-17,10^0,BD,BHI + Tween,,,,2019-12-24,,SAS,,,16,49,,,,,,2020-05-18 08:30,Shelby Sandstrom
Skin Microbiome Study,LK1263,p3-SID1741,KHID138,Healthy Skin,Occiput,,,Rothia kristinae,,GTDB-tk by RS on 3/9/22,,2019-09-17,10^0,BD,BHI + Tween,,,,2019-12-24,,SAS,,,16,53,,,,,,2020-05-18 08:30,Shelby Sandstrom
Skin Microbiome Study,LK1264,p3-SID1754,KHID158,Healthy Skin,Umbilicus,,,Staphylococcus epidermidis,,GTDB-tk by RS on 3/9/22,,2019-09-17,10^0,BD,BHI + Tween,,,,2019-12-24,,SAS,,,16,54,,,,,,2020-05-18 08:30,Shelby Sandstrom
Skin Microbiome Study,LK1266,p3-SID1762,KHID145,Healthy Skin,Nare,,,Dietzia cinnamea,,GTDB-tk by RS on 3/9/22,,2019-09-17,10^0,B,BHI + Tween,,,,2019-12-24,,SAS,,,16,56,,,,,,2020-05-18 08:30,Shelby Sandstrom
Skin Microbiome Study,LK1267,p3-SID1766,KHID145,Healthy Skin,Nare,,,Dietzia cinnamea,,GTDB-tk by RS on 3/9/22,,2019-09-17,10^0,B,BHI + Tween,,,,2019-12-24,,SAS,,,16,57,,,,,,2020-05-18 08:30,Shelby Sandstrom
Skin Microbiome Study,LK1268,p3-SID1770,KHID145,Healthy Skin,Nare,,,Dietzia cinnamea,,GTDB-tk by RS on 3/9/22,,2019-09-17,10^0,BT,BHI + Tween,,,,2019-12-24,,SAS,,,16,58,,,,,,2020-05-18 08:30,Shelby Sandstrom
Skin Microbiome Study,LK1269,p3-SID1772,KHID135,Healthy Skin,Toe web space,,,Corynebacterium sanguinis,,GTDB-tk by RS on 3/9/22,,2019-09-17,10^0,B,BHI + Tween,,,,2019-12-24,,SAS,,,16,59,,,,,,2020-05-18 08:30,Shelby Sandstrom
Skin Microbiome Study,LK1270,p3-SID1774,KHID135,Healthy Skin,Toe web space,,,Corynebacterium sanguinis,,GTDB-tk by RS on 3/9/22,,2019-09-17,10^0,B,BHI + Tween,,,,2019-12-24,,SAS,,,16,60,,,,,,2020-05-18 08:30,Shelby Sandstrom
Skin Microbiome Study,LK1272,p3-SID1776,KHID135,Healthy Skin,Toe web space,,,Corynebacterium sanguinis,,GTDB-tk by RS on 3/9/22,,2019-09-17,10^0,B,BHI + Tween,,,,2019-12-24,,SAS,,,16,62,,,,,,2020-05-18 08:30,Shelby Sandstrom
Skin Microbiome Study,LK1274,p3-SID1781,KHID148,Healthy Skin,Volar forearm,,,Micrococcus luteus,,GTDB-tk by RS on 3/9/22,,2019-09-17,10^0,BT,BHI + Tween,,,,2019-12-24,,SAS,,,16,64,,,,,,2020-05-18 08:30,Shelby Sandstrom
Skin Microbiome Study,LK1275,p3-SID1783,KHID148,Healthy Skin,Volar forearm,,,Micrococcus luteus,,GTDB-tk by RS on 3/9/22,,2019-09-17,10^0,BT,BHI + Tween,,,,2019-12-24,,SAS,,,16,65,,,,,,2020-05-18 08:30,Shelby Sandstrom
Skin Microbiome Study,LK1277,p3-SID1786,KHID148,Healthy Skin,Volar forearm,,,Dietzia cinnamea,,GTDB-tk by RS on 3/9/22,,2019-09-17,10^0,B,BHI + Tween,,,,2019-12-24,,SAS,,,16,67,,,,,,2020-05-18 08:30,Shelby Sandstrom
Skin Microbiome Study,LK1278,p3-SID1796,KHID149,Healthy Skin,Antecubital fossa,,,Dietzia cinnamea,,GTDB-tk by RS on 3/9/22,,2019-09-17,10^0,BT,BHI + Tween,,,,2019-12-24,,SAS,,,16,68,,,,,,2020-05-18 08:30,Shelby Sandstrom
Skin Microbiome Study,LK1279,p3-SID1799,KHID149,Healthy Skin,Antecubital fossa,,,Pseudoclavibacter alba,,GTDB-tk by RS on 3/9/22,,2019-09-17,10^0,BT,BHI + Tween,,,,2019-12-24,,SAS,,,16,69,,,,,,2020-05-18 08:30,Shelby Sandstrom
Skin Microbiome Study,LK1281,p3-SID1808,KHID137,Healthy Skin,Nare,,,Rothia kristinae,,GTDB-tk by RS on 3/9/22,,2019-09-17,10^0,BT,BHI + Tween,,,,2019-12-24,,SAS,,,16,71,,,,,,2020-05-18 08:30,Shelby Sandstrom
Skin Microbiome Study,LK1282,p3-SID1811,KHID137,Healthy Skin,Nare,,,Rothia kristinae,,GTDB-tk by RS on 3/9/22,,2019-09-17,10^0,BT,BHI + Tween,,,,2019-12-24,,SAS,,,16,72,,,,,,2020-05-18 08:30,Shelby Sandstrom
Skin Microbiome Study,LK1283,p3-SID1825,KHID138,Healthy Skin,Occiput,,,Dietzia cinnamea,,GTDB-tk by RS on 3/9/22,,2019-09-17,10^0,B,BHI + Tween,,,,2019-12-24,,SAS,,,16,73,,,,,,2020-05-18 08:30,Shelby Sandstrom
Skin Microbiome Study,LK1284,p3-SID1828,KHID138,Healthy Skin,Occiput,,,Rothia kristinae,,GTDB-tk by RS on 3/9/22,,2019-09-17,10^0,B,BHI + Tween,,,,2019-12-24,,SAS,,,16,74,,,,,,2020-05-18 08:30,Shelby Sandstrom
Skin Microbiome Study,LK1285,p3-SID1829,KHID138,Healthy Skin,Occiput,,,Rothia kristinae,,GTDB-tk by RS on 3/9/22,,2019-09-17,10^0,B,BHI + Tween,,,,2019-12-24,,SAS,,,16,75,,,,,,2020-05-18 08:30,Shelby Sandstrom
Skin Microbiome Study,LK1287,p3-SID1817,KHID137,Healthy Skin,Nare,,,Rothia kristinae,,GTDB-tk by RS on 3/9/22,,2019-09-17,10^0,BD,BHI + Tween,,,,2019-12-24,,SAS,,,16,77,,,,,,2020-05-18 08:30,Shelby Sandstrom
Skin Microbiome Study,LK1288,p3-SID1823,KHID137,Healthy Skin,Nare,,,Dermabacter hominis,,GTDB-tk by RS on 3/9/22,,2019-09-17,10^0,BD,BHI + Tween,,,,2019-12-24,,SAS,,,16,78,,,,,,2020-05-18 08:30,Shelby Sandstrom
Skin Microbiome Study,LK1289,p3-SID1241,KHID103,Healthy Skin,Toe web space,,,Corynebacterium,,GTDB-tk by RS on 3/9/22,,2019-09-19,10^0,BD,BHI + Tween,,,,2019-12-24,,SAS,,,16,79,,,,,,2020-05-18 08:30,Shelby Sandstrom
Skin Microbiome Study,LK1301,p3-SID1514,KHID143,Healthy Skin,Toe web space,,,Brevibacterium casei,,GTDB-tk by RS on 3/9/22,,2019-09-17,10^0,BD,BHI + Tween,,,,2019-12-27,,SAS,,,17,10,,,,,,2020-05-18 08:30,Shelby Sandstrom
Skin Microbiome Study,LK1302,p3-SID1351,KHID144,Healthy Skin,Alar crease,,,Brachybacterium muris,,GTDB-tk by RS on 3/9/22,,2019-09-16,10^0,B,BHI + Tween,,,,2019-12-27,,SAS,,,17,11,,,,,,2020-05-18 08:30,Shelby Sandstrom
Skin Microbiome Study,LK1306,p3-SID980,KHID85,Healthy Skin,Volar forearm,,,Micrococcus luteus,,GTDB-tk by RS on 3/9/22,,2019-09-19,10^0,BT,BHI + Tween,,,,2019-12-27,,SAS,,,17,15,,,,,,2020-05-18 08:30,Shelby Sandstrom
Skin Microbiome Study,LK1311,p3-SID1673,KHID135,Healthy Skin,Toe web space,,,Microbacterium enclense,,GTDB-tk by RS on 3/9/22,,2019-09-17,10^0,BD,BHI + Tween,,,,2019-12-27,,SAS,,,17,20,,,,,,2020-05-18 08:30,Shelby Sandstrom
Skin Microbiome Study,LK1312,p3-SID1701,KHID146,Healthy Skin,Occiput,,,Dietzia cinnamea,,GTDB-tk by RS on 3/9/22,,2019-09-17,10^0,B,BHI + Tween,,,,2019-12-27,,SAS,,,17,21,,,,,,2020-05-18 08:30,Shelby Sandstrom
Skin Microbiome Study,LK1321,p3-SID1063,KHID119,Healthy Skin,Toe web space,,,Dietzia maris,,GTDB-tk by RS on 3/9/22,,2019-09-19,10^0,BD,BHI + Tween,,,,2019-12-27,,SAS,,,17,30,,,,,,2020-05-18 08:30,Shelby Sandstrom
Skin Microbiome Study,LK1330,p3-SID996,KHID116,Healthy Skin,Volar forearm,,,Micrococcus luteus,,GTDB-tk by RS on 3/9/22,,2019-09-19,10^0,BT,BHI + Tween,,,,2019-12-27,,SAS,,,17,39,,,,,,2020-05-18 08:30,Shelby Sandstrom
Skin Microbiome Study,LK1334,p3-SID1106,KHID113,Healthy Skin,Nare,,,Micrococcus luteus,,GTDB-tk by RS on 3/9/22,,2019-09-19,10^0,BD,BHI + Tween,,,,2019-12-27,,SAS,,,17,43,,,,,,2020-05-18 08:30,Shelby Sandstrom
Skin Microbiome Study,LK1335,p3-SID1002,KHID116,Healthy Skin,Volar forearm,,,Micrococcus luteus,,GTDB-tk by RS on 3/9/22,,2019-09-19,10^0,B,BHI + Tween,,,,2019-12-27,,SAS,,,17,44,,,,,,2020-05-18 08:30,Shelby Sandstrom
Skin Microbiome Study,LK1337,p3-SID960,KHID89,Healthy Skin,Alar crease,,,Brevibacterium,,GTDB-tk by RS on 3/9/22,,2019-09-19,10^0,BD,BHI + Tween,,,,2019-12-29,,SAS,,,17,46,,,,,,2020-05-18 08:30,Shelby Sandstrom
Skin Microbiome Study,LK1346,p3-SID982,KHID85,Healthy Skin,Volar forearm,,,Corynebacterium sanguinis,,GTDB-tk by RS on 3/9/22,,2019-09-19,10^0,BT,BHI + Tween,,,,2019-12-29,,SAS,,,17,55,,,,,,2020-05-18 08:30,Shelby Sandstrom
Skin Microbiome Study,LK1347,p3-SID970,KHID90,Healthy Skin,Nare,,,Pseudoglutamicibacter cumminsii,,GTDB-tk by RS on 3/9/22,,2019-09-19,10^0,BT,BHI + Tween,,,,2019-12-29,,SAS,,,17,56,,,,,,2020-05-18 08:30,Shelby Sandstrom
Skin Microbiome Study,LK1348,p3-SID973,KHID94,Healthy Skin,Antecubital fossa,,,Corynebacterium appendicis,,GTDB-tk by RS on 3/9/22,,2019-09-19,10^0,B,BHI + Tween,,,,2019-12-29,,SAS,,,17,57,,,,,,2020-05-18 08:30,Shelby Sandstrom
Skin Microbiome Study,LK1350,p3-SID1171,KHID86,Healthy Skin,Antecubital fossa,,,Brachybacterium muris,,GTDB-tk by RS on 3/9/22,,2019-09-19,10^0,BD,BHI + Tween,,,,2019-12-29,,SAS,,,17,59,,,,,,2020-05-18 08:30,Shelby Sandstrom
Skin Microbiome Study,LK1351,p3-SID955,KHID90,Healthy Skin,Nare,,,Dermabacter hominis,,GTDB-tk by RS on 3/9/22,,2019-09-19,10^0,B,BHI + Tween,,,,2019-12-29,,SAS,,,17,60,,,,,,2020-05-18 08:30,Shelby Sandstrom
Skin Microbiome Study,LK1352,p3-SID957,KHID89,Healthy Skin,Alar crease,,,Brachybacterium,,GTDB-tk by RS on 3/9/22,,2019-09-19,10^0,BD,BHI + Tween,,,,2019-12-29,,SAS,,,17,61,,,,,,2020-05-18 08:30,Shelby Sandstrom
Skin Microbiome Study,LK1358,p3-SID1194,KHID117,Healthy Skin,Antecubital fossa,,,Corynebacterium,,GTDB-tk by RS on 3/9/22,,2019-09-19,10^0,B,BHI + Tween,,,,2019-12-29,,SAS,,,17,67,,,,,,2020-05-18 08:30,Shelby Sandstrom
Skin Microbiome Study,LK1360,p3-SID1027,KHID115,Healthy Skin,Back,,,Corynebacterium sanguinis,,GTDB-tk by RS on 3/9/22,,2019-09-19,10^0,BD,BHI + Tween,,,,2019-12-29,,SAS,,,17,69,,,,,,2020-05-18 08:30,Shelby Sandstrom
Skin Microbiome Study,LK1362,p3-SID1008,KHID115,Healthy Skin,Back,,,Corynebacterium sanguinis,,GTDB-tk by RS on 3/9/22,,2019-09-19,10^0,BT,BHI + Tween,,,,2019-12-29,,SAS,,,17,71,,,,,,2020-05-18 08:30,Shelby Sandstrom
Skin Microbiome Study,LK1363,p3-SID1059,KHID119,Healthy Skin,Toe web space,,,Brevibacterium casei,,GTDB-tk by RS on 3/9/22,,2019-09-19,10^0,B,BHI + Tween,,,,2019-12-29,,SAS,,,17,72,,,,,,2020-05-18 08:30,Shelby Sandstrom
Skin Microbiome Study,LK1366,p3-SID1019,KHID116,Healthy Skin,Volar forearm,,,Corynebacterium sanguinis,,GTDB-tk by RS on 3/9/22,,2019-09-19,10^0,BD,BHI + Tween,,,,2019-12-29,,SAS,,,17,75,,,,,,2020-05-18 08:30,Shelby Sandstrom
Skin Microbiome Study,LK1367,p3-SID1026,KHID115,Healthy Skin,Back,,,Corynebacterium sanguinis,,GTDB-tk by RS on 3/9/22,,2019-09-19,10^0,BD,BHI + Tween,,,,2019-12-29,,SAS,,,17,76,,,,,,2020-05-18 08:30,Shelby Sandstrom
Skin Microbiome Study,LK1379,p3-SID2510,KHID74,Healthy Skin,Alar crease,,,Micrococcus luteus,,GTDB-tk by RS on 3/9/22,,2020-02-26,10^0,BD,BHI + Tween,,,,2020-03-11,,MHS,,,18,7,,,,,,2020-05-18 08:30,Shelby Sandstrom
Skin Microbiome Study,LK1380,p3-SID2511,KHID78,Healthy Skin,Volar forearm,,,Micrococcus luteus,,GTDB-tk by RS on 3/9/22,,2020-02-26,10^0,BT,BHI + Tween,,,,2020-03-11,,MHS,,,18,8,,,,,,2020-05-18 08:30,Shelby Sandstrom
Skin Microbiome Study,LK1382,p3-SID2513,KHID78,Healthy Skin,Volar forearm,,,Micrococcus luteus,,GTDB-tk by RS on 3/9/22,,2020-02-26,10^0,BT,BHI + Tween,,,,2020-03-11,,MHS,,,18,10,,,,,,2020-05-18 08:30,Shelby Sandstrom
Skin Microbiome Study,LK1383,p3-SID2514,KHID78,Healthy Skin,Volar forearm,,,Micrococcus luteus,,GTDB-tk by RS on 3/9/22,,2020-02-26,10^0,BT,BHI + Tween,,,,2020-03-11,,MHS,,,18,11,,,,,,2020-05-18 08:30,Shelby Sandstrom
Skin Microbiome Study,LK1384,p3-SID2515,KHID78,Healthy Skin,Volar forearm,,,Micrococcus luteus,,GTDB-tk by RS on 3/9/22,,2020-02-26,10^0,BT,BHI + Tween,,,,2020-03-11,,MHS,,,18,12,,,,,,2020-05-18 08:30,Shelby Sandstrom
Skin Microbiome Study,LK1386,p3-SID2517,KHID48,Healthy Skin,Umbilicus,,,Dermacoccus abyssi,,GTDB-tk by RS on 3/9/22,,2020-02-26,10^0,B,BHI + Tween,,,,2020-03-11,,MHS,,,18,14,,,,,,2020-05-18 08:30,Shelby Sandstrom
Skin Microbiome Study,LK1390,p3-SID2521,KHID76,Healthy Skin,Occiput,,,Micrococcus luteus,,GTDB-tk by RS on 3/9/22,,2020-02-26,10^0,BD,BHI + Tween,,,,2020-03-11,,MHS,,,18,18,,,,,,2020-05-18 08:30,Shelby Sandstrom
Skin Microbiome Study,LK1392,p3-SID2523,KHID76,Healthy Skin,Occiput,,,Micrococcus luteus,,GTDB-tk by RS on 3/9/22,,2020-02-26,10^0,BD,BHI + Tween,,,,2020-03-11,,MHS,,,18,20,,,,,,2020-05-18 08:30,Shelby Sandstrom
Skin Microbiome Study,LK1393,p3-SID2524,KHID76,Healthy Skin,Occiput,,,Micrococcus luteus,,GTDB-tk by RS on 3/9/22,,2020-02-26,10^0,BD,BHI + Tween,,,,2020-03-11,,MHS,,,18,21,,,,,,2020-05-18 08:30,Shelby Sandstrom
Skin Microbiome Study,LK1397,p3-SID2528,KHID76,Healthy Skin,Occiput,,,Micrococcus luteus,,GTDB-tk by RS on 3/9/22,,2020-02-26,10^0,BD,BHI + Tween,,,,2020-03-11,,MHS,,,18,25,,,,,,2020-05-18 08:30,Shelby Sandstrom
Skin Microbiome Study,LK1400,p3-SID2531,KHID76,Healthy Skin,Occiput,,,Micrococcus luteus,,GTDB-tk by RS on 3/9/22,,2020-02-26,10^0,BD,BHI + Tween,,,,2020-03-12,,MHS,,,18,28,,,,,,2020-05-18 08:30,Shelby Sandstrom
Skin Microbiome Study,LK1402,p3-SID2533,KHID78,Healthy Skin,Volar forearm,,,Micrococcus luteus,,GTDB-tk by RS on 3/9/22,,2020-02-26,10^0,BT,BHI + Tween,,,,2020-03-12,,MHS,,,18,30,,,,,,2020-05-18 08:30,Shelby Sandstrom
Skin Microbiome Study,LK1403,p3-SID2534,KHID48,Healthy Skin,Umbilicus,,,Helcococcus kunzii,,GTDB-tk by RS on 3/9/22,,2020-02-26,10^0,B,BHI + Tween,,,,2020-03-12,,MHS,,,18,31,,,,,,2020-05-18 08:30,Shelby Sandstrom
Skin Microbiome Study,LK1404,p3-SID2535,KHID75,Healthy Skin,Nare,,,Brachybacterium muris,,GTDB-tk by RS on 3/9/22,,2020-02-26,10^0,BD,BHI + Tween,,,,2020-03-13,,MHS,,,18,32,,,,,,2020-05-18 08:30,Shelby Sandstrom