Source_Name,Strain_ID,Other_ID,Host_ID,Host_Category,Location,bioassay(Y/N),genome(Y/N),Genus,species,Taxonomy_Notes,spacer_3,Initial_Isolation_Date,Isolation_Method,Isolation_Media,Pure_Culture_Media,Isolation_Notes,Analysis_Type,spacer_2,Cryo_Storage_Date,Cryo_Storage_Type,Cryo_Storage_Creator,Freezer_Number,Rack_Number,Box_Number,Vial_Position,Storage_Notes,spacer_1,PMID,DOI,Notes,Record_Date,Record_Creator
Skin Microbiome Study,LK1060,p3-SID1341,KHID143,Healthy Skin,Toe web space,Y,N,Kocuria,,16s by SAS 12/19/19,,2019-09-16,10^0,B,BHI + Tween,,,,2019-11-27,,SAS,,,14,12,,,,,,2020-05-18 08:30,Shelby Sandstrom
Skin Microbiome Study,LK1103,p3-SID1470,KHID124,Healthy Skin,Volar forearm,Y,N,Micrococcus,,16s by SAS 12/19/19,,2019-09-16,10^0,B,BHI + Tween,,,,2019-12-10,,SAS,,,14,55,,,,,,2020-05-18 08:30,Shelby Sandstrom
Skin Microbiome Study,LK1011,p3-SID1419,KHID127,Healthy Skin,Toe web space,Y,N,Micrococcus,,16s by SAS 12/19/19,,2019-09-16,10^0,BT,BHI + Tween,,,,2019-11-23,,SAS,,,13,44,,,,,,2020-05-18 08:30,Shelby Sandstrom
Skin Microbiome Study,LK1005,p3-SID1398,KHID128,Healthy Skin,Alar crease,Y,N,Micrococcus,,16s by SAS 12/19/19,,2019-09-16,10^0,BD,BHI + Tween,,,,2019-11-23,,SAS,,,13,38,,,,,,2020-05-18 08:30,Shelby Sandstrom
Skin Microbiome Study,LK1075,p3-SID1857,KHID134,Healthy Skin,Umbilicus,Y,N,Micrococcus,,16s by SAS 12/19/19,,2019-09-17,10^0,BT,BHI + Tween,,,,2019-11-27,,SAS,,,14,27,,,,,,2020-05-18 08:30,Shelby Sandstrom
Skin Microbiome Study,LK1076,p3-SID1638,KHID136,Healthy Skin,Alar crease,Y,N,Micrococcus,,16s by SAS 12/19/19,,2019-09-17,10^0,BD,BHI + Tween,,,,2019-12-10,,SAS,,,14,28,,,,,,2020-05-18 08:30,Shelby Sandstrom
Skin Microbiome Study,LK1004,p3-SID1453,KHID141,Healthy Skin,Antecubital fossa,Y,N,Micrococcus,,16s by SAS 12/19/19,,2019-09-16,10^0,BD,BHI + Tween,,,,2019-11-23,,SAS,,,13,37,,,,,,2020-05-18 08:30,Shelby Sandstrom
Skin Microbiome Study,LK1013,p3-SID1386,KHID143,Healthy Skin,Toe web space,Y,N,Micrococcus,,16s by SAS 12/19/19,,2019-09-16,10^0,BT,BHI + Tween,,,,2019-11-23,,SAS,,,13,46,,,,,,2020-05-18 08:30,Shelby Sandstrom
Skin Microbiome Study,LK1162,p3-SID1503,KHID156,Healthy Skin,Volar forearm,Y,N,Micrococcus,,16s by SAS 12/19/19,,2019-09-17,10^0,BT,BHI + Tween,,,,2019-12-10,,SAS,,,15,33,,,,,,2020-05-18 08:30,Shelby Sandstrom
Skin Microbiome Study,LK1003,p3-SID1426,KHID132,Healthy Skin,Volar forearm,Y,N,Staphylococcus,,16s by SAS 12/19/19,,2019-09-16,10^0,B,BHI + Tween,,,,2019-11-23,,SAS,,,13,36,,,,,,2020-05-18 08:30,Shelby Sandstrom
Skin Microbiome Study,LK1374,p3-SID602,KHID58,Healthy Skin,Alar crease,Y,N,Kocuria,,16s by SAS 9/18/20 ,,2019-07-26,10^-1,BT,BHI + Tween,,,,2020-03-05,,SAS,,,18,2,,,,,,2020-05-18 08:30,Shelby Sandstrom
Skin Microbiome Study,LK1356,p3-SID1117,KHID107,Healthy Skin,Back,Y,N,Micrococcus,,16s by SAS 9/18/20 ,,2019-09-19,10^0,BD,BHI + Tween,,,,2019-12-29,,SAS,,,17,65,,,,,,2020-05-18 08:30,Shelby Sandstrom
Skin Microbiome Study,LK1333,p3-SID1023,KHID115,Healthy Skin,Back,Y,N,Micrococcus,,16s by SAS 9/18/20 ,,2019-09-19,10^0,BD,BHI + Tween,,,,2019-12-27,,SAS,,,17,42,,,,,,2020-05-18 08:30,Shelby Sandstrom
Skin Microbiome Study,LK1238,p3-SID2502,KHID120,Healthy Skin,Alar crease,Y,N,Micrococcus,,16s by SAS 9/18/20 ,,2019-12-18,10^0,BT,BHI + Tween,,,,2019-12-20,,SAS,,,16,28,,,,,,2020-05-18 08:30,Shelby Sandstrom
Skin Microbiome Study,LK1262,p3-SID1739,KHID138,Healthy Skin,Occiput,Y,N,Micrococcus,,16s by SAS 9/18/20 ,,2019-09-17,10^0,BD,BHI + Tween,,,,2019-12-24,,SAS,,,16,52,,,,,,2020-05-18 08:30,Shelby Sandstrom
Skin Microbiome Study,LK1258,p3-SID1720,KHID147,Healthy Skin,Back,Y,N,Micrococcus,,16s by SAS 9/18/20 ,,2019-09-17,10^0,BD,BHI + Tween,,,,2019-12-24,,SAS,,,16,48,,,,,,2020-05-18 08:30,Shelby Sandstrom
Skin Microbiome Study,LK1253,p3-SID1728,KHID158,Healthy Skin,Umbilicus,Y,N,Staphylococcus,,16s by SAS 9/18/20 ,,2019-09-17,10^0,B,BHI + Tween,,,,2019-12-24,,SAS,,,16,43,,,,,,2020-05-18 08:30,Shelby Sandstrom
Skin Microbiome Study,LK1341,p3-SID985,KHID85,Healthy Skin,Volar forearm,Y,N,Staphylococcus,,16s by SAS 9/18/20 ,,2019-09-19,10^0,BT,BHI + Tween,,,,2019-12-29,,SAS,,,17,50,,,,,,2020-05-18 08:30,Shelby Sandstrom
Skin Microbiome Study,LK1342,p3-SID1177,KHID91,Healthy Skin,Occiput,Y,N,Staphylococcus,,16s by SAS 9/18/20 ,,2019-09-19,10^0,BT,BHI + Tween,,,,2019-12-29,,SAS,,,17,51,,,,,,2020-05-18 08:30,Shelby Sandstrom
Skin Microbiome Study,LK660,p3-SID708,KHID29,Healthy Skin,Back,Y,N,Bacillus,,16s by SAS 9/26/19,,2019-07-26,10^-1,BT,BHI,,,,2019-08-12,,IKL,,,9,17,,,,,,2020-05-18 08:30,Shelby Sandstrom
Skin Microbiome Study,LK681,p3-SID755,KHID31,Healthy Skin,Antecubital fossa,Y,N,Bacillus,,16s by SAS 9/26/19,,2019-07-26,10^-1,BT,BHI,,,,2019-08-12,,IKL,,,9,38,,,,,,2020-05-18 08:30,Shelby Sandstrom
Skin Microbiome Study,LK692,p3-SID757,KHID31,Healthy Skin,Antecubital fossa,Y,N,Bacillus,,16s by SAS 9/26/19,,2019-07-26,10^-1,BH,BHI,,,,2019-08-12,,IKL,,,9,49,,,,,,2020-05-18 08:30,Shelby Sandstrom
Skin Microbiome Study,LK429,p3-SID722,KHID39,Healthy Skin,Antecubital fossa,Y,N,Bacillus,,16s by SAS 9/26/19,,2019-07-26,10^-1,BT,BHI,,,,2019-08-01,,IKL,,,6,29,,,,,,2020-05-18 08:30,Shelby Sandstrom
Skin Microbiome Study,LK603,p3-SID873,KHID56,Healthy Skin,Umbilicus,Y,N,Bacillus,,16s by SAS 9/26/19,,2019-07-29,10^-2,BH,BHI,,,,2019-08-29,,IKL,,,8,41,,,,,,2020-05-18 08:30,Shelby Sandstrom
Skin Microbiome Study,LK597,p3-SID669,KHID60,Healthy Skin,Occiput,Y,N,Bacillus,,16s by SAS 9/26/19,,2019-07-26,10^-1,BT,BHI,,,,2019-08-29,,IKL,,,8,35,,,,,,2020-05-18 08:30,Shelby Sandstrom
Skin Microbiome Study,LK696,p3-SID623,KHID62,Healthy Skin,Volar forearm,Y,N,Bacillus,,16s by SAS 9/26/19,,2019-07-26,10^-1,BL,BHI,,,,2019-08-12,,IKL,,,9,53,,,,,,2020-05-18 08:30,Shelby Sandstrom
Skin Microbiome Study,LK722,p3-SID787,KHID74,Healthy Skin,Alar crease,Y,N,Bacillus,,16s by SAS 9/26/19,,2019-07-29,10^-1,BL,BHI,,,,2019-08-12,,IKL,,,9,79,,,,,,2020-05-18 08:30,Shelby Sandstrom
Skin Microbiome Study,LK585,p3-SID848,KHID79,Healthy Skin,Antecubital fossa,Y,N,Bacillus,,16s by SAS 9/26/19,,2019-07-29,10^-1,BT,BHI,,,,2019-08-06,,IKL,,,8,23,,,,,,2020-05-18 08:30,Shelby Sandstrom
Skin Microbiome Study,LK662,p3-SID734,KHID40,Healthy Skin,Umbilicus,Y,N,Lysinibacillus,,16s by SAS 9/26/19,,2019-07-26,10^-1,BH,BHI,,,,2019-08-12,,IKL,,,9,19,,,,,,2020-05-18 08:30,Shelby Sandstrom
Skin Microbiome Study,LK724,p3-SID834,KHID76,Healthy Skin,Occiput,Y,N,Lysinibacillus,,16s by SAS 9/26/19,,2019-07-29,10^-1,BT,BHI,,,,2019-08-12,,IKL,,,9,81,,,,,,2020-05-18 08:30,Shelby Sandstrom
Skin Microbiome Study,LK438,p3-SID748,KHID33,Healthy Skin,Toe web space,Y,N,Micrococcus,,16s by SAS 9/26/19,,2019-07-26,10^-1,BH,BHI,,,,2019-08-01,,IKL,,,6,38,,,,,,2020-05-18 08:30,Shelby Sandstrom
Skin Microbiome Study,LK416,p3-SID857,KHID36,Healthy Skin,Occiput,Y,N,Micrococcus,,16s by SAS 9/26/19,,2019-07-29,10^0,BL,BHI,,,,2019-08-01,,IKL,,,6,16,,,,,,2020-05-18 08:30,Shelby Sandstrom
Skin Microbiome Study,LK552,p3-SID640,KHID50,Healthy Skin,Alar crease,Y,N,Micrococcus,,16s by SAS 9/26/19,,2019-07-26,10^-1,BL,BHI,,,,2019-08-06,,IKL,,,7,71,,,,,,2020-05-18 08:30,Shelby Sandstrom
Skin Microbiome Study,LK587,p3-SID651,KHID53,Healthy Skin,Back,Y,N,Micrococcus,,16s by SAS 9/26/19,,2019-07-26,10^-1,BT,BHI,,,,2019-08-06,,IKL,,,8,25,,,,,,2020-05-18 08:30,Shelby Sandstrom
Skin Microbiome Study,LK567,p3-SID613,KHID54,Healthy Skin,Volar forearm,Y,N,Micrococcus,,16s by SAS 9/26/19,,2019-07-26,10^-1,BL,BHI,,,,2019-08-06,,IKL,,,8,5,,,,,,2020-05-18 08:30,Shelby Sandstrom
Skin Microbiome Study,LK622,p3-SID668,KHID60,Healthy Skin,Occiput,Y,N,Micrococcus,,16s by SAS 9/26/19,,2019-07-26,10^-1,BH,BHI,,,,2019-08-29,,IKL,,,8,60,,,,,,2020-05-18 08:30,Shelby Sandstrom
Skin Microbiome Study,LK683,p3-SID678,KHID61,Healthy Skin,Back,Y,N,Micrococcus,,16s by SAS 9/26/19,,2019-07-26,10^-1,BH,BHI,,,,2019-08-12,,IKL,,,9,40,,,,,,2020-05-18 08:30,Shelby Sandstrom
Skin Microbiome Study,LK454,p3-SID878,KHID64,Healthy Skin,Umbilicus,Y,N,Micrococcus,,16s by SAS 9/26/19,,2019-07-29,10^-2,BL,BHI,,,,2019-08-01,,IKL,,,6,54,,,,,,2020-05-18 08:30,Shelby Sandstrom
Skin Microbiome Study,LK471,p3-SID687,KHID73,Healthy Skin,Toe web space,Y,N,Micrococcus,,16s by SAS 9/26/19,,2019-07-26,10^-1,BH,BHI,,,,2019-08-01,,IKL,,,6,71,,,,,,2020-05-18 08:30,Shelby Sandstrom
Skin Microbiome Study,LK541,p3-SID822,KHID79,Healthy Skin,Antecubital fossa,Y,N,Micrococcus,,16s by SAS 9/26/19,,2019-07-29,10^-1,BL,BHI,,,,2019-08-06,,IKL,,,7,60,,,,,,2020-05-18 08:30,Shelby Sandstrom
Skin Microbiome Study,LK496,p3-SID699,KHID26,Healthy Skin,Alar crease,Y,N,Staphylococcus,,16s by SAS 9/26/19,,2019-07-26,10^-1,BL,BHI,,,,2019-08-06,,IKL,,,7,15,,,,,,2020-05-18 08:30,Shelby Sandstrom
Skin Microbiome Study,LK497,p3-SID700,KHID26,Healthy Skin,Alar crease,Y,N,Staphylococcus,,16s by SAS 9/26/19,,2019-07-26,10^-1,BL,BHI,,,,2019-08-06,,IKL,,,7,16,,,,,,2020-05-18 08:30,Shelby Sandstrom
Skin Microbiome Study,LK556,p3-SID716,KHID26,Healthy Skin,Alar crease,Y,N,Staphylococcus,,16s by SAS 9/26/19,,2019-07-26,10^-1,BH,BHI,,,,2019-08-06,,IKL,,,7,75,,,,,,2020-05-18 08:30,Shelby Sandstrom
Skin Microbiome Study,LK436,p3-SID876,KHID28,Healthy Skin,Occiput,Y,N,staphylococcus,,16s by SAS 9/26/19,,2019-07-29,10^-3,BH,BHI,,,,2019-08-01,,IKL,,,6,36,,,,,,2020-05-18 08:30,Shelby Sandstrom
Skin Microbiome Study,LK659,p3-SID707,KHID29,Healthy Skin,Back,Y,N,Staphylococcus,,16s by SAS 9/26/19,,2019-07-26,10^-1,BT,BHI,,,,2019-08-12,,IKL,,,9,16,,,,,,2020-05-18 08:30,Shelby Sandstrom
Skin Microbiome Study,LK690,p3-SID694,KHID29,Healthy Skin,Back,Y,N,Staphylococcus,,16s by SAS 9/26/19,,2019-07-26,10^-1,BL,BHI,,,,2019-08-12,,IKL,,,9,47,,,,,,2020-05-18 08:30,Shelby Sandstrom
Skin Microbiome Study,LK515,p3-SID730,KHID30,Healthy Skin,Volar forearm,Y,N,Staphylococcus,,16s by SAS 9/26/19,,2019-07-26,10^-1,BT,BHI,,,,2019-08-06,,IKL,,,7,34,,,,,,2020-05-18 08:30,Shelby Sandstrom
Skin Microbiome Study,LK516,p3-SID731,KHID30,Healthy Skin,Volar forearm,Y,N,Staphylococcus,,16s by SAS 9/26/19,,2019-07-26,10^-1,BT,BHI,,,,2019-08-06,,IKL,,,7,35,,,,,,2020-05-18 08:30,Shelby Sandstrom
Skin Microbiome Study,LK691,p3-SID756,KHID31,Healthy Skin,Antecubital fossa,Y,N,Staphylococcus,,16s by SAS 9/26/19,,2019-07-26,10^-1,BT,BHI,,,,2019-08-12,,IKL,,,9,48,,,,,,2020-05-18 08:30,Shelby Sandstrom
Skin Microbiome Study,LK528,p3-SID646,KHID32,Healthy Skin,Umbilicus,Y,N,Staphylococcus,,16s by SAS 9/26/19,,2019-07-26,10^-2,BL,BHI,,,,2019-08-06,,IKL,,,7,47,,,,,,2020-05-18 08:30,Shelby Sandstrom
Skin Microbiome Study,LK529,p3-SID647,KHID32,Healthy Skin,Umbilicus,Y,N,Staphylococcus,,16s by SAS 9/26/19,,2019-07-26,10^-2,BL,BHI,,,,2019-08-06,,IKL,,,7,48,,,,,,2020-05-18 08:30,Shelby Sandstrom
Skin Microbiome Study,LK486,p3-SID739,KHID33,Healthy Skin,Toe web space,Y,N,Staphylococcus,,16s by SAS 9/26/19,,2019-07-26,10^-1,BL,BHI,,,,2019-08-01,,IKL,,,7,5,,,,,,2020-05-18 08:30,Shelby Sandstrom
Skin Microbiome Study,LK456,p3-SID725,KHID34,Healthy Skin,Alar crease,Y,N,Staphylococcus,,16s by SAS 9/26/19,,2019-07-26,10^-1,BT,BHI,,,,2019-08-01,,IKL,,,6,56,,,,,,2020-05-18 08:30,Shelby Sandstrom
Skin Microbiome Study,LK457,p3-SID724,KHID34,Healthy Skin,Alar crease,Y,N,Staphylococcus,,16s by SAS 9/26/19,,2019-07-26,10^-1,BT,BHI,,,,2019-08-01,,IKL,,,6,57,,,,,,2020-05-18 08:30,Shelby Sandstrom
Skin Microbiome Study,LK555,p3-SID717,KHID37,Healthy Skin,Back,Y,N,Staphylococcus,,16s by SAS 9/26/19,,2019-07-26,10^-1,BT,BHI,,,,2019-08-06,,IKL,,,7,74,,,,,,2020-05-18 08:30,Shelby Sandstrom
Skin Microbiome Study,LK530,p3-SID744,KHID41,Healthy Skin,Toe web space,Y,N,Staphylococcus,,16s by SAS 9/26/19,,2019-07-26,10^-1,BL,BHI,,,,2019-08-06,,IKL,,,7,49,,,,,,2020-05-18 08:30,Shelby Sandstrom
Skin Microbiome Study,LK657,p3-SID738,KHID41,Healthy Skin,Toe web space,Y,N,Staphylococcus,,16s by SAS 9/26/19,,2019-07-26,10^-1,BH,BHI,,,,2019-08-12,,IKL,,,9,14,,,,,,2020-05-18 08:30,Shelby Sandstrom
Skin Microbiome Study,LK665,p3-SID737,KHID41,Healthy Skin,Toe web space,Y,N,Staphylococcus,,16s by SAS 9/26/19,,2019-07-26,10^-1,BH,BHI,,,,2019-08-12,,IKL,,,9,22,,,,,,2020-05-18 08:30,Shelby Sandstrom
Skin Microbiome Study,LK490,p3-SID759,KHID42,Healthy Skin,Alar crease,Y,N,Staphylococcus,,16s by SAS 9/26/19,,2019-07-26,10^-1,BT,BHI,,,,2019-08-01,,IKL,,,7,9,,,,,,2020-05-18 08:30,Shelby Sandstrom
Skin Microbiome Study,LK635,p3-SID862,KHID42,Healthy Skin,Alar crease,Y,N,Staphylococcus,,16s by SAS 9/26/19,,2019-07-29,10^0,BH,BHI,,,,2019-08-29,,IKL,,,8,73,,,,,,2020-05-18 08:30,Shelby Sandstrom
Skin Microbiome Study,LK693,p3-SID758,KHID42,Healthy Skin,Alar crease,Y,N,Staphylococcus,,16s by SAS 9/26/19,,2019-07-26,10^-1,BT,BHI,,,,2019-08-12,,IKL,,,9,50,,,,,,2020-05-18 08:30,Shelby Sandstrom
Skin Microbiome Study,LK673,p3-SID705,KHID43,Healthy Skin,Nares,Y,N,Staphylococcus,,16s by SAS 9/26/19,,2019-07-26,10^-1,BT,BHI,,,,2019-08-12,,IKL,,,9,30,,,,,,2020-05-18 08:30,Shelby Sandstrom
Skin Microbiome Study,LK503,p3-SID718,KHID44,Healthy Skin,Occiput,Y,N,Staphylococcus,,16s by SAS 9/26/19,,2019-07-26,10^-1,BT,BHI,,,,2019-08-06,,IKL,,,7,22,,,,,,2020-05-18 08:30,Shelby Sandstrom
Skin Microbiome Study,LK473,p3-SID860,KHID47,Healthy Skin,Antecubital fossa,Y,N,Staphylococcus,,16s by SAS 9/26/19,,2019-07-29,10^0,BL,BHI,,,,2019-08-01,,IKL,,,6,73,,,,,,2020-05-18 08:30,Shelby Sandstrom
Skin Microbiome Study,LK636,p3-SID854,KHID47,Healthy Skin,Antecubital fossa,Y,N,Staphylococcus,,16s by SAS 9/26/19,,2019-07-29,10^0,BH,BHI,,,,2019-08-29,,IKL,,,8,74,,,,,,2020-05-18 08:30,Shelby Sandstrom
Skin Microbiome Study,LK435,p3-SID880,KHID48,Healthy Skin,Umbilicus,Y,N,Staphylococcus,,16s by SAS 9/26/19,,2019-07-29,10^0,BH,BHI,,,,2019-08-01,,IKL,,,6,35,,,,,,2020-05-18 08:30,Shelby Sandstrom
Skin Microbiome Study,LK547,p3-SID645,KHID49,Healthy Skin,Toe web space,Y,N,Staphylococcus,,16s by SAS 9/26/19,,2019-07-26,10^-2,BH,BHI,,,,2019-08-06,,IKL,,,7,66,,,,,,2020-05-18 08:30,Shelby Sandstrom
Skin Microbiome Study,LK548,p3-SID644,KHID49,Healthy Skin,Toe web space,Y,N,Staphylococcus,,16s by SAS 9/26/19,,2019-07-26,10^-2,BL,BHI,,,,2019-08-06,,IKL,,,7,67,,,,,,2020-05-18 08:30,Shelby Sandstrom
Skin Microbiome Study,LK549,p3-SID643,KHID49,Healthy Skin,Toe web space,Y,N,Staphylococcus,,16s by SAS 9/26/19,,2019-07-26,10^-2,BL,BHI,,,,2019-08-06,,IKL,,,7,68,,,,,,2020-05-18 08:30,Shelby Sandstrom
Skin Microbiome Study,LK543,p3-SID662,KHID50,Healthy Skin,Alar crease,Y,N,Staphylococcus,,16s by SAS 9/26/19,,2019-07-26,10^-1,BT,BHI,,,,2019-08-06,,IKL,,,7,62,,,,,,2020-05-18 08:30,Shelby Sandstrom
Skin Microbiome Study,LK544,p3-SID661,KHID50,Healthy Skin,Alar crease,Y,N,Staphylococcus,,16s by SAS 9/26/19,,2019-07-26,10^-1,BT,BHI,,,,2019-08-06,,IKL,,,7,63,,,,,,2020-05-18 08:30,Shelby Sandstrom
Skin Microbiome Study,LK684,p3-SID590,KHID51,Healthy Skin,Nares,Y,N,Staphylococcus,,16s by SAS 9/26/19,,2019-07-26,10^-1,BT,BHI,,,,2019-08-12,,IKL,,,9,41,,,,,,2020-05-18 08:30,Shelby Sandstrom
Skin Microbiome Study,LK685,p3-SID591,KHID51,Healthy Skin,Nares,Y,N,Staphylococcus,,16s by SAS 9/26/19,,2019-07-26,10^-1,BT,BHI,,,,2019-08-12,,IKL,,,9,42,,,,,,2020-05-18 08:30,Shelby Sandstrom
Skin Microbiome Study,LK686,p3-SID592,KHID51,Healthy Skin,Nares,Y,N,Staphylococcus,,16s by SAS 9/26/19,,2019-07-26,10^-1,BT,BHI,,,,2019-08-12,,IKL,,,9,43,,,,,,2020-05-18 08:30,Shelby Sandstrom
Skin Microbiome Study,LK504,p3-SID639,KHID52,Healthy Skin,Occiput,Y,N,Staphylococcus,,16s by SAS 9/26/19,,2019-07-26,10^-1,BT,BHI,,,,2019-08-06,,IKL,,,7,23,,,,,,2020-05-18 08:30,Shelby Sandstrom
Skin Microbiome Study,LK507,p3-SID636,KHID52,Healthy Skin,Occiput,Y,N,Staphylococcus,,16s by SAS 9/26/19,,2019-07-26,10^-1,BT,BHI,,,,2019-08-06,,IKL,,,7,26,,,,,,2020-05-18 08:30,Shelby Sandstrom
Skin Microbiome Study,LK596,p3-SID589,KHID55,Healthy Skin,Antecubital fossa,Y,N,Staphylococcus,,16s by SAS 9/26/19,,2019-07-26,10^-1,BH,BHI,,,,2019-08-29,,IKL,,,8,34,,,,,,2020-05-18 08:30,Shelby Sandstrom
Skin Microbiome Study,LK688,p3-SID874,KHID56,Healthy Skin,Umbilicus,Y,N,Staphylococcus,,16s by SAS 9/26/19,,2019-07-29,10^-2,BH,BHI,,,,2019-08-12,,IKL,,,9,45,,,,,,2020-05-18 08:30,Shelby Sandstrom
Skin Microbiome Study,LK550,p3-SID642,KHID59,Healthy Skin,Nares,Y,N,Staphylococcus,,16s by SAS 9/26/19,,2019-07-26,10^-1,BT,BHI,,,,2019-08-06,,IKL,,,7,69,,,,,,2020-05-18 08:30,Shelby Sandstrom
Skin Microbiome Study,LK551,p3-SID641,KHID59,Healthy Skin,Nares,Y,N,Staphylococcus,,16s by SAS 9/26/19,,2019-07-26,10^-1,BT,BHI,,,,2019-08-06,,IKL,,,7,70,,,,,,2020-05-18 08:30,Shelby Sandstrom
Skin Microbiome Study,LK535,p3-SID671,KHID60,Healthy Skin,Occiput,Y,N,Staphylococcus,,16s by SAS 9/26/19,,2019-07-26,10^-1,BT,BHI,,,,2019-08-06,,IKL,,,7,54,,,,,,2020-05-18 08:30,Shelby Sandstrom
Skin Microbiome Study,LK452,p3-SID681,KHID61,Healthy Skin,Back,Y,N,Staphylococcus,,16s by SAS 9/26/19,,2019-07-26,10^-1,BT,BHI,,,,2019-08-01,,IKL,,,6,52,,,,,,2020-05-18 08:30,Shelby Sandstrom
Skin Microbiome Study,LK480,p3-SID679,KHID61,Healthy Skin,Back,Y,N,Staphylococcus,,16s by SAS 9/26/19,,2019-07-26,10^-1,BT,BHI,,,,2019-08-01,,IKL,,,6,80,,,,,,2020-05-18 08:30,Shelby Sandstrom
Skin Microbiome Study,LK560,p3-SID672,KHID63,Healthy Skin,Antecubital fossa,Y,N,Staphylococcus,,16s by SAS 9/26/19,,2019-07-26,10^-1,BT,BHI,,,,2019-08-06,,IKL,,,7,79,,,,,,2020-05-18 08:30,Shelby Sandstrom
Skin Microbiome Study,LK407,p3-SID898,KHID65,Healthy Skin,Toe web space,Y,N,Staphylococcus,,16s by SAS 9/26/19,,2019-07-29,10^-2,BH,BHI,,,,2019-08-01,,IKL,,,6,7,,,,,,2020-05-18 08:30,Shelby Sandstrom
Skin Microbiome Study,LK626,p3-SID583,KHID67,Healthy Skin,Nares,Y,N,Staphylococcus,,16s by SAS 9/26/19,,2019-07-26,10^-1,BH,BHI,,,,2019-08-29,,IKL,,,8,64,,,,,,2020-05-18 08:30,Shelby Sandstrom
Skin Microbiome Study,LK403,p3-SID894,KHID68,Healthy Skin,Occiput,Y,N,Staphylococcus,,16s by SAS 9/26/19,,2019-07-29,10^0,BL,BHI,,,,2019-08-01,,IKL,,,6,3,,,,,,2020-05-18 08:30,Shelby Sandstrom
Skin Microbiome Study,LK580,p3-SID652,KHID68,Healthy Skin,Occiput,Y,N,Staphylococcus,,16s by SAS 9/26/19,,2019-07-26,10^-1,BT,BHI,,,,2019-08-06,,IKL,,,8,18,,,,,,2020-05-18 08:30,Shelby Sandstrom
Skin Microbiome Study,LK623,p3-SID626,KHID70,Healthy Skin,Volar forearm,Y,N,Staphylococcus,,16s by SAS 9/26/19,,2019-07-26,10^-1,BT,BHI,,,,2019-08-29,,IKL,,,8,61,,,,,,2020-05-18 08:30,Shelby Sandstrom
Skin Microbiome Study,LK531,p3-SID649,KHID72,Healthy Skin,Umbilicus,Y,N,Staphylococcus,,16s by SAS 9/26/19,,2019-07-26,10^-1,BT,BHI,,,,2019-08-06,,IKL,,,7,50,,,,,,2020-05-18 08:30,Shelby Sandstrom
Skin Microbiome Study,LK574,p3-SID648,KHID72,Healthy Skin,Umbilicus,Y,N,Staphylococcus,,16s by SAS 9/26/19,,2019-07-26,10^-1,BT,BHI,,,,2019-08-06,,IKL,,,8,12,,,,,,2020-05-18 08:30,Shelby Sandstrom
Skin Microbiome Study,LK677,p3-SID803,KHID74,Healthy Skin,Alar crease,Y,N,Staphylococcus,,16s by SAS 9/26/19,,2019-07-29,10^-1,BH,BHI,,,,2019-08-12,,IKL,,,9,34,,,,,,2020-05-18 08:30,Shelby Sandstrom
Skin Microbiome Study,LK893,p3-SID796,KHID74,Healthy Skin,Alar crease,Y,N,Staphylococcus,,16s by SAS 9/26/19,,2019-07-29,10^-1,BH,BHI,,,,2019-11-15,,IKL,,,12,7,,,,,,2020-05-18 08:30,Shelby Sandstrom
Skin Microbiome Study,LK449,p3-SID832,KHID76,Healthy Skin,Occiput,Y,N,Staphylococcus,,16s by SAS 9/26/19,,2019-07-29,10^-1,BT,BHI,,,,2019-08-01,,IKL,,,6,49,,,,,,2020-05-18 08:30,Shelby Sandstrom
Skin Microbiome Study,LK606,p3-SID779,KHID77,Healthy Skin,Back,Y,N,Staphylococcus,,16s by SAS 9/26/19,,2019-07-29,10^-1,BT,BHI,,,,2019-08-29,,IKL,,,8,44,,,,,,2020-05-18 08:30,Shelby Sandstrom
Skin Microbiome Study,LK571,p3-SID850,KHID79,Healthy Skin,Antecubital fossa,Y,N,Staphylococcus,,16s by SAS 9/26/19,,2019-07-29,10^-1,BT,BHI,,,,2019-08-06,,IKL,,,8,9,,,,,,2020-05-18 08:30,Shelby Sandstrom
Skin Microbiome Study,LK1188,p3-SID1156,KHID89,Healthy Skin,Alar crease,Y,Y,Aestuariimicrobium,,GTDB-tk by RS on 3/9/22,,2019-09-19,10^0,BT,BHI + Tween,,,,2019-12-16,,SAS,,,15,59,,,,,,2020-05-18 08:30,Shelby Sandstrom
Skin Microbiome Study,LK1085,p3-SID1565,KHID140,Healthy Skin,Volar forearm,Y,Y,Brachybacterium,,GTDB-tk by RS on 3/9/22,,2019-09-17,10^0,B,BHI + Tween,,,,2019-12-10,,SAS,,,14,37,,,,,,2020-05-18 08:30,Shelby Sandstrom
Skin Microbiome Study,LK1024,p3-SID1365,KHID144,Healthy Skin,Alar crease,Y,Y,Brachybacterium,muris,GTDB-tk by RS on 3/9/22,,2019-09-16,10^0,B,BHI + Tween,,,,2019-11-23,,SAS,,,13,57,,,,,,2020-05-18 08:30,Shelby Sandstrom
Skin Microbiome Study,LK1045,p3-SID1369,KHID144,Healthy Skin,Alar crease,Y,Y,Brachybacterium,muris,GTDB-tk by RS on 3/9/22,,2019-09-16,10^0,B,BHI + Tween,,,,2019-11-27,,SAS,,,13,78,,,,,,2020-05-18 08:30,Shelby Sandstrom
Skin Microbiome Study,LK1404,p3-SID2535,KHID75,Healthy Skin,Nares,Y,Y,Brachybacterium,muris,GTDB-tk by RS on 3/9/22,,2020-02-26,10^0,BD,BHI + Tween,,,,2020-03-13,,MHS,,,18,32,,,,,,2020-05-18 08:30,Shelby Sandstrom
Skin Microbiome Study,LK630,p3-SID772,KHID77,Healthy Skin,Back,Y,Y,Brachybacterium,muris,GTDB-tk by RS on 3/9/22,,2019-07-29,10^-1,BL,BHI,,,,2019-08-29,,IKL,,,8,68,,,,,,2020-05-18 08:30,Shelby Sandstrom
Skin Microbiome Study,LK1350,p3-SID1171,KHID86,Healthy Skin,Antecubital fossa,Y,Y,Brachybacterium,muris,GTDB-tk by RS on 3/9/22,,2019-09-19,10^0,BD,BHI + Tween,,,,2019-12-29,,SAS,,,17,59,,,,,,2020-05-18 08:30,Shelby Sandstrom
Skin Microbiome Study,LK1352,p3-SID957,KHID89,Healthy Skin,Alar crease,Y,Y,Brachybacterium,,GTDB-tk by RS on 3/9/22,,2019-09-19,10^0,BD,BHI + Tween,,,,2019-12-29,,SAS,,,17,61,,,,,,2020-05-18 08:30,Shelby Sandstrom
Skin Microbiome Study,LK1363,p3-SID1059,KHID119,Healthy Skin,Toe web space,Y,Y,Brevibacterium,casei,GTDB-tk by RS on 3/9/22,,2019-09-19,10^0,B,BHI + Tween,,,,2019-12-29,,SAS,,,17,72,,,,,,2020-05-18 08:30,Shelby Sandstrom
Skin Microbiome Study,LK1027,p3-SID1340,KHID143,Healthy Skin,Toe web space,Y,Y,Brevibacterium,casei,GTDB-tk by RS on 3/9/22,,2019-09-16,10^0,B,BHI + Tween,,,,2019-11-23,,SAS,,,13,60,,,,,,2020-05-18 08:30,Shelby Sandstrom
Skin Microbiome Study,LK1094,p3-SID1519,KHID143,Healthy Skin,Toe web space,Y,Y,Brevibacterium,casei,GTDB-tk by RS on 3/9/22,,2019-09-17,10^0,BD,BHI + Tween,,,,2019-12-10,,SAS,,,14,46,,,,,,2020-05-18 08:30,Shelby Sandstrom
Skin Microbiome Study,LK978,p3-SID1381,KHID143,Healthy Skin,Toe web space,Y,Y,Brevibacterium,casei,GTDB-tk by RS on 3/9/22,,2019-09-16,10^0,BT,BHI + Tween,,,,2019-11-23,,SAS,,,13,11,,,,,,2020-05-18 08:30,Shelby Sandstrom
Skin Microbiome Study,LK1337,p3-SID960,KHID89,Healthy Skin,Alar crease,Y,Y,Brevibacterium,,GTDB-tk by RS on 3/9/22,,2019-09-19,10^0,BD,BHI + Tween,,,,2019-12-29,,SAS,,,17,46,,,,,,2020-05-18 08:30,Shelby Sandstrom
Skin Microbiome Study,LK1176,p3-SID1598,KHID151,Healthy Skin,Toe web space,Y,Y,Citricoccus,terreus,GTDB-tk by RS on 3/9/22,,2019-09-17,10^0,BT,BHI + Tween,,,,2019-12-16,,SAS,,,15,47,,,,,,2020-05-18 08:30,Shelby Sandstrom
Skin Microbiome Study,LK494,p3-SID762,KHID35,Healthy Skin,Nares,Y,Y,Citrobacter,freundii,GTDB-tk by RS on 3/9/22,,2019-07-29,10^-2,BL,BHI,,,,2019-08-06,,IKL,,,7,13,,,,,,2020-05-18 08:30,Shelby Sandstrom
Skin Microbiome Study,LK704,p3-SID761,KHID35,Healthy Skin,Nares,Y,Y,Citrobacter,freundii,GTDB-tk by RS on 3/9/22,,2019-07-29,10^-2,BL,BHI,,,,2019-08-12,,IKL,,,9,61,,,,,,2020-05-18 08:30,Shelby Sandstrom
Skin Microbiome Study,LK935,p3-SID1263,KHID102,Healthy Skin,Umbilicus,Y,Y,Corynebacterium,glucuronolyticum,GTDB-tk by RS on 3/9/22,,2019-09-19,10^0,BD,BHI,,,,2019-11-18,,SAS,,,12,49,,,,,,2020-05-18 08:30,Shelby Sandstrom
Skin Microbiome Study,LK1289,p3-SID1241,KHID103,Healthy Skin,Toe web space,Y,Y,Corynebacterium,,GTDB-tk by RS on 3/9/22,,2019-09-19,10^0,BD,BHI + Tween,,,,2019-12-24,,SAS,,,16,79,,,,,,2020-05-18 08:30,Shelby Sandstrom
Skin Microbiome Study,LK871,p3-SID1306,KHID108,Healthy Skin,Volar forearm,Y,Y,Corynebacterium,sanguinis,GTDB-tk by RS on 3/9/22,,2019-09-19,10^0,B,BHI,,,,2019-10-28,,SAS,,,11,66,,,,,,2020-05-18 08:30,Shelby Sandstrom
Skin Microbiome Study,LK936,p3-SID1243,KHID112,Healthy Skin,Alar crease,Y,Y,Corynebacterium,sanguinis,GTDB-tk by RS on 3/9/22,,2019-09-19,10^0,BD,BHI,,,,2019-11-18,,SAS,,,12,50,,,,,,2020-05-18 08:30,Shelby Sandstrom
Skin Microbiome Study,LK942,p3-SID1246,KHID112,Healthy Skin,Alar crease,Y,Y,Corynebacterium,sanguinis,GTDB-tk by RS on 3/9/22,,2019-09-19,10^0,BD,BHI,,,,2019-11-18,,SAS,,,12,56,,,,,,2020-05-18 08:30,Shelby Sandstrom
Skin Microbiome Study,LK955,p3-SID1244,KHID112,Healthy Skin,Alar crease,Y,Y,Corynebacterium,sanguinis,GTDB-tk by RS on 3/9/22,,2019-09-19,10^0,BD,BHI,,,,2019-11-21,,MR,,,12,69,,,,,,2020-05-18 08:30,Shelby Sandstrom
Skin Microbiome Study,LK1367,p3-SID1026,KHID115,Healthy Skin,Back,Y,Y,Corynebacterium,sanguinis,GTDB-tk by RS on 3/9/22,,2019-09-19,10^0,BD,BHI + Tween,,,,2019-12-29,,SAS,,,17,76,,,,,,2020-05-18 08:30,Shelby Sandstrom
Skin Microbiome Study,LK950,p3-SID1015,KHID115,Healthy Skin,Back,Y,Y,Corynebacterium,sanguinis,GTDB-tk by RS on 3/9/22,,2019-09-19,10^0,B,BHI,,,,2019-11-21,,MR,,,12,64,,,,,,2020-05-18 08:30,Shelby Sandstrom
Skin Microbiome Study,LK1366,p3-SID1019,KHID116,Healthy Skin,Volar forearm,Y,Y,Corynebacterium,sanguinis,GTDB-tk by RS on 3/9/22,,2019-09-19,10^0,BD,BHI + Tween,,,,2019-12-29,,SAS,,,17,75,,,,,,2020-05-18 08:30,Shelby Sandstrom
Skin Microbiome Study,LK956,p3-SID1224,KHID117,Healthy Skin,Antecubital fossa,Y,Y,Corynebacterium,sanguinis,GTDB-tk by RS on 3/9/22,,2019-09-19,10^0,B,BHI,,,,2019-11-21,,MR,,,12,70,,,,,,2020-05-18 08:30,Shelby Sandstrom
Skin Microbiome Study,LK1239,p3-SID1042,KHID118,Healthy Skin,Umbilicus,Y,Y,Corynebacterium,sanguinis,GTDB-tk by RS on 3/9/22,,2019-09-19,10^0,BD,BHI + Tween,,,,2019-12-24,,SAS,,,16,29,,,,,,2020-05-18 08:30,Shelby Sandstrom
Skin Microbiome Study,LK1041,p3-SID1427,KHID133,Healthy Skin,Antecubital fossa,Y,Y,Corynebacterium,sanguinis,GTDB-tk by RS on 3/9/22,,2019-09-16,10^0,B,BHI + Tween,,,,2019-11-27,,SAS,,,13,74,,,,,,2020-05-18 08:30,Shelby Sandstrom
Skin Microbiome Study,LK1269,p3-SID1772,KHID135,Healthy Skin,Toe web space,Y,Y,Corynebacterium,sanguinis,GTDB-tk by RS on 3/9/22,,2019-09-17,10^0,B,BHI + Tween,,,,2019-12-24,,SAS,,,16,59,,,,,,2020-05-18 08:30,Shelby Sandstrom
Skin Microbiome Study,LK1272,p3-SID1776,KHID135,Healthy Skin,Toe web space,Y,Y,Corynebacterium,sanguinis,GTDB-tk by RS on 3/9/22,,2019-09-17,10^0,B,BHI + Tween,,,,2019-12-24,,SAS,,,16,62,,,,,,2020-05-18 08:30,Shelby Sandstrom
Skin Microbiome Study,LK1030,p3-SID1430,KHID136,Healthy Skin,Alar crease,Y,Y,Corynebacterium,sanguinis,GTDB-tk by RS on 3/9/22,,2019-09-16,10^0,B,BHI + Tween,,,,2019-11-23,,SAS,,,13,63,,,,,,2020-05-18 08:30,Shelby Sandstrom
Skin Microbiome Study,LK1059,p3-SID1347,KHID143,Healthy Skin,Toe web space,Y,Y,Corynebacterium,sanguinis,GTDB-tk by RS on 3/9/22,,2019-09-16,10^0,B,BHI + Tween,,,,2019-11-27,,SAS,,,14,11,,,,,,2020-05-18 08:30,Shelby Sandstrom
Skin Microbiome Study,LK444,p3-SID751,KHID32,Healthy Skin,Umbilicus,Y,Y,Corynebacterium,amycolatum,GTDB-tk by RS on 3/9/22,,2019-07-26,10^-1,BH,BHI,,,,2019-08-01,,IKL,,,6,44,,,,,,2020-05-18 08:30,Shelby Sandstrom
Skin Microbiome Study,LK488,p3-SID752,KHID32,Healthy Skin,Umbilicus,Y,Y,Corynebacterium,glucuronolyticum,GTDB-tk by RS on 3/9/22,,2019-07-26,10^-1,BH,BHI,,,,2019-08-01,,IKL,,,7,7,,,,,,2020-05-18 08:30,Shelby Sandstrom
Skin Microbiome Study,LK434,p3-SID879,KHID48,Healthy Skin,Umbilicus,Y,Y,Corynebacterium,amycolatum,GTDB-tk by RS on 3/9/22,,2019-07-29,10^0,BH,BHI,,,,2019-08-01,,IKL,,,6,34,,,,,,2020-05-18 08:30,Shelby Sandstrom
Skin Microbiome Study,LK561,p3-SID581,KHID67,Healthy Skin,Nares,Y,Y,Corynebacterium,propinquum,GTDB-tk by RS on 3/9/22,,2019-07-26,10^-1,BL,BHI,,,,2019-08-06,,IKL,,,7,80,,,,,,2020-05-18 08:30,Shelby Sandstrom
Skin Microbiome Study,LK411,p3-SID870,KHID70,Healthy Skin,Volar forearm,Y,Y,Corynebacterium,sanguinis,GTDB-tk by RS on 3/9/22,,2019-07-29,10^0,BL,BHI,,,,2019-08-01,,IKL,,,6,11,,,,,,2020-05-18 08:30,Shelby Sandstrom
Skin Microbiome Study,LK432,p3-SID792,KHID74,Healthy Skin,Alar crease,Y,Y,Corynebacterium,sanguinis,GTDB-tk by RS on 3/9/22,,2019-07-29,10^-1,BL,BHI,,,,2019-08-01,,IKL,,,6,32,,,,,,2020-05-18 08:30,Shelby Sandstrom
Skin Microbiome Study,LK586,p3-SID921,KHID74,Healthy Skin,Alar crease,Y,Y,Corynebacterium,sanguinis,GTDB-tk by RS on 3/9/22,,2019-07-31,10^-1,BH,BHI,,,,2019-08-06,,IKL,,,8,24,,,,,,2020-05-18 08:30,Shelby Sandstrom
Skin Microbiome Study,LK687,p3-SID798,KHID74,Healthy Skin,Alar crease,Y,Y,Corynebacterium,sanguinis,GTDB-tk by RS on 3/9/22,,2019-07-29,10^-1,BH,BHI,,,,2019-08-12,,IKL,,,9,44,,,,,,2020-05-18 08:30,Shelby Sandstrom
Skin Microbiome Study,LK465,p3-SID764,KHID75,Healthy Skin,Nares,Y,Y,Corynebacterium,pseudodiphtheriticum,GTDB-tk by RS on 3/9/22,,2019-07-29,10^-1,BL,BHI,,,,2019-08-01,,IKL,,,6,65,,,,,,2020-05-18 08:30,Shelby Sandstrom
Skin Microbiome Study,LK466,p3-SID763,KHID75,Healthy Skin,Nares,Y,Y,Corynebacterium,pseudodiphtheriticum,GTDB-tk by RS on 3/9/22,,2019-07-29,10^-1,BL,BHI,,,,2019-08-01,,IKL,,,6,66,,,,,,2020-05-18 08:30,Shelby Sandstrom
Skin Microbiome Study,LK519,p3-SID766,KHID78,Healthy Skin,Volar forearm,Y,Y,Corynebacterium,sanguinis,GTDB-tk by RS on 3/9/22,,2019-07-29,10^-1,BH,BHI,,,,2019-08-06,,IKL,,,7,38,,,,,,2020-05-18 08:30,Shelby Sandstrom
Skin Microbiome Study,LK672,p3-SID845,KHID79,Healthy Skin,Antecubital fossa,Y,Y,Corynebacterium,sanguinis,GTDB-tk by RS on 3/9/22,,2019-07-29,10^-1,BH,BHI,,,,2019-08-12,,IKL,,,9,29,,,,,,2020-05-18 08:30,Shelby Sandstrom
Skin Microbiome Study,LK1346,p3-SID982,KHID85,Healthy Skin,Volar forearm,Y,Y,Corynebacterium,sanguinis,GTDB-tk by RS on 3/9/22,,2019-09-19,10^0,BT,BHI + Tween,,,,2019-12-29,,SAS,,,17,55,,,,,,2020-05-18 08:30,Shelby Sandstrom
Skin Microbiome Study,LK931,p3-SID1140,KHID92,Healthy Skin,Back,Y,Y,Corynebacterium,,GTDB-tk by RS on 3/9/22,,2019-09-19,10^0,BT,BHI,,,,2019-11-18,,SAS,,,12,45,,,,,,2020-05-18 08:30,Shelby Sandstrom
Skin Microbiome Study,LK1348,p3-SID973,KHID94,Healthy Skin,Antecubital fossa,Y,Y,Corynebacterium,appendicis,GTDB-tk by RS on 3/9/22,,2019-09-19,10^0,B,BHI + Tween,,,,2019-12-29,,SAS,,,17,57,,,,,,2020-05-18 08:30,Shelby Sandstrom
Skin Microbiome Study,LK1077,p3-SID1639,KHID136,Healthy Skin,Alar crease,Y,Y,Dermabacter,hominis,GTDB-tk by RS on 3/9/22,,2019-09-17,10^0,BD,BHI + Tween,,,,2019-12-10,,SAS,,,14,29,,,,,,2020-05-18 08:30,Shelby Sandstrom
Skin Microbiome Study,LK1080,p3-SID1644,KHID136,Healthy Skin,Alar crease,Y,Y,Dermabacter,hominis,GTDB-tk by RS on 3/9/22,,2019-09-17,10^0,BD,BHI + Tween,,,,2019-12-10,,SAS,,,14,32,,,,,,2020-05-18 08:30,Shelby Sandstrom
Skin Microbiome Study,LK1245,p3-SID1680,KHID136,Healthy Skin,Alar crease,Y,Y,Dermabacter,hominis,GTDB-tk by RS on 3/9/22,,2019-09-17,10^0,B,BHI + Tween,,,,2019-12-24,,SAS,,,16,35,,,,,,2020-05-18 08:30,Shelby Sandstrom
Skin Microbiome Study,LK1082,p3-SID1646,KHID137,Healthy Skin,Nares,Y,Y,Dermabacter,hominis,GTDB-tk by RS on 3/9/22,,2019-09-17,10^0,B,BHI + Tween,,,,2019-12-10,,SAS,,,14,34,,,,,,2020-05-18 08:30,Shelby Sandstrom
Skin Microbiome Study,LK1257,p3-SID1716,KHID147,Healthy Skin,Back,Y,Y,Dermabacter,vaginalis,GTDB-tk by RS on 3/9/22,,2019-09-17,10^0,BD,BHI + Tween,,,,2019-12-24,,SAS,,,16,47,,,,,,2020-05-18 08:30,Shelby Sandstrom
Skin Microbiome Study,LK1252,p3-SID1727,KHID158,Healthy Skin,Umbilicus,Y,Y,Dermabacter,hominis,GTDB-tk by RS on 3/9/22,,2019-09-17,10^0,B,BHI + Tween,,,,2019-12-24,,SAS,,,16,42,,,,,,2020-05-18 08:30,Shelby Sandstrom
Skin Microbiome Study,LK557,p3-SID715,KHID40,Healthy Skin,Umbilicus,Y,Y,Dermabacter,hominis,GTDB-tk by RS on 3/9/22,,2019-07-26,10^-1,BL,BHI,,,,2019-08-06,,IKL,,,7,76,,,,,,2020-05-18 08:30,Shelby Sandstrom
Skin Microbiome Study,LK522,p3-SID877,KHID64,Healthy Skin,Umbilicus,Y,Y,Dermabacter,hominis,GTDB-tk by RS on 3/9/22,,2019-07-29,10^-2,BL,BHI,,,,2019-08-06,,IKL,,,7,41,,,,,,2020-05-18 08:30,Shelby Sandstrom
Skin Microbiome Study,LK1351,p3-SID955,KHID90,Healthy Skin,Nares,Y,Y,Dermabacter,hominis,GTDB-tk by RS on 3/9/22,,2019-09-19,10^0,B,BHI + Tween,,,,2019-12-29,,SAS,,,17,60,,,,,,2020-05-18 08:30,Shelby Sandstrom
Skin Microbiome Study,LK1128,p3-SID1508,KHID140,Healthy Skin,Volar forearm,Y,Y,Dermacoccus,nishinomiyaensis,GTDB-tk by RS on 3/9/22,,2019-09-17,10^0,BD,BHI + Tween,,,,2019-12-10,,SAS,,,14,80,,,,,,2020-05-18 08:30,Shelby Sandstrom
Skin Microbiome Study,LK1386,p3-SID2517,KHID48,Healthy Skin,Umbilicus,Y,Y,Dermacoccus,abyssi,GTDB-tk by RS on 3/9/22,,2020-02-26,10^0,B,BHI + Tween,,,,2020-03-11,,MHS,,,18,14,,,,,,2020-05-18 08:30,Shelby Sandstrom
Skin Microbiome Study,LK951,p3-SID1062,KHID119,Healthy Skin,Toe web space,Y,Y,Dietzia,cercidiphylli,GTDB-tk by RS on 3/9/22,,2019-09-19,10^0,B,BHI,,,,2019-11-21,,MR,,,12,65,,,,,,2020-05-18 08:30,Shelby Sandstrom
Skin Microbiome Study,LK949,p3-SID1051,KHID119,Healthy Skin,Toe web space,Y,Y,Dietzia,maris,GTDB-tk by RS on 3/9/22,,2019-09-19,10^0,BT,BHI,,,,2019-11-21,,MR,,,12,63,,,,,,2020-05-18 08:30,Shelby Sandstrom
Skin Microbiome Study,LK1092,p3-SID1517,KHID143,Healthy Skin,Toe web space,Y,Y,Dietzia,cinnamea,GTDB-tk by RS on 3/9/22,,2019-09-17,10^0,BD,BHI + Tween,,,,2019-12-10,,SAS,,,14,44,,,,,,2020-05-18 08:30,Shelby Sandstrom
Skin Microbiome Study,LK1006,p3-SID1371,KHID144,Healthy Skin,Alar crease,Y,Y,Dietzia,cinnamea,GTDB-tk by RS on 3/9/22,,2019-09-16,10^0,B,BHI + Tween,,,,2019-11-23,,SAS,,,13,39,,,,,,2020-05-18 08:30,Shelby Sandstrom
Skin Microbiome Study,LK1017,p3-SID1362,KHID144,Healthy Skin,Alar crease,Y,Y,Dietzia,cinnamea,GTDB-tk by RS on 3/9/22,,2019-09-16,10^0,B,BHI + Tween,,,,2019-11-23,,SAS,,,13,50,,,,,,2020-05-18 08:30,Shelby Sandstrom
Skin Microbiome Study,LK1031,p3-SID1363,KHID144,Healthy Skin,Alar crease,Y,Y,Dietzia,cinnamea,GTDB-tk by RS on 3/9/22,,2019-09-16,10^0,B,BHI + Tween,,,,2019-11-23,,SAS,,,13,64,,,,,,2020-05-18 08:30,Shelby Sandstrom
Skin Microbiome Study,LK984,p3-SID1378,KHID144,Healthy Skin,Alar crease,Y,Y,Dietzia,cinnamea,GTDB-tk by RS on 3/9/22,,2019-09-16,10^0,B,BHI + Tween,,,,2019-11-23,,SAS,,,13,17,,,,,,2020-05-18 08:30,Shelby Sandstrom
Skin Microbiome Study,LK1266,p3-SID1762,KHID145,Healthy Skin,Nares,Y,Y,Dietzia,cinnamea,GTDB-tk by RS on 3/9/22,,2019-09-17,10^0,B,BHI + Tween,,,,2019-12-24,,SAS,,,16,56,,,,,,2020-05-18 08:30,Shelby Sandstrom
Skin Microbiome Study,LK1267,p3-SID1766,KHID145,Healthy Skin,Nares,Y,Y,Dietzia,cinnamea,GTDB-tk by RS on 3/9/22,,2019-09-17,10^0,B,BHI + Tween,,,,2019-12-24,,SAS,,,16,57,,,,,,2020-05-18 08:30,Shelby Sandstrom
Skin Microbiome Study,LK1046,p3-SID1900,KHID147,Healthy Skin,Back,Y,Y,Dietzia,cinnamea,GTDB-tk by RS on 3/9/22,,2019-09-17,10^0,B,BHI + Tween,,,,2019-11-27,,SAS,,,13,79,,,,,,2020-05-18 08:30,Shelby Sandstrom
Skin Microbiome Study,LK1247,p3-SID1710,KHID147,Healthy Skin,Back,Y,Y,Dietzia,cinnamea,GTDB-tk by RS on 3/9/22,,2019-09-17,10^0,BD,BHI + Tween,,,,2019-12-24,,SAS,,,16,37,,,,,,2020-05-18 08:30,Shelby Sandstrom
Skin Microbiome Study,LK1249,p3-SID1715,KHID147,Healthy Skin,Back,Y,Y,Dietzia,cinnamea,GTDB-tk by RS on 3/9/22,,2019-09-17,10^0,BD,BHI + Tween,,,,2019-12-24,,SAS,,,16,39,,,,,,2020-05-18 08:30,Shelby Sandstrom
Skin Microbiome Study,LK1277,p3-SID1786,KHID148,Healthy Skin,Volar forearm,Y,Y,Dietzia,cinnamea,GTDB-tk by RS on 3/9/22,,2019-09-17,10^0,B,BHI + Tween,,,,2019-12-24,,SAS,,,16,67,,,,,,2020-05-18 08:30,Shelby Sandstrom
Skin Microbiome Study,LK1256,p3-SID1789,KHID149,Healthy Skin,Antecubital fossa,Y,Y,Dietzia,cinnamea,GTDB-tk by RS on 3/9/22,,2019-09-17,10^0,BD,BHI + Tween,,,,2019-12-24,,SAS,,,16,46,,,,,,2020-05-18 08:30,Shelby Sandstrom
Skin Microbiome Study,LK1278,p3-SID1796,KHID149,Healthy Skin,Antecubital fossa,Y,Y,Dietzia,cinnamea,GTDB-tk by RS on 3/9/22,,2019-09-17,10^0,BT,BHI + Tween,,,,2019-12-24,,SAS,,,16,68,,,,,,2020-05-18 08:30,Shelby Sandstrom
Skin Microbiome Study,LK439,p3-SID800,KHID74,Healthy Skin,Alar crease,Y,Y,Dietzia,cinnamea,GTDB-tk by RS on 3/9/22,,2019-07-29,10^-1,BH,BHI,,,,2019-08-01,,IKL,,,6,39,,,,,,2020-05-18 08:30,Shelby Sandstrom
Skin Microbiome Study,LK639,p3-SID826,KHID76,Healthy Skin,Occiput,Y,Y,Dietzia,cinnamea,GTDB-tk by RS on 3/9/22,,2019-07-29,10^-1,BH,BHI,,,,2019-08-29,,IKL,,,8,77,,,,,,2020-05-18 08:30,Shelby Sandstrom
Skin Microbiome Study,LK591,p3-SID886,KHID50,Healthy Skin,Alar crease,Y,Y,Enterobacter,hormaechei,GTDB-tk by RS on 3/9/22,,2019-07-29,10^0,BH,BHI,,,,2019-08-29,,IKL,,,8,29,,,,,,2020-05-18 08:30,Shelby Sandstrom
Skin Microbiome Study,LK405,p3-SID896,KHID64,Healthy Skin,Umbilicus,Y,Y,Enterococcus,faecalis,GTDB-tk by RS on 3/9/22,,2019-07-29,10^-2,BH,BHI,,,,2019-08-01,,IKL,,,6,5,,,,,,2020-05-18 08:30,Shelby Sandstrom
Skin Microbiome Study,LK1139,p3-SID1634,KHID136,Healthy Skin,Alar crease,Y,Y,Escherichia,coli,GTDB-tk by RS on 3/9/22,,2019-09-17,10^0,BT,BHI + Tween,,,,2019-12-10,,SAS,,,15,10,,,,,,2020-05-18 08:30,Shelby Sandstrom
Skin Microbiome Study,LK1140,p3-SID1636,KHID136,Healthy Skin,Alar crease,Y,Y,Escherichia,coli,GTDB-tk by RS on 3/9/22,,2019-09-17,10^0,BT,BHI + Tween,,,,2019-12-10,,SAS,,,15,11,,,,,,2020-05-18 08:30,Shelby Sandstrom
Skin Microbiome Study,LK1198,p3-SID1674,KHID136,Healthy Skin,Alar crease,Y,Y,Escherichia,coli,GTDB-tk by RS on 3/9/22,,2019-09-17,10^0,B,BHI + Tween,,,,2019-12-20,,SAS,,,15,69,,,,,,2020-05-18 08:30,Shelby Sandstrom
Skin Microbiome Study,LK1157,p3-SID1649,KHID137,Healthy Skin,Nares,Y,Y,Escherichia,coli,GTDB-tk by RS on 3/9/22,,2019-09-17,10^0,B,BHI + Tween,,,,2019-12-10,,SAS,,,15,28,,,,,,2020-05-18 08:30,Shelby Sandstrom
Skin Microbiome Study,LK1232,p3-SID1807,KHID137,Healthy Skin,Nares,Y,Y,Escherichia,coli,GTDB-tk by RS on 3/9/22,,2019-09-17,10^0,BT,BHI + Tween,,,,2019-12-20,,SAS,,,16,22,,,,,,2020-05-18 08:30,Shelby Sandstrom
Skin Microbiome Study,LK1054,p3-SID1431,KHID137,Healthy Skin,Nares,Y,Y,Gordonia,sp002009645,GTDB-tk by RS on 3/9/22,,2019-09-16,10^0,B,BHI + Tween,,,,2019-11-27,,SAS,,,14,6,,,,,,2020-05-18 08:30,Shelby Sandstrom
Skin Microbiome Study,LK1204,p3-SID1692,KHID146,Healthy Skin,Occiput,Y,Y,Granulicatella,adiacens,GTDB-tk by RS on 3/9/22,,2019-09-17,10^0,BD,BHI + Tween,,,,2019-12-20,,SAS,,,15,75,,,,,,2020-05-18 08:30,Shelby Sandstrom
Skin Microbiome Study,LK1403,p3-SID2534,KHID48,Healthy Skin,Umbilicus,Y,Y,Helcococcus,kunzii,GTDB-tk by RS on 3/9/22,,2020-02-26,10^0,B,BHI + Tween,,,,2020-03-12,,MHS,,,18,31,,,,,,2020-05-18 08:30,Shelby Sandstrom
Skin Microbiome Study,LK617,p3-SID713,KHID48,Healthy Skin,Umbilicus,Y,Y,Helcococcus,kunzii,GTDB-tk by RS on 3/9/22,,2019-07-26,10^-1,BL,BHI,,,,2019-08-29,,IKL,,,8,55,,,,,,2020-05-18 08:30,Shelby Sandstrom
Skin Microbiome Study,LK538,p3-SID813,KHID77,Healthy Skin,Back,Y,Y,Janibacter,hoylei,GTDB-tk by RS on 3/9/22,,2019-07-29,10^-1,BH,BHI,,,,2019-08-06,,IKL,,,7,57,,,,,,2020-05-18 08:30,Shelby Sandstrom
Skin Microbiome Study,LK679,p3-SID812,KHID77,Healthy Skin,Back,Y,Y,Janibacter,hoylei,GTDB-tk by RS on 3/9/22,,2019-07-29,10^-1,BH,BHI,,,,2019-08-12,,IKL,,,9,36,,,,,,2020-05-18 08:30,Shelby Sandstrom
Skin Microbiome Study,LK442,p3-SID701,KHID43,Healthy Skin,Nares,Y,Y,Klebsiella,pneumoniae,GTDB-tk by RS on 3/9/22,,2019-07-26,10^-1,BL,BHI,,,,2019-08-01,,IKL,,,6,42,,,,,,2020-05-18 08:30,Shelby Sandstrom
Skin Microbiome Study,LK583,p3-SID695,KHID43,Healthy Skin,Nares,Y,Y,Klebsiella,pneumoniae,GTDB-tk by RS on 3/9/22,,2019-07-26,10^-1,BH,BHI,,,,2019-08-06,,IKL,,,8,21,,,,,,2020-05-18 08:30,Shelby Sandstrom
Skin Microbiome Study,LK670,p3-SID703,KHID43,Healthy Skin,Nares,Y,Y,Klebsiella,pneumoniae,GTDB-tk by RS on 3/9/22,,2019-07-26,10^-1,BT,BHI,,,,2019-08-12,,IKL,,,9,27,,,,,,2020-05-18 08:30,Shelby Sandstrom
Skin Microbiome Study,LK500,p3-SID599,KHID58,Healthy Skin,Alar crease,Y,Y,Klebsiella,aerogenes,GTDB-tk by RS on 3/9/22,,2019-07-26,10^-1,BL,BHI,,,,2019-08-06,,IKL,,,7,19,,,,,,2020-05-18 08:30,Shelby Sandstrom
Skin Microbiome Study,LK501,p3-SID600,KHID58,Healthy Skin,Alar crease,Y,Y,Klebsiella,aerogenes,GTDB-tk by RS on 3/9/22,,2019-07-26,10^-1,BL,BHI,,,,2019-08-06,,IKL,,,7,20,,,,,,2020-05-18 08:30,Shelby Sandstrom
Skin Microbiome Study,LK525,p3-SID597,KHID58,Healthy Skin,Alar crease,Y,Y,Klebsiella,aerogenes,GTDB-tk by RS on 3/9/22,,2019-07-26,10^-1,BH,BHI,,,,2019-08-06,,IKL,,,7,44,,,,,,2020-05-18 08:30,Shelby Sandstrom
Skin Microbiome Study,LK526,p3-SID595,KHID58,Healthy Skin,Alar crease,Y,Y,Klebsiella,aerogenes,GTDB-tk by RS on 3/9/22,,2019-07-26,10^-1,BH,BHI,,,,2019-08-06,,IKL,,,7,45,,,,,,2020-05-18 08:30,Shelby Sandstrom
Skin Microbiome Study,LK527,p3-SID596,KHID58,Healthy Skin,Alar crease,Y,Y,Klebsiella,aerogenes,GTDB-tk by RS on 3/9/22,,2019-07-26,10^-1,BH,BHI,,,,2019-08-06,,IKL,,,7,46,,,,,,2020-05-18 08:30,Shelby Sandstrom
Skin Microbiome Study,LK458,p3-SID663,KHID59,Healthy Skin,Nares,Y,Y,Klebsiella,pneumoniae,GTDB-tk by RS on 3/9/22,,2019-07-26,10^-1,BL,BHI,,,,2019-08-01,,IKL,,,6,58,,,,,,2020-05-18 08:30,Shelby Sandstrom
Skin Microbiome Study,LK469,p3-SID656,KHID59,Healthy Skin,Nares,Y,Y,Klebsiella,pneumoniae,GTDB-tk by RS on 3/9/22,,2019-07-26,10^-1,BH,BHI,,,,2019-08-01,,IKL,,,6,69,,,,,,2020-05-18 08:30,Shelby Sandstrom
Skin Microbiome Study,LK619,p3-SID664,KHID59,Healthy Skin,Nares,Y,Y,Klebsiella,pneumoniae,GTDB-tk by RS on 3/9/22,,2019-07-26,10^-1,BL,BHI,,,,2019-08-29,,IKL,,,8,57,,,,,,2020-05-18 08:30,Shelby Sandstrom
Skin Microbiome Study,LK934,p3-SID1135,KHID105,Healthy Skin,Nares,Y,Y,Kocuria,rhizophila,GTDB-tk by RS on 3/9/22,,2019-09-19,10^0,B,BHI,,,,2019-11-18,,SAS,,,12,48,,,,,,2020-05-18 08:30,Shelby Sandstrom
Skin Microbiome Study,LK1237,p3-SID2490,KHID122,Healthy Skin,Occiput,Y,Y,Kocuria,marina,GTDB-tk by RS on 3/9/22,,2019-12-18,10^0,B,BHI + Tween,,,,2019-12-20,,SAS,,,16,27,,,,,,2020-05-18 08:30,Shelby Sandstrom
Skin Microbiome Study,LK1120,p3-SID1455,KHID124,Healthy Skin,Volar forearm,Y,Y,Kocuria,rhizophila,GTDB-tk by RS on 3/9/22,,2019-09-16,10^0,BD,BHI + Tween,,,,2019-12-10,,SAS,,,14,72,,,,,,2020-05-18 08:30,Shelby Sandstrom
Skin Microbiome Study,LK1055,p3-SID1414,KHID127,Healthy Skin,Toe web space,Y,Y,Kocuria,rhizophila,GTDB-tk by RS on 3/9/22,,2019-09-16,10^0,BT,BHI + Tween,,,,2019-11-27,,SAS,,,14,7,,,,,,2020-05-18 08:30,Shelby Sandstrom
Skin Microbiome Study,LK1000,p3-SID1428,KHID134,Healthy Skin,Umbilicus,Y,Y,Kocuria,,GTDB-tk by RS on 3/9/22,,2019-09-16,10^0,B,BHI + Tween,,,,2019-11-23,,SAS,,,13,33,,,,,,2020-05-18 08:30,Shelby Sandstrom
Skin Microbiome Study,LK960,p3-SID1433,KHID139,Healthy Skin,Back,Y,Y,Kocuria,,GTDB-tk by RS on 3/9/22,,2019-09-16,10^0,B,BHI + Tween,,,,2019-11-23,,SAS,,,12,74,,,,,,2020-05-18 08:30,Shelby Sandstrom
Skin Microbiome Study,LK1093,p3-SID1518,KHID143,Healthy Skin,Toe web space,Y,Y,Kocuria,palustris,GTDB-tk by RS on 3/9/22,,2019-09-17,10^0,BD,BHI + Tween,,,,2019-12-10,,SAS,,,14,45,,,,,,2020-05-18 08:30,Shelby Sandstrom
Skin Microbiome Study,LK1021,p3-SID1383,KHID143,Healthy Skin,Toe web space,Y,Y,Kocuria,rhizophila,GTDB-tk by RS on 3/9/22,,2019-09-16,10^0,BT,BHI + Tween,,,,2019-11-23,,SAS,,,13,54,,,,,,2020-05-18 08:30,Shelby Sandstrom
Skin Microbiome Study,LK1246,p3-SID1704,KHID146,Healthy Skin,Occiput,Y,Y,Kocuria,palustris,GTDB-tk by RS on 3/9/22,,2019-09-17,10^0,B,BHI + Tween,,,,2019-12-24,,SAS,,,16,36,,,,,,2020-05-18 08:30,Shelby Sandstrom
Skin Microbiome Study,LK1250,p3-SID1724,KHID157,Healthy Skin,Antecubital fossa,Y,Y,Kocuria,marina,GTDB-tk by RS on 3/9/22,,2019-09-17,10^0,BT,BHI + Tween,,,,2019-12-24,,SAS,,,16,40,,,,,,2020-05-18 08:30,Shelby Sandstrom
Skin Microbiome Study,LK579,p3-SID884,KHID45,Healthy Skin,Back,Y,Y,Kocuria,marina,GTDB-tk by RS on 3/9/22,,2019-07-29,10^0,BH,BHI,,,,2019-08-06,,IKL,,,8,17,,,,,,2020-05-18 08:30,Shelby Sandstrom
Skin Microbiome Study,LK698,p3-SID882,KHID45,Healthy Skin,Back,Y,Y,Kocuria,marina,GTDB-tk by RS on 3/9/22,,2019-07-29,10^0,BL,BHI,,,,2019-08-12,,IKL,,,9,55,,,,,,2020-05-18 08:30,Shelby Sandstrom
Skin Microbiome Study,LK572,p3-SID917,KHID68,Healthy Skin,Occiput,Y,Y,Kocuria,carniphila,GTDB-tk by RS on 3/9/22,,2019-07-31,10^0,BH,BHI,,,,2019-08-06,,IKL,,,8,10,,,,,,2020-05-18 08:30,Shelby Sandstrom
Skin Microbiome Study,LK478,p3-SID866,KHID71,Healthy Skin,Antecubital fossa,Y,Y,Kocuria,marina,GTDB-tk by RS on 3/9/22,,2019-07-29,10^0,BT,BHI,,,,2019-08-01,,IKL,,,6,78,,,,,,2020-05-18 08:30,Shelby Sandstrom
Skin Microbiome Study,LK666,p3-SID807,KHID74,Healthy Skin,Alar crease,Y,Y,Lysinibacillus,capsici,GTDB-tk by RS on 3/9/22,,2019-07-29,10^-1,BT,BHI,,,,2019-08-12,,IKL,,,9,23,,,,,,2020-05-18 08:30,Shelby Sandstrom
Skin Microbiome Study,LK668,p3-SID809,KHID74,Healthy Skin,Alar crease,Y,Y,Lysinibacillus,capsici,GTDB-tk by RS on 3/9/22,,2019-07-29,10^-1,BT,BHI,,,,2019-08-12,,IKL,,,9,25,,,,,,2020-05-18 08:30,Shelby Sandstrom
Skin Microbiome Study,LK669,p3-SID773,KHID77,Healthy Skin,Back,Y,Y,Lysinibacillus,capsici,GTDB-tk by RS on 3/9/22,,2019-07-29,10^-1,BL,BHI,,,,2019-08-12,,IKL,,,9,26,,,,,,2020-05-18 08:30,Shelby Sandstrom
Skin Microbiome Study,LK1118,p3-SID1632,KHID155,Healthy Skin,Back,Y,Y,Microbacterium,paraoxydans,GTDB-tk by RS on 3/9/22,,2019-09-17,10^0,BT,BHI + Tween,,,,2019-12-10,,SAS,,,14,70,,,,,,2020-05-18 08:30,Shelby Sandstrom
Skin Microbiome Study,LK1334,p3-SID1106,KHID113,Healthy Skin,Nares,Y,Y,Micrococcus,luteus,GTDB-tk by RS on 3/9/22,,2019-09-19,10^0,BD,BHI + Tween,,,,2019-12-27,,SAS,,,17,43,,,,,,2020-05-18 08:30,Shelby Sandstrom
Skin Microbiome Study,LK1330,p3-SID996,KHID116,Healthy Skin,Volar forearm,Y,Y,Micrococcus,luteus,GTDB-tk by RS on 3/9/22,,2019-09-19,10^0,BT,BHI + Tween,,,,2019-12-27,,SAS,,,17,39,,,,,,2020-05-18 08:30,Shelby Sandstrom
Skin Microbiome Study,LK1335,p3-SID1002,KHID116,Healthy Skin,Volar forearm,Y,Y,Micrococcus,luteus,GTDB-tk by RS on 3/9/22,,2019-09-19,10^0,B,BHI + Tween,,,,2019-12-27,,SAS,,,17,44,,,,,,2020-05-18 08:30,Shelby Sandstrom
Skin Microbiome Study,LK1145,p3-SID1576,KHID123,Healthy Skin,Back,Y,Y,Micrococcus,luteus,GTDB-tk by RS on 3/9/22,,2019-09-17,10^0,B,BHI + Tween,,,,2019-12-10,,SAS,,,15,16,,,,,,2020-05-18 08:30,Shelby Sandstrom
Skin Microbiome Study,LK1147,p3-SID1578,KHID123,Healthy Skin,Back,Y,Y,Micrococcus,luteus,GTDB-tk by RS on 3/9/22,,2019-09-17,10^0,BT,BHI + Tween,,,,2019-12-10,,SAS,,,15,18,,,,,,2020-05-18 08:30,Shelby Sandstrom
Skin Microbiome Study,LK1104,p3-SID1472,KHID124,Healthy Skin,Volar forearm,Y,Y,Micrococcus,luteus,GTDB-tk by RS on 3/9/22,,2019-09-16,10^0,B,BHI + Tween,,,,2019-12-10,,SAS,,,14,56,,,,,,2020-05-18 08:30,Shelby Sandstrom
Skin Microbiome Study,LK1105,p3-SID1473,KHID124,Healthy Skin,Volar forearm,Y,Y,Micrococcus,luteus,GTDB-tk by RS on 3/9/22,,2019-09-16,10^0,B,BHI + Tween,,,,2019-12-10,,SAS,,,14,57,,,,,,2020-05-18 08:30,Shelby Sandstrom
Skin Microbiome Study,LK1106,p3-SID1474,KHID124,Healthy Skin,Volar forearm,Y,Y,Micrococcus,luteus,GTDB-tk by RS on 3/9/22,,2019-09-16,10^0,B,BHI + Tween,,,,2019-12-10,,SAS,,,14,58,,,,,,2020-05-18 08:30,Shelby Sandstrom
Skin Microbiome Study,LK1121,p3-SID1456,KHID124,Healthy Skin,Volar forearm,Y,Y,Micrococcus,luteus,GTDB-tk by RS on 3/9/22,,2019-09-16,10^0,BD,BHI + Tween,,,,2019-12-10,,SAS,,,14,73,,,,,,2020-05-18 08:30,Shelby Sandstrom
Skin Microbiome Study,LK1002,p3-SID1338,KHID125,Healthy Skin,Antecubital fossa,Y,Y,Micrococcus,luteus,GTDB-tk by RS on 3/9/22,,2019-09-16,10^0,B,BHI + Tween,,,,2019-11-23,,SAS,,,13,35,,,,,,2020-05-18 08:30,Shelby Sandstrom
Skin Microbiome Study,LK1014,p3-SID1334,KHID125,Healthy Skin,Antecubital fossa,Y,Y,Micrococcus,luteus,GTDB-tk by RS on 3/9/22,,2019-09-16,10^0,BT,BHI + Tween,,,,2019-11-23,,SAS,,,13,47,,,,,,2020-05-18 08:30,Shelby Sandstrom
Skin Microbiome Study,LK1018,p3-SID1337,KHID125,Healthy Skin,Antecubital fossa,Y,Y,Micrococcus,luteus,GTDB-tk by RS on 3/9/22,,2019-09-16,10^0,B,BHI + Tween,,,,2019-11-23,,SAS,,,13,51,,,,,,2020-05-18 08:30,Shelby Sandstrom
Skin Microbiome Study,LK1019,p3-SID1412,KHID125,Healthy Skin,Antecubital fossa,Y,Y,Micrococcus,luteus,GTDB-tk by RS on 3/9/22,,2019-09-16,10^0,B,BHI + Tween,,,,2019-11-23,,SAS,,,13,52,,,,,,2020-05-18 08:30,Shelby Sandstrom
Skin Microbiome Study,LK1022,p3-SID1333,KHID125,Healthy Skin,Antecubital fossa,Y,Y,Micrococcus,luteus,GTDB-tk by RS on 3/9/22,,2019-09-16,10^0,BT,BHI + Tween,,,,2019-11-23,,SAS,,,13,55,,,,,,2020-05-18 08:30,Shelby Sandstrom
Skin Microbiome Study,LK1026,p3-SID1335,KHID125,Healthy Skin,Antecubital fossa,Y,Y,Micrococcus,luteus,GTDB-tk by RS on 3/9/22,,2019-09-16,10^0,BT,BHI + Tween,,,,2019-11-23,,SAS,,,13,59,,,,,,2020-05-18 08:30,Shelby Sandstrom
Skin Microbiome Study,LK1007,p3-SID1420,KHID127,Healthy Skin,Toe web space,Y,Y,Micrococcus,luteus,GTDB-tk by RS on 3/9/22,,2019-09-16,10^0,BT,BHI + Tween,,,,2019-11-23,,SAS,,,13,40,,,,,,2020-05-18 08:30,Shelby Sandstrom
Skin Microbiome Study,LK1012,p3-SID1423,KHID129,Healthy Skin,Nares,Y,Y,Micrococcus,luteus,GTDB-tk by RS on 3/9/22,,2019-09-16,10^0,B,BHI + Tween,,,,2019-11-23,,SAS,,,13,45,,,,,,2020-05-18 08:30,Shelby Sandstrom
Skin Microbiome Study,LK1008,p3-SID1424,KHID130,Healthy Skin,Occiput,Y,Y,Micrococcus,luteus,GTDB-tk by RS on 3/9/22,,2019-09-16,10^0,B,BHI + Tween,,,,2019-11-23,,SAS,,,13,41,,,,,,2020-05-18 08:30,Shelby Sandstrom
Skin Microbiome Study,LK1048,p3-SID1866,KHID130,Healthy Skin,Occiput,Y,Y,Micrococcus,luteus,GTDB-tk by RS on 3/9/22,,2019-09-17,10^0,BT,BHI + Tween,,,,2019-11-27,,SAS,,,13,81,,,,,,2020-05-18 08:30,Shelby Sandstrom
Skin Microbiome Study,LK1050,p3-SID1863,KHID130,Healthy Skin,Occiput,Y,Y,Micrococcus,luteus,GTDB-tk by RS on 3/9/22,,2019-09-17,10^0,B,BHI + Tween,,,,2019-11-27,,SAS,,,14,2,,,,,,2020-05-18 08:30,Shelby Sandstrom
Skin Microbiome Study,LK1051,p3-SID1865,KHID130,Healthy Skin,Occiput,Y,Y,Micrococcus,luteus,GTDB-tk by RS on 3/9/22,,2019-09-17,10^0,BT,BHI + Tween,,,,2019-11-27,,SAS,,,14,3,,,,,,2020-05-18 08:30,Shelby Sandstrom
Skin Microbiome Study,LK1090,p3-SID1582,KHID130,Healthy Skin,Occiput,Y,Y,Micrococcus,luteus,GTDB-tk by RS on 3/9/22,,2019-09-17,10^0,BD,BHI + Tween,,,,2019-12-10,,SAS,,,14,42,,,,,,2020-05-18 08:30,Shelby Sandstrom
Skin Microbiome Study,LK1049,p3-SID1876,KHID131,Healthy Skin,Back,Y,Y,Micrococcus,luteus,GTDB-tk by RS on 3/9/22,,2019-09-17,10^0,B,BHI + Tween,,,,2019-11-27,,SAS,,,14,1,,,,,,2020-05-18 08:30,Shelby Sandstrom
Skin Microbiome Study,LK1053,p3-SID1884,KHID131,Healthy Skin,Back,Y,Y,Micrococcus,luteus,GTDB-tk by RS on 3/9/22,,2019-09-17,10^0,BD,BHI + Tween,,,,2019-11-27,,SAS,,,14,5,,,,,,2020-05-18 08:30,Shelby Sandstrom
Skin Microbiome Study,LK1056,p3-SID1877,KHID131,Healthy Skin,Back,Y,Y,Micrococcus,luteus,GTDB-tk by RS on 3/9/22,,2019-09-17,10^0,B,BHI + Tween,,,,2019-11-27,,SAS,,,14,8,,,,,,2020-05-18 08:30,Shelby Sandstrom
Skin Microbiome Study,LK1070,p3-SID1875,KHID131,Healthy Skin,Back,Y,Y,Micrococcus,luteus,GTDB-tk by RS on 3/9/22,,2019-09-17,10^0,B,BHI + Tween,,,,2019-11-27,,SAS,,,14,22,,,,,,2020-05-18 08:30,Shelby Sandstrom
Skin Microbiome Study,LK1036,p3-SID1891,KHID132,Healthy Skin,Volar forearm,Y,Y,Micrococcus,luteus,GTDB-tk by RS on 3/9/22,,2019-09-17,10^0,B,BHI + Tween,,,,2019-11-27,,SAS,,,13,69,,,,,,2020-05-18 08:30,Shelby Sandstrom
Skin Microbiome Study,LK1072,p3-SID1843,KHID132,Healthy Skin,Volar forearm,Y,Y,Micrococcus,luteus,GTDB-tk by RS on 3/9/22,,2019-09-17,10^0,BD,BHI + Tween,,,,2019-11-27,,SAS,,,14,24,,,,,,2020-05-18 08:30,Shelby Sandstrom
Skin Microbiome Study,LK1073,p3-SID1889,KHID132,Healthy Skin,Volar forearm,Y,Y,Micrococcus,luteus,GTDB-tk by RS on 3/9/22,,2019-09-17,10^0,B,BHI + Tween,,,,2019-11-27,,SAS,,,14,25,,,,,,2020-05-18 08:30,Shelby Sandstrom
Skin Microbiome Study,LK1159,p3-SID1509,KHID140,Healthy Skin,Volar forearm,Y,Y,Micrococcus,luteus,GTDB-tk by RS on 3/9/22,,2019-09-17,10^0,BD,BHI + Tween,,,,2019-12-10,,SAS,,,15,30,,,,,,2020-05-18 08:30,Shelby Sandstrom
Skin Microbiome Study,LK1091,p3-SID1516,KHID143,Healthy Skin,Toe web space,Y,Y,Micrococcus,luteus,GTDB-tk by RS on 3/9/22,,2019-09-17,10^0,BD,BHI + Tween,,,,2019-12-10,,SAS,,,14,43,,,,,,2020-05-18 08:30,Shelby Sandstrom
Skin Microbiome Study,LK1009,p3-SID1373,KHID144,Healthy Skin,Alar crease,Y,Y,Micrococcus,luteus,GTDB-tk by RS on 3/9/22,,2019-09-16,10^0,B,BHI + Tween,,,,2019-11-23,,SAS,,,13,42,,,,,,2020-05-18 08:30,Shelby Sandstrom
Skin Microbiome Study,LK1025,p3-SID1356,KHID144,Healthy Skin,Alar crease,Y,Y,Micrococcus,luteus,GTDB-tk by RS on 3/9/22,,2019-09-16,10^0,B,BHI + Tween,,,,2019-11-23,,SAS,,,13,58,,,,,,2020-05-18 08:30,Shelby Sandstrom
Skin Microbiome Study,LK1206,p3-SID1703,KHID146,Healthy Skin,Occiput,Y,Y,Micrococcus,luteus,GTDB-tk by RS on 3/9/22,,2019-09-17,10^0,B,BHI + Tween,,,,2019-12-20,,SAS,,,15,77,,,,,,2020-05-18 08:30,Shelby Sandstrom
Skin Microbiome Study,LK1207,p3-SID1705,KHID146,Healthy Skin,Occiput,Y,Y,Micrococcus,luteus,GTDB-tk by RS on 3/9/22,,2019-09-17,10^0,B,BHI + Tween,,,,2019-12-20,,SAS,,,15,78,,,,,,2020-05-18 08:30,Shelby Sandstrom
Skin Microbiome Study,LK1208,p3-SID1706,KHID146,Healthy Skin,Occiput,Y,Y,Micrococcus,luteus,GTDB-tk by RS on 3/9/22,,2019-09-17,10^0,B,BHI + Tween,,,,2019-12-20,,SAS,,,15,79,,,,,,2020-05-18 08:30,Shelby Sandstrom
Skin Microbiome Study,LK1224,p3-SID1787,KHID148,Healthy Skin,Volar forearm,Y,Y,Micrococcus,luteus,GTDB-tk by RS on 3/9/22,,2019-09-17,10^0,B,BHI + Tween,,,,2019-12-20,,SAS,,,16,14,,,,,,2020-05-18 08:30,Shelby Sandstrom
Skin Microbiome Study,LK1274,p3-SID1781,KHID148,Healthy Skin,Volar forearm,Y,Y,Micrococcus,luteus,GTDB-tk by RS on 3/9/22,,2019-09-17,10^0,BT,BHI + Tween,,,,2019-12-24,,SAS,,,16,64,,,,,,2020-05-18 08:30,Shelby Sandstrom
Skin Microbiome Study,LK1275,p3-SID1783,KHID148,Healthy Skin,Volar forearm,Y,Y,Micrococcus,luteus,GTDB-tk by RS on 3/9/22,,2019-09-17,10^0,BT,BHI + Tween,,,,2019-12-24,,SAS,,,16,65,,,,,,2020-05-18 08:30,Shelby Sandstrom
Skin Microbiome Study,LK1231,p3-SID1805,KHID149,Healthy Skin,Antecubital fossa,Y,Y,Micrococcus,luteus,GTDB-tk by RS on 3/9/22,,2019-09-17,10^0,B,BHI + Tween,,,,2019-12-20,,SAS,,,16,21,,,,,,2020-05-18 08:30,Shelby Sandstrom
Skin Microbiome Study,LK1113,p3-SID1600,KHID151,Healthy Skin,Toe web space,Y,Y,Micrococcus,luteus,GTDB-tk by RS on 3/9/22,,2019-09-17,10^0,BT,BHI + Tween,,,,2019-12-10,,SAS,,,14,65,,,,,,2020-05-18 08:30,Shelby Sandstrom
Skin Microbiome Study,LK1099,p3-SID1548,KHID154,Healthy Skin,Occiput,Y,Y,Micrococcus,luteus,GTDB-tk by RS on 3/9/22,,2019-09-17,10^0,BD,BHI + Tween,,,,2019-12-10,,SAS,,,14,51,,,,,,2020-05-18 08:30,Shelby Sandstrom
Skin Microbiome Study,LK1117,p3-SID1622,KHID155,Healthy Skin,Back,Y,Y,Micrococcus,luteus,GTDB-tk by RS on 3/9/22,,2019-09-17,10^0,BD,BHI + Tween,,,,2019-12-10,,SAS,,,14,69,,,,,,2020-05-18 08:30,Shelby Sandstrom
Skin Microbiome Study,LK569,p3-SID709,KHID29,Healthy Skin,Back,Y,Y,Micrococcus,luteus,GTDB-tk by RS on 3/9/22,,2019-07-26,10^-1,BH,BHI,,,,2019-08-06,,IKL,,,8,7,,,,,,2020-05-18 08:30,Shelby Sandstrom
Skin Microbiome Study,LK467,p3-SID733,KHID30,Healthy Skin,Volar forearm,Y,Y,Micrococcus,luteus,GTDB-tk by RS on 3/9/22,,2019-07-26,10^-1,BH,BHI,,,,2019-08-01,,IKL,,,6,67,,,,,,2020-05-18 08:30,Shelby Sandstrom
Skin Microbiome Study,LK517,p3-SID732,KHID30,Healthy Skin,Volar forearm,Y,Y,Micrococcus,luteus,GTDB-tk by RS on 3/9/22,,2019-07-26,10^-1,BH,BHI,,,,2019-08-06,,IKL,,,7,36,,,,,,2020-05-18 08:30,Shelby Sandstrom
Skin Microbiome Study,LK661,p3-SID726,KHID30,Healthy Skin,Volar forearm,Y,Y,Micrococcus,luteus,GTDB-tk by RS on 3/9/22,,2019-07-26,10^-1,BL,BHI,,,,2019-08-12,,IKL,,,9,18,,,,,,2020-05-18 08:30,Shelby Sandstrom
Skin Microbiome Study,LK443,p3-SID750,KHID31,Healthy Skin,Antecubital fossa,Y,Y,Micrococcus,luteus,GTDB-tk by RS on 3/9/22,,2019-07-26,10^-1,BL,BHI,,,,2019-08-01,,IKL,,,6,43,,,,,,2020-05-18 08:30,Shelby Sandstrom
Skin Microbiome Study,LK455,p3-SID723,KHID34,Healthy Skin,Alar crease,Y,Y,Micrococcus,luteus,GTDB-tk by RS on 3/9/22,,2019-07-26,10^-1,BT,BHI,,,,2019-08-01,,IKL,,,6,55,,,,,,2020-05-18 08:30,Shelby Sandstrom
Skin Microbiome Study,LK412,p3-SID861,KHID47,Healthy Skin,Antecubital fossa,Y,Y,Micrococcus,luteus,GTDB-tk by RS on 3/9/22,,2019-07-29,10^0,BL,BHI,,,,2019-08-01,,IKL,,,6,12,,,,,,2020-05-18 08:30,Shelby Sandstrom
Skin Microbiome Study,LK419,p3-SID631,KHID52,Healthy Skin,Occiput,Y,Y,Micrococcus,luteus,GTDB-tk by RS on 3/9/22,,2019-07-26,10^-1,BL,BHI,,,,2019-08-01,,IKL,,,6,19,,,,,,2020-05-18 08:30,Shelby Sandstrom
Skin Microbiome Study,LK542,p3-SID630,KHID52,Healthy Skin,Occiput,Y,Y,Micrococcus,luteus,GTDB-tk by RS on 3/9/22,,2019-07-26,10^-1,BL,BHI,,,,2019-08-06,,IKL,,,7,61,,,,,,2020-05-18 08:30,Shelby Sandstrom
Skin Microbiome Study,LK719,p3-SID588,KHID55,Healthy Skin,Antecubital fossa,Y,Y,Micrococcus,luteus,GTDB-tk by RS on 3/9/22,,2019-07-26,10^-1,BH,BHI,,,,2019-08-12,,IKL,,,9,76,,,,,,2020-05-18 08:30,Shelby Sandstrom
Skin Microbiome Study,LK604,p3-SID875,KHID56,Healthy Skin,Umbilicus,Y,Y,Micrococcus,luteus,GTDB-tk by RS on 3/9/22,,2019-07-29,10^-2,BH,BHI,,,,2019-08-29,,IKL,,,8,42,,,,,,2020-05-18 08:30,Shelby Sandstrom
Skin Microbiome Study,LK553,p3-SID690,KHID57,Healthy Skin,Toe web space,Y,Y,Micrococcus,luteus,GTDB-tk by RS on 3/9/22,,2019-07-26,10^-1,BL,BHI,,,,2019-08-06,,IKL,,,7,72,,,,,,2020-05-18 08:30,Shelby Sandstrom
Skin Microbiome Study,LK694,p3-SID625,KHID62,Healthy Skin,Volar forearm,Y,Y,Micrococcus,luteus,GTDB-tk by RS on 3/9/22,,2019-07-26,10^-1,BL,BHI,,,,2019-08-12,,IKL,,,9,51,,,,,,2020-05-18 08:30,Shelby Sandstrom
Skin Microbiome Study,LK430,p3-SID675,KHID63,Healthy Skin,Antecubital fossa,Y,Y,Micrococcus,luteus,GTDB-tk by RS on 3/9/22,,2019-07-26,10^-1,BH,BHI,,,,2019-08-01,,IKL,,,6,30,,,,,,2020-05-18 08:30,Shelby Sandstrom
Skin Microbiome Study,LK408,p3-SID899,KHID65,Healthy Skin,Toe web space,Y,Y,Micrococcus,luteus,GTDB-tk by RS on 3/9/22,,2019-07-29,10^-2,BH,BHI,,,,2019-08-01,,IKL,,,6,8,,,,,,2020-05-18 08:30,Shelby Sandstrom
Skin Microbiome Study,LK566,p3-SID619,KHID66,Healthy Skin,Alar crease,Y,Y,Micrococcus,luteus,GTDB-tk by RS on 3/9/22,,2019-07-26,10^-1,BT,BHI,,,,2019-08-06,,IKL,,,8,4,,,,,,2020-05-18 08:30,Shelby Sandstrom
Skin Microbiome Study,LK402,p3-SID893,KHID68,Healthy Skin,Occiput,Y,Y,Micrococcus,luteus,GTDB-tk by RS on 3/9/22,,2019-07-29,10^0,BH,BHI,,,,2019-08-01,,IKL,,,6,2,,,,,,2020-05-18 08:30,Shelby Sandstrom
Skin Microbiome Study,LK426,p3-SID888,KHID69,Healthy Skin,Back,Y,Y,Micrococcus,luteus,GTDB-tk by RS on 3/9/22,,2019-07-29,10^0,BH,BHI,,,,2019-08-01,,IKL,,,6,26,,,,,,2020-05-18 08:30,Shelby Sandstrom
Skin Microbiome Study,LK410,p3-SID869,KHID70,Healthy Skin,Volar forearm,Y,Y,Micrococcus,luteus,GTDB-tk by RS on 3/9/22,,2019-07-29,10^0,BL,BHI,,,,2019-08-01,,IKL,,,6,10,,,,,,2020-05-18 08:30,Shelby Sandstrom
Skin Microbiome Study,LK697,p3-SID627,KHID70,Healthy Skin,Volar forearm,Y,Y,Micrococcus,luteus,GTDB-tk by RS on 3/9/22,,2019-07-26,10^-1,BT,BHI,,,,2019-08-12,,IKL,,,9,54,,,,,,2020-05-18 08:30,Shelby Sandstrom
Skin Microbiome Study,LK409,p3-SID868,KHID71,Healthy Skin,Antecubital fossa,Y,Y,Micrococcus,luteus,GTDB-tk by RS on 3/9/22,,2019-07-29,10^0,BL,BHI,,,,2019-08-01,,IKL,,,6,9,,,,,,2020-05-18 08:30,Shelby Sandstrom
Skin Microbiome Study,LK400,p3-SID891,KHID72,Healthy Skin,Umbilicus,Y,Y,Micrococcus,luteus,GTDB-tk by RS on 3/9/22,,2019-07-29,10^0,BH,BHI,,,,2019-08-01,,IKL,,,5,81,,,,,,2020-05-18 08:30,Shelby Sandstrom
Skin Microbiome Study,LK1379,p3-SID2510,KHID74,Healthy Skin,Alar crease,Y,Y,Micrococcus,luteus,GTDB-tk by RS on 3/9/22,,2020-02-26,10^0,BD,BHI + Tween,,,,2020-03-11,,MHS,,,18,7,,,,,,2020-05-18 08:30,Shelby Sandstrom
Skin Microbiome Study,LK941,p3-SID797,KHID74,Healthy Skin,Alar crease,Y,Y,Micrococcus,luteus,GTDB-tk by RS on 3/9/22,,2019-07-29,10^-1,BH,BHI,,,,2019-11-18,,SAS,,,12,55,,,,,,2020-05-18 08:30,Shelby Sandstrom
Skin Microbiome Study,LK1390,p3-SID2521,KHID76,Healthy Skin,Occiput,Y,Y,Micrococcus,luteus,GTDB-tk by RS on 3/9/22,,2020-02-26,10^0,BD,BHI + Tween,,,,2020-03-11,,MHS,,,18,18,,,,,,2020-05-18 08:30,Shelby Sandstrom
Skin Microbiome Study,LK1392,p3-SID2523,KHID76,Healthy Skin,Occiput,Y,Y,Micrococcus,luteus,GTDB-tk by RS on 3/9/22,,2020-02-26,10^0,BD,BHI + Tween,,,,2020-03-11,,MHS,,,18,20,,,,,,2020-05-18 08:30,Shelby Sandstrom
Skin Microbiome Study,LK1393,p3-SID2524,KHID76,Healthy Skin,Occiput,Y,Y,Micrococcus,luteus,GTDB-tk by RS on 3/9/22,,2020-02-26,10^0,BD,BHI + Tween,,,,2020-03-11,,MHS,,,18,21,,,,,,2020-05-18 08:30,Shelby Sandstrom
Skin Microbiome Study,LK1397,p3-SID2528,KHID76,Healthy Skin,Occiput,Y,Y,Micrococcus,luteus,GTDB-tk by RS on 3/9/22,,2020-02-26,10^0,BD,BHI + Tween,,,,2020-03-11,,MHS,,,18,25,,,,,,2020-05-18 08:30,Shelby Sandstrom
Skin Microbiome Study,LK1400,p3-SID2531,KHID76,Healthy Skin,Occiput,Y,Y,Micrococcus,luteus,GTDB-tk by RS on 3/9/22,,2020-02-26,10^0,BD,BHI + Tween,,,,2020-03-12,,MHS,,,18,28,,,,,,2020-05-18 08:30,Shelby Sandstrom
Skin Microbiome Study,LK441,p3-SID810,KHID77,Healthy Skin,Back,Y,Y,Micrococcus,luteus,GTDB-tk by RS on 3/9/22,,2019-07-29,10^-1,BH,BHI,,,,2019-08-01,,IKL,,,6,41,,,,,,2020-05-18 08:30,Shelby Sandstrom
Skin Microbiome Study,LK1380,p3-SID2511,KHID78,Healthy Skin,Volar forearm,Y,Y,Micrococcus,luteus,GTDB-tk by RS on 3/9/22,,2020-02-26,10^0,BT,BHI + Tween,,,,2020-03-11,,MHS,,,18,8,,,,,,2020-05-18 08:30,Shelby Sandstrom
Skin Microbiome Study,LK1382,p3-SID2513,KHID78,Healthy Skin,Volar forearm,Y,Y,Micrococcus,luteus,GTDB-tk by RS on 3/9/22,,2020-02-26,10^0,BT,BHI + Tween,,,,2020-03-11,,MHS,,,18,10,,,,,,2020-05-18 08:30,Shelby Sandstrom
Skin Microbiome Study,LK1383,p3-SID2514,KHID78,Healthy Skin,Volar forearm,Y,Y,Micrococcus,luteus,GTDB-tk by RS on 3/9/22,,2020-02-26,10^0,BT,BHI + Tween,,,,2020-03-11,,MHS,,,18,11,,,,,,2020-05-18 08:30,Shelby Sandstrom
Skin Microbiome Study,LK1384,p3-SID2515,KHID78,Healthy Skin,Volar forearm,Y,Y,Micrococcus,luteus,GTDB-tk by RS on 3/9/22,,2020-02-26,10^0,BT,BHI + Tween,,,,2020-03-11,,MHS,,,18,12,,,,,,2020-05-18 08:30,Shelby Sandstrom
Skin Microbiome Study,LK1402,p3-SID2533,KHID78,Healthy Skin,Volar forearm,Y,Y,Micrococcus,luteus,GTDB-tk by RS on 3/9/22,,2020-02-26,10^0,BT,BHI + Tween,,,,2020-03-12,,MHS,,,18,30,,,,,,2020-05-18 08:30,Shelby Sandstrom
Skin Microbiome Study,LK427,p3-SID765,KHID78,Healthy Skin,Volar forearm,Y,Y,Micrococcus,luteus,GTDB-tk by RS on 3/9/22,,2019-07-29,10^-1,BH,BHI,,,,2019-08-01,,IKL,,,6,27,,,,,,2020-05-18 08:30,Shelby Sandstrom
Skin Microbiome Study,LK705,p3-SID783,KHID78,Healthy Skin,Volar forearm,Y,Y,Micrococcus,luteus,GTDB-tk by RS on 3/9/22,,2019-07-29,10^-1,BT,BHI,,,,2019-08-12,,IKL,,,9,62,,,,,,2020-05-18 08:30,Shelby Sandstrom
Skin Microbiome Study,LK1306,p3-SID980,KHID85,Healthy Skin,Volar forearm,Y,Y,Micrococcus,luteus,GTDB-tk by RS on 3/9/22,,2019-09-19,10^0,BT,BHI + Tween,,,,2019-12-27,,SAS,,,17,15,,,,,,2020-05-18 08:30,Shelby Sandstrom
Skin Microbiome Study,LK1173,p3-SID1296,KHID98,Healthy Skin,Occiput,Y,Y,Micrococcus,luteus,GTDB-tk by RS on 3/9/22,,2019-09-19,10^0,BD,BHI + Tween,,,,2019-12-16,,SAS,,,15,44,,,,,,2020-05-18 08:30,Shelby Sandstrom
Skin Microbiome Study,LK945,p3-SID1303,KHID108,Healthy Skin,Volar forearm,Y,Y,Micromonospora,chalcea,GTDB-tk by RS on 3/9/22,,2019-09-19,10^0,B,BHI,,,,2019-11-18,,SAS,,,12,59,,,,,,2020-05-18 08:30,Shelby Sandstrom
Skin Microbiome Study,LK1098,p3-SID1541,KHID153,Healthy Skin,Nares,Y,Y,Morganella,morganii,GTDB-tk by RS on 3/9/22,,2019-09-17,10^0,B,BHI + Tween,,,,2019-12-10,,SAS,,,14,50,,,,,,2020-05-18 08:30,Shelby Sandstrom
Skin Microbiome Study,LK518,p3-SID767,KHID78,Healthy Skin,Volar forearm,Y,Y,Nesterenkonia,massiliensis,GTDB-tk by RS on 3/9/22,,2019-07-29,10^-1,BH,BHI,,,,2019-08-06,,IKL,,,7,37,,,,,,2020-05-18 08:30,Shelby Sandstrom
Skin Microbiome Study,LK712,p3-SID844,KHID79,Healthy Skin,Antecubital fossa,Y,Y,Niallia,taxi,GTDB-tk by RS on 3/9/22,,2019-07-29,10^-1,BH,BHI,,,,2019-08-12,,IKL,,,9,69,,,,,,2020-05-18 08:30,Shelby Sandstrom
Skin Microbiome Study,LK1102,p3-SID1558,KHID155,Healthy Skin,Back,Y,Y,Oceanobacillus,kimchii,GTDB-tk by RS on 3/9/22,,2019-09-17,10^0,B,BHI + Tween,,,,2019-12-10,,SAS,,,14,54,,,,,,2020-05-18 08:30,Shelby Sandstrom
Skin Microbiome Study,LK1172,p3-SID1628,KHID155,Healthy Skin,Back,Y,Y,Oceanobacillus,kimchii,GTDB-tk by RS on 3/9/22,,2019-09-17,10^0,BD,BHI + Tween,,,,2019-12-11,,SAS,,,15,43,,,,,,2020-05-18 08:30,Shelby Sandstrom
Skin Microbiome Study,LK1034,p3-SID1389,KHID129,Healthy Skin,Nares,Y,Y,Paenibacillus,,GTDB-tk by RS on 3/9/22,,2019-09-16,10^0,BT,BHI + Tween,,,,2019-11-27,,SAS,,,13,67,,,,,,2020-05-18 08:30,Shelby Sandstrom
Skin Microbiome Study,LK479,p3-SID867,KHID71,Healthy Skin,Antecubital fossa,Y,Y,Paenibacillus,sp001860525,GTDB-tk by RS on 3/9/22,,2019-07-29,10^0,BT,BHI,,,,2019-08-01,,IKL,,,6,79,,,,,,2020-05-18 08:30,Shelby Sandstrom
Skin Microbiome Study,LK464,p3-SID801,KHID74,Healthy Skin,Alar crease,Y,Y,Peribacillus,frigoritolerans,GTDB-tk by RS on 3/9/22,,2019-07-29,10^-1,BH,BHI,,,,2019-08-01,,IKL,,,6,64,,,,,,2020-05-18 08:30,Shelby Sandstrom
Skin Microbiome Study,LK1279,p3-SID1799,KHID149,Healthy Skin,Antecubital fossa,Y,Y,Pseudoclavibacter,alba,GTDB-tk by RS on 3/9/22,,2019-09-17,10^0,BT,BHI + Tween,,,,2019-12-24,,SAS,,,16,69,,,,,,2020-05-18 08:30,Shelby Sandstrom
Skin Microbiome Study,LK570,p3-SID696,KHID43,Healthy Skin,Nares,Y,Y,Raoultella,ornithinolytica,GTDB-tk by RS on 3/9/22,,2019-07-26,10^-1,BH,BHI,,,,2019-08-06,,IKL,,,8,8,,,,,,2020-05-18 08:30,Shelby Sandstrom
Skin Microbiome Study,LK1244,p3-SID1678,KHID136,Healthy Skin,Alar crease,Y,Y,Rothia,kristinae,GTDB-tk by RS on 3/9/22,,2019-09-17,10^0,B,BHI + Tween,,,,2019-12-24,,SAS,,,16,34,,,,,,2020-05-18 08:30,Shelby Sandstrom
Skin Microbiome Study,LK1282,p3-SID1811,KHID137,Healthy Skin,Nares,Y,Y,Rothia,kristinae,GTDB-tk by RS on 3/9/22,,2019-09-17,10^0,BT,BHI + Tween,,,,2019-12-24,,SAS,,,16,72,,,,,,2020-05-18 08:30,Shelby Sandstrom
Skin Microbiome Study,LK1287,p3-SID1817,KHID137,Healthy Skin,Nares,Y,Y,Rothia,kristinae,GTDB-tk by RS on 3/9/22,,2019-09-17,10^0,BD,BHI + Tween,,,,2019-12-24,,SAS,,,16,77,,,,,,2020-05-18 08:30,Shelby Sandstrom
Skin Microbiome Study,LK1259,p3-SID1735,KHID138,Healthy Skin,Occiput,Y,Y,Rothia,kristinae,GTDB-tk by RS on 3/9/22,,2019-09-17,10^0,BD,BHI + Tween,,,,2019-12-24,,SAS,,,16,49,,,,,,2020-05-18 08:30,Shelby Sandstrom
Skin Microbiome Study,LK1263,p3-SID1741,KHID138,Healthy Skin,Occiput,Y,Y,Rothia,kristinae,GTDB-tk by RS on 3/9/22,,2019-09-17,10^0,BD,BHI + Tween,,,,2019-12-24,,SAS,,,16,53,,,,,,2020-05-18 08:30,Shelby Sandstrom
Skin Microbiome Study,LK1285,p3-SID1829,KHID138,Healthy Skin,Occiput,Y,Y,Rothia,kristinae,GTDB-tk by RS on 3/9/22,,2019-09-17,10^0,B,BHI + Tween,,,,2019-12-24,,SAS,,,16,75,,,,,,2020-05-18 08:30,Shelby Sandstrom
Skin Microbiome Study,LK1086,p3-SID1566,KHID140,Healthy Skin,Volar forearm,Y,Y,Rothia,kristinae,GTDB-tk by RS on 3/9/22,,2019-09-17,10^0,B,BHI + Tween,,,,2019-12-10,,SAS,,,14,38,,,,,,2020-05-18 08:30,Shelby Sandstrom
Skin Microbiome Study,LK1112,p3-SID1597,KHID151,Healthy Skin,Toe web space,Y,Y,Rothia,massiliensis,GTDB-tk by RS on 3/9/22,,2019-09-17,10^0,BT,BHI + Tween,,,,2019-12-10,,SAS,,,14,64,,,,,,2020-05-18 08:30,Shelby Sandstrom
Skin Microbiome Study,LK421,p3-SID743,KHID33,Healthy Skin,Toe web space,Y,Y,Sphingobacterium,daejeonense,GTDB-tk by RS on 3/9/22,,2019-07-26,10^-1,BL,BHI,,,,2019-08-01,,IKL,,,6,21,,,,,,2020-05-18 08:30,Shelby Sandstrom
Skin Microbiome Study,LK485,p3-SID741,KHID33,Healthy Skin,Toe web space,Y,Y,Sphingobacterium,hotanense,GTDB-tk by RS on 3/9/22,,2019-07-26,10^-1,BL,BHI,,,,2019-08-01,,IKL,,,7,4,,,,,,2020-05-18 08:30,Shelby Sandstrom
Skin Microbiome Study,LK1015,p3-SID1418,KHID127,Healthy Skin,Toe web space,Y,Y,Staphylococcus,urealyticus,GTDB-tk by RS on 3/9/22,,2019-09-16,10^0,BT,BHI + Tween,,,,2019-11-23,,SAS,,,13,48,,,,,,2020-05-18 08:30,Shelby Sandstrom
Skin Microbiome Study,LK1095,p3-SID1607,KHID152,Healthy Skin,Alar crease,Y,Y,Staphylococcus,epidermidis,GTDB-tk by RS on 3/9/22,,2019-09-17,10^0,BD,BHI + Tween,,,,2019-12-10,,SAS,,,14,47,,,,,,2020-05-18 08:30,Shelby Sandstrom
Skin Microbiome Study,LK1096,p3-SID1612,KHID152,Healthy Skin,Alar crease,Y,Y,Staphylococcus,epidermidis,GTDB-tk by RS on 3/9/22,,2019-09-17,10^0,BD,BHI + Tween,,,,2019-12-10,,SAS,,,14,48,,,,,,2020-05-18 08:30,Shelby Sandstrom
Skin Microbiome Study,LK1116,p3-SID1603,KHID152,Healthy Skin,Alar crease,Y,Y,Staphylococcus,epidermidis,GTDB-tk by RS on 3/9/22,,2019-09-17,10^0,BD,BHI + Tween,,,,2019-12-10,,SAS,,,14,68,,,,,,2020-05-18 08:30,Shelby Sandstrom
Skin Microbiome Study,LK1136,p3-SID1655,KHID152,Healthy Skin,Alar crease,Y,Y,Staphylococcus,epidermidis,GTDB-tk by RS on 3/9/22,,2019-09-17,10^0,BT,BHI + Tween,,,,2019-12-10,,SAS,,,15,7,,,,,,2020-05-18 08:30,Shelby Sandstrom
Skin Microbiome Study,LK1137,p3-SID1661,KHID152,Healthy Skin,Alar crease,Y,Y,Staphylococcus,epidermidis,GTDB-tk by RS on 3/9/22,,2019-09-17,10^0,B,BHI + Tween,,,,2019-12-10,,SAS,,,15,8,,,,,,2020-05-18 08:30,Shelby Sandstrom
Skin Microbiome Study,LK1138,p3-SID1662,KHID152,Healthy Skin,Alar crease,Y,Y,Staphylococcus,epidermidis,GTDB-tk by RS on 3/9/22,,2019-09-17,10^0,B,BHI + Tween,,,,2019-12-10,,SAS,,,15,9,,,,,,2020-05-18 08:30,Shelby Sandstrom
Skin Microbiome Study,LK1110,p3-SID1594,KHID154,Healthy Skin,Occiput,Y,Y,Staphylococcus,epidermidis,GTDB-tk by RS on 3/9/22,,2019-09-17,10^0,B,BHI + Tween,,,,2019-12-10,,SAS,,,14,62,,,,,,2020-05-18 08:30,Shelby Sandstrom
Skin Microbiome Study,LK1167,p3-SID1615,KHID157,Healthy Skin,Antecubital fossa,Y,Y,Staphylococcus,epidermidis,GTDB-tk by RS on 3/9/22,,2019-09-17,10^0,BD,BHI + Tween,,,,2019-12-10,,SAS,,,15,38,,,,,,2020-05-18 08:30,Shelby Sandstrom
Skin Microbiome Study,LK1255,p3-SID1731,KHID158,Healthy Skin,Umbilicus,Y,Y,Staphylococcus,capitis,GTDB-tk by RS on 3/9/22,,2019-09-17,10^0,B,BHI + Tween,,,,2019-12-24,,SAS,,,16,45,,,,,,2020-05-18 08:30,Shelby Sandstrom
Skin Microbiome Study,LK1264,p3-SID1754,KHID158,Healthy Skin,Umbilicus,Y,Y,Staphylococcus,epidermidis,GTDB-tk by RS on 3/9/22,,2019-09-17,10^0,BD,BHI + Tween,,,,2019-12-24,,SAS,,,16,54,,,,,,2020-05-18 08:30,Shelby Sandstrom
Skin Microbiome Study,LK459,p3-SID728,KHID30,Healthy Skin,Volar forearm,Y,Y,Staphylococcus,epidermidis,GTDB-tk by RS on 3/9/22,,2019-07-26,10^-1,BL,BHI,,,,2019-08-01,,IKL,,,6,59,,,,,,2020-05-18 08:30,Shelby Sandstrom
Skin Microbiome Study,LK417,p3-SID742,KHID33,Healthy Skin,Toe web space,Y,Y,Staphylococcus,hominis,GTDB-tk by RS on 3/9/22,,2019-07-26,10^-1,BL,BHI,,,,2019-08-01,,IKL,,,6,17,,,,,,2020-05-18 08:30,Shelby Sandstrom
Skin Microbiome Study,LK413,p3-SID855,KHID36,Healthy Skin,Occiput,Y,Y,Staphylococcus,warneri,GTDB-tk by RS on 3/9/22,,2019-07-29,10^0,BL,BHI,,,,2019-08-01,,IKL,,,6,13,,,,,,2020-05-18 08:30,Shelby Sandstrom
Skin Microbiome Study,LK414,p3-SID858,KHID36,Healthy Skin,Occiput,Y,Y,Staphylococcus,warneri,GTDB-tk by RS on 3/9/22,,2019-07-29,10^0,BH,BHI,,,,2019-08-01,,IKL,,,6,14,,,,,,2020-05-18 08:30,Shelby Sandstrom
Skin Microbiome Study,LK415,p3-SID856,KHID36,Healthy Skin,Occiput,Y,Y,Staphylococcus,warneri,GTDB-tk by RS on 3/9/22,,2019-07-29,10^0,BL,BHI,,,,2019-08-01,,IKL,,,6,15,,,,,,2020-05-18 08:30,Shelby Sandstrom
Skin Microbiome Study,LK428,p3-SID721,KHID38,Healthy Skin,Volar forearm,Y,Y,Staphylococcus,hominis,GTDB-tk by RS on 3/9/22,,2019-07-26,10^-1,BT,BHI,,,,2019-08-01,,IKL,,,6,28,,,,,,2020-05-18 08:30,Shelby Sandstrom
Skin Microbiome Study,LK523,p3-SID719,KHID44,Healthy Skin,Occiput,Y,Y,Staphylococcus,epidermidis,GTDB-tk by RS on 3/9/22,,2019-07-26,10^-1,BT,BHI,,,,2019-08-06,,IKL,,,7,42,,,,,,2020-05-18 08:30,Shelby Sandstrom
Skin Microbiome Study,LK489,p3-SID760,KHID47,Healthy Skin,Antecubital fossa,Y,Y,Staphylococcus,saprophyticus,GTDB-tk by RS on 3/9/22,,2019-07-26,10^-1,BT,BHI,,,,2019-08-01,,IKL,,,7,8,,,,,,2020-05-18 08:30,Shelby Sandstrom
Skin Microbiome Study,LK445,p3-SID612,KHID54,Healthy Skin,Volar forearm,Y,Y,Staphylococcus,epidermidis,GTDB-tk by RS on 3/9/22,,2019-07-26,10^-1,BT,BHI,,,,2019-08-01,,IKL,,,6,45,,,,,,2020-05-18 08:30,Shelby Sandstrom
Skin Microbiome Study,LK590,p3-SID584,KHID55,Healthy Skin,Antecubital fossa,Y,Y,Staphylococcus,epidermidis,GTDB-tk by RS on 3/9/22,,2019-07-26,10^-1,BT,BHI,,,,2019-08-29,,IKL,,,8,28,,,,,,2020-05-18 08:30,Shelby Sandstrom
Skin Microbiome Study,LK460,p3-SID620,KHID62,Healthy Skin,Volar forearm,Y,Y,Staphylococcus,epidermidis,GTDB-tk by RS on 3/9/22,,2019-07-26,10^-1,BT,BHI,,,,2019-08-01,,IKL,,,6,60,,,,,,2020-05-18 08:30,Shelby Sandstrom
Skin Microbiome Study,LK524,p3-SID654,KHID67,Healthy Skin,Nares,Y,Y,Staphylococcus,aureus,GTDB-tk by RS on 3/9/22,,2019-07-26,10^-1,BT,BHI,,,,2019-08-06,,IKL,,,7,43,,,,,,2020-05-18 08:30,Shelby Sandstrom
Skin Microbiome Study,LK470,p3-SID653,KHID67,Healthy Skin,Nares,Y,Y,Staphylococcus,epidermidis,GTDB-tk by RS on 3/9/22,,2019-07-26,10^-1,BT,BHI,,,,2019-08-01,,IKL,,,6,70,,,,,,2020-05-18 08:30,Shelby Sandstrom
Skin Microbiome Study,LK401,p3-SID892,KHID68,Healthy Skin,Occiput,Y,Y,Staphylococcus,epidermidis,GTDB-tk by RS on 3/9/22,,2019-07-29,10^0,BH,BHI,,,,2019-08-01,,IKL,,,6,1,,,,,,2020-05-18 08:30,Shelby Sandstrom
Skin Microbiome Study,LK533,p3-SID791,KHID74,Healthy Skin,Alar crease,Y,Y,Staphylococcus,epidermidis,GTDB-tk by RS on 3/9/22,,2019-07-29,10^-1,BL,BHI,,,,2019-08-06,,IKL,,,7,52,,,,,,2020-05-18 08:30,Shelby Sandstrom
Skin Microbiome Study,LK595,p3-SID790,KHID74,Healthy Skin,Alar crease,Y,Y,Staphylococcus,epidermidis,GTDB-tk by RS on 3/9/22,,2019-07-29,10^-1,BL,BHI,,,,2019-08-29,,IKL,,,8,33,,,,,,2020-05-18 08:30,Shelby Sandstrom
Skin Microbiome Study,LK605,p3-SID829,KHID76,Healthy Skin,Occiput,Y,Y,Staphylococcus,epidermidis,GTDB-tk by RS on 3/9/22,,2019-07-29,10^-1,BL,BHI,,,,2019-08-29,,IKL,,,8,43,,,,,,2020-05-18 08:30,Shelby Sandstrom
Skin Microbiome Study,LK588,p3-SID780,KHID77,Healthy Skin,Back,Y,Y,Staphylococcus,epidermidis,GTDB-tk by RS on 3/9/22,,2019-07-29,10^-1,BT,BHI,,,,2019-08-29,,IKL,,,8,26,,,,,,2020-05-18 08:30,Shelby Sandstrom
Skin Microbiome Study,LK593,p3-SID786,KHID78,Healthy Skin,Volar forearm,Y,Y,Staphylococcus,epidermidis,GTDB-tk by RS on 3/9/22,,2019-07-29,10^-1,BT,BHI,,,,2019-08-29,,IKL,,,8,31,,,,,,2020-05-18 08:30,Shelby Sandstrom
Skin Microbiome Study,LK602,p3-SID818,KHID79,Healthy Skin,Antecubital fossa,Y,Y,Staphylococcus,epidermidis,GTDB-tk by RS on 3/9/22,,2019-07-29,10^-1,BL,BHI,,,,2019-08-29,,IKL,,,8,40,,,,,,2020-05-18 08:30,Shelby Sandstrom
Skin Microbiome Study,LK864,p3-SID1204,KHID104,Healthy Skin,Alar crease,Y,N,Bacillus,,,,2019-09-19,10^0,BD,BHI,,,,2019-10-28,,SAS,,,11,59,,,,,,2020-05-18 08:30,Shelby Sandstrom
Skin Microbiome Study,LK1127,p3-SID1463,KHID124,Healthy Skin,Volar forearm,Y,N,Bacillus,,,,2019-09-16,10^0,BD,BHI + Tween,,,,2019-12-10,,SAS,,,14,79,,,,,,2020-05-18 08:30,Shelby Sandstrom
Skin Microbiome Study,LK1183,p3-SID950,KHID94,Healthy Skin,Antecubital fossa,Y,N,Brachybacterium,,,,2019-09-19,10^0,BT,BHI + Tween,,,,2019-12-16,,SAS,,,15,54,,,,,,2020-05-18 08:30,Shelby Sandstrom
Skin Microbiome Study,LK870,p3-SID1229,KHID111,Healthy Skin,Toe web space,Y,N,Brevibacterium,,,,2019-09-19,10^0,B,BHI,,,,2019-10-28,,SAS,,,11,65,,,,,,2020-05-18 08:30,Shelby Sandstrom
Skin Microbiome Study,LK838,p3-SID1142,KHID92,Healthy Skin,Back,Y,N,Brevibacterium,,,,2019-09-19,10^0,BD,BHI,,,,2019-10-28,,SAS,,,11,33,,,,,,2020-05-18 08:30,Shelby Sandstrom
Skin Microbiome Study,LK912,p3-SID1248,KHID112,Healthy Skin,Alar crease,Y,N,Citricoccus,,,,2019-09-19,10^0,BD,BHI,,,,2019-11-15,,IKL,,,12,26,,,,,,2020-05-18 08:30,Shelby Sandstrom
Skin Microbiome Study,LK822,p3-SID1068,KHID119,Healthy Skin,Toe web space,Y,N,Citricoccus,,,,2019-09-19,10^0,BD,BHI+0.1%Tween 80,,,,2019-10-25,,SAS,,,11,17,,,,,,2020-05-18 08:30,Shelby Sandstrom
Skin Microbiome Study,LK1174,p3-SID1902,KHID147,Healthy Skin,Back,Y,N,Citricoccus,,,,2019-09-17,10^0,B,BHI + Tween,,,,2019-12-16,,SAS,,,15,45,,,,,,2020-05-18 08:30,Shelby Sandstrom
Skin Microbiome Study,LK877,p3-SID1130,KHID105,Healthy Skin,Nares,Y,N,Corynebacterium,,,,2019-09-19,10^0,BD,BHI+0.1%Tween 80,,,,2019-10-28,,SAS,,,11,72,,,,,,2020-05-18 08:30,Shelby Sandstrom
Skin Microbiome Study,LK856,p3-SID1212,KHID112,Healthy Skin,Alar crease,Y,N,Corynebacterium,,,,2019-09-19,10^0,B,BHI,,,,2019-10-28,,SAS,,,11,51,,,,,,2020-05-18 08:30,Shelby Sandstrom
Skin Microbiome Study,LK1359,p3-SID1025,KHID115,Healthy Skin,Back,Y,N,Corynebacterium,,,,2019-09-19,10^0,BD,BHI + Tween,,,,2019-12-29,,SAS,,,17,68,,,,,,2020-05-18 08:30,Shelby Sandstrom
Skin Microbiome Study,LK821,p3-SID1014,KHID115,Healthy Skin,Back,Y,N,Corynebacterium,,,,2019-09-19,10^0,B,BHI+0.1%Tween 80,,,,2019-10-25,,SAS,,,11,16,,,,,,2020-05-18 08:30,Shelby Sandstrom
Skin Microbiome Study,LK1365,p3-SID1018,KHID116,Healthy Skin,Volar forearm,Y,N,Corynebacterium,,,,2019-09-19,10^0,BD,BHI + Tween,,,,2019-12-29,,SAS,,,17,74,,,,,,2020-05-18 08:30,Shelby Sandstrom
Skin Microbiome Study,LK820,p3-SID1021,KHID116,Healthy Skin,Volar forearm,Y,N,Corynebacterium,,,,2019-09-19,10^0,BD,BHI+0.1%Tween 80,,,,2019-10-25,,SAS,,,11,15,,,,,,2020-05-18 08:30,Shelby Sandstrom
Skin Microbiome Study,LK872,p3-SID1005,KHID116,Healthy Skin,Volar forearm,Y,N,Corynebacterium,,,,2019-09-19,10^0,B,BHI+0.1%Tween 80,,,,2019-10-28,,SAS,,,11,67,,,,,,2020-05-18 08:30,Shelby Sandstrom
Skin Microbiome Study,LK827,p3-SID1300,KHID117,Healthy Skin,Antecubital fossa,Y,N,Corynebacterium,,,,2019-09-19,10^0,BD,BHI,,,,2019-10-28,,SAS,,,11,22,,,,,,2020-05-18 08:30,Shelby Sandstrom
Skin Microbiome Study,LK1084,p3-SID1564,KHID140,Healthy Skin,Volar forearm,Y,N,Corynebacterium,,,,2019-09-17,10^0,B,BHI + Tween,,,,2019-12-10,,SAS,,,14,36,,,,,,2020-05-18 08:30,Shelby Sandstrom
Skin Microbiome Study,LK1387,p3-SID2518,KHID48,Healthy Skin,Umbilicus,Y,N,Corynebacterium,,,,2020-02-26,10^0,B,BHI + Tween,,,,2020-03-11,,MHS,,,18,15,,,,,,2020-05-18 08:30,Shelby Sandstrom
Skin Microbiome Study,LK1388,p3-SID2519,KHID75,Healthy Skin,Nares,Y,N,Corynebacterium,,,,2020-02-26,10^0,BD,BHI + Tween,,,,2020-03-11,,MHS,,,18,16,,,,,,2020-05-18 08:30,Shelby Sandstrom
Skin Microbiome Study,LK1349,p3-SID1172,KHID86,Healthy Skin,Antecubital fossa,Y,N,Corynebacterium,,,,2019-09-19,10^0,BD,BHI + Tween,,,,2019-12-29,,SAS,,,17,58,,,,,,2020-05-18 08:30,Shelby Sandstrom
Skin Microbiome Study,LK855,p3-SID1149,KHID89,Healthy Skin,Alar crease,Y,N,Corynebacterium,,,,2019-09-19,10^0,B,BHI,,,,2019-10-28,,SAS,,,11,50,,,,,,2020-05-18 08:30,Shelby Sandstrom
Skin Microbiome Study,LK876,p3-SID1148,KHID89,Healthy Skin,Alar crease,Y,N,Corynebacterium,,,,2019-09-19,10^0,B,BHI+0.1%Tween 80,,,,2019-10-28,,SAS,,,11,71,,,,,,2020-05-18 08:30,Shelby Sandstrom
Skin Microbiome Study,LK1340,p3-SID972,KHID94,Healthy Skin,Antecubital fossa,Y,N,Corynebacterium,,,,2019-09-19,10^0,B,BHI + Tween,,,,2019-12-29,,SAS,,,17,49,,,,,,2020-05-18 08:30,Shelby Sandstrom
Skin Microbiome Study,LK1353,p3-SID1078,KHID84,Healthy Skin,Back,Y,N,Dermabacter,,,,2019-09-19,10^0,B,BHI + Tween,,,,2019-12-29,,SAS,,,17,62,,,,,,2020-05-18 08:30,Shelby Sandstrom
Skin Microbiome Study,LK836,p3-SID1314,KHID81,Healthy Skin,Alar crease,Y,N,Dermacoccus,,,,2019-09-19,10^0,B,BHI,,,,2019-10-28,,SAS,,,11,31,,,,,,2020-05-18 08:30,Shelby Sandstrom
Skin Microbiome Study,LK844,p3-SID1207,KHID112,Healthy Skin,Alar crease,Y,N,Dietzia,,,,2019-09-19,10^0,B,BHI,,,,2019-10-28,,SAS,,,11,39,,,,,,2020-05-18 08:30,Shelby Sandstrom
Skin Microbiome Study,LK826,p3-SID1299,KHID117,Healthy Skin,Antecubital fossa,Y,N,Dietzia,,,,2019-09-19,10^0,BD,BHI,,,,2019-10-28,,SAS,,,11,21,,,,,,2020-05-18 08:30,Shelby Sandstrom
Skin Microbiome Study,LK1063,p3-SID1899,KHID147,Healthy Skin,Back,Y,N,Dietzia,,,,2019-09-17,10^0,B,BHI + Tween,,,,2019-11-27,,SAS,,,14,15,,,,,,2020-05-18 08:30,Shelby Sandstrom
Skin Microbiome Study,LK845,p3-SID1329,KHID81,Healthy Skin,Alar crease,Y,N,Dietzia,,,,2019-09-19,10^0,BD,BHI,,,,2019-10-28,,SAS,,,11,40,,,,,,2020-05-18 08:30,Shelby Sandstrom
Skin Microbiome Study,LK823,p3-SID1258,KHID88,Healthy Skin,Toe web space,Y,N,Dietzia,,,,2019-09-19,10^0,BD,BHI,,,,2019-10-28,,SAS,,,11,18,,,,,,2020-05-18 08:30,Shelby Sandstrom
Skin Microbiome Study,LK858,p3-SID1206,KHID104,Healthy Skin,Alar crease,Y,N,Klebsiella,pneumoniae,,,2019-09-19,10^0,BD,BHI,,,,2019-10-28,,SAS,,,11,53,,,,,,2020-05-18 08:30,Shelby Sandstrom
Skin Microbiome Study,LK869,p3-SID1213,KHID104,Healthy Skin,Alar crease,Y,N,Klebsiella,pneumoniae,,,2019-09-19,10^0,BT,BHI,,,,2019-10-28,,SAS,,,11,64,,,,,,2020-05-18 08:30,Shelby Sandstrom
Skin Microbiome Study,LK461,p3-SID621,KHID62,Healthy Skin,Volar forearm,Y,N,Klebsiella,pneumoniae,,,2019-07-26,10^-1,BT,BHI,,,,2019-08-01,,IKL,,,6,61,,,,,,2020-05-18 08:30,Shelby Sandstrom
Skin Microbiome Study,LK1184,p3-SID1250,KHID103,Healthy Skin,Toe web space,Y,N,Kocuria,,,,2019-09-19,10^0,BT,BHI + Tween,,,,2019-12-16,,SAS,,,15,55,,,,,,2020-05-18 08:30,Shelby Sandstrom
Skin Microbiome Study,LK843,p3-SID1242,KHID103,Healthy Skin,Toe web space,Y,N,Kocuria,,,,2019-09-19,10^0,BD,BHI,,,,2019-10-28,,SAS,,,11,38,,,,,,2020-05-18 08:30,Shelby Sandstrom
Skin Microbiome Study,LK866,p3-SID1239,KHID103,Healthy Skin,Toe web space,Y,N,Kocuria,,,,2019-09-19,10^0,BD,BHI,,,,2019-10-28,,SAS,,,11,61,,,,,,2020-05-18 08:30,Shelby Sandstrom
Skin Microbiome Study,LK854,p3-SID1232,KHID111,Healthy Skin,Toe web space,Y,N,Kocuria,,,,2019-09-19,10^0,B,BHI,,,,2019-10-28,,SAS,,,11,49,,,,,,2020-05-18 08:30,Shelby Sandstrom
Skin Microbiome Study,LK664,p3-SID736,KHID40,Healthy Skin,Umbilicus,Y,N,Lysinibacillus,,,,2019-07-26,10^-1,BH,BHI,,,,2019-08-12,,IKL,,,9,21,,,,,,2020-05-18 08:30,Shelby Sandstrom
Skin Microbiome Study,LK675,p3-SID805,KHID74,Healthy Skin,Alar crease,Y,N,Lysinibacillus,,,,2019-07-29,10^-1,BT,BHI,,,,2019-08-12,,IKL,,,9,32,,,,,,2020-05-18 08:30,Shelby Sandstrom
Skin Microbiome Study,LK863,p3-SID1214,KHID104,Healthy Skin,Alar crease,Y,N,Micrococcus,,,,2019-09-19,10^0,BT,BHI,,,,2019-10-28,,SAS,,,11,58,,,,,,2020-05-18 08:30,Shelby Sandstrom
Skin Microbiome Study,LK911,p3-SID1133,KHID106,Healthy Skin,Occiput,Y,N,Micrococcus,,,,2019-09-19,10^0,B,BHI,,,,2019-11-15,,IKL,,,12,25,,,,,,2020-05-18 08:30,Shelby Sandstrom
Skin Microbiome Study,LK1355,p3-SID1116,KHID107,Healthy Skin,Back,Y,N,Micrococcus,,,,2019-09-19,10^0,BD,BHI + Tween,,,,2019-12-29,,SAS,,,17,64,,,,,,2020-05-18 08:30,Shelby Sandstrom
Skin Microbiome Study,LK903,p3-SID1311,KHID108,Healthy Skin,Volar forearm,Y,N,Micrococcus,,,,2019-09-19,10^0,BT,BHI,,,,2019-11-15,,IKL,,,12,17,,,,,,2020-05-18 08:30,Shelby Sandstrom
Skin Microbiome Study,LK1197,p3-SID966,KHID109,Healthy Skin,Antecubital fossa,Y,N,Micrococcus,,,,2019-09-19,10^0,BD,BHI + Tween,,,,2019-12-20,,SAS,,,15,68,,,,,,2020-05-18 08:30,Shelby Sandstrom
Skin Microbiome Study,LK892,p3-SID1235,KHID111,Healthy Skin,Toe web space,Y,N,Micrococcus,,,,2019-09-19,10^0,BT,BHI,,,,2019-11-15,,IKL,,,12,6,,,,,,2020-05-18 08:30,Shelby Sandstrom
Skin Microbiome Study,LK1196,p3-SID1038,KHID118,Healthy Skin,Umbilicus,Y,N,Micrococcus,,,,2019-09-19,10^0,BT,BHI + Tween,,,,2019-12-20,,SAS,,,15,67,,,,,,2020-05-18 08:30,Shelby Sandstrom
Skin Microbiome Study,LK998,p3-SID1570,KHID122,Healthy Skin,Occiput,Y,N,Micrococcus,,,,2019-09-17,10^0,BD,BHI + Tween,,,,2019-11-23,,SAS,,,13,31,,,,,,2020-05-18 08:30,Shelby Sandstrom
Skin Microbiome Study,LK1186,p3-SID1853,KHID133,Healthy Skin,Antecubital fossa,Y,N,Micrococcus,,,,2019-09-17,10^0,BD,BHI + Tween,,,,2019-12-16,,SAS,,,15,57,,,,,,2020-05-18 08:30,Shelby Sandstrom
Skin Microbiome Study,LK1216,p3-SID1746,KHID139,Healthy Skin,Back,Y,N,Micrococcus,,,,2019-09-17,10^0,BT,BHI + Tween,,,,2019-12-20,,SAS,,,16,6,,,,,,2020-05-18 08:30,Shelby Sandstrom
Skin Microbiome Study,LK1170,p3-SID1443,KHID142,Healthy Skin,Umbilicus,Y,N,Micrococcus,,,,2019-09-16,10^0,BD,BHI + Tween,,,,2019-12-10,,SAS,,,15,41,,,,,,2020-05-18 08:30,Shelby Sandstrom
Skin Microbiome Study,LK1220,p3-SID1768,KHID145,Healthy Skin,Nares,Y,N,Micrococcus,,,,2019-09-17,10^0,B,BHI + Tween,,,,2019-12-20,,SAS,,,16,10,,,,,,2020-05-18 08:30,Shelby Sandstrom
Skin Microbiome Study,LK1168,p3-SID1619,KHID157,Healthy Skin,Antecubital fossa,Y,N,Micrococcus,,,,2019-09-17,10^0,BD,BHI + Tween,,,,2019-12-10,,SAS,,,15,39,,,,,,2020-05-18 08:30,Shelby Sandstrom
Skin Microbiome Study,LK1299,p3-SID1761,KHID158,Healthy Skin,Umbilicus,Y,N,Micrococcus,,,,2019-09-17,10^0,BD,BHI + Tween,,,,2019-12-27,,SAS,,,17,8,,,,,,2020-05-18 08:30,Shelby Sandstrom
Skin Microbiome Study,LK581,p3-SID698,KHID26,Healthy Skin,Alar crease,Y,N,Micrococcus,,,,2019-07-26,10^-1,BL,BHI,,,,2019-08-06,,IKL,,,8,19,,,,,,2020-05-18 08:30,Shelby Sandstrom
Skin Microbiome Study,LK425,p3-SID881,KHID48,Healthy Skin,Umbilicus,Y,N,Micrococcus,,,,2019-07-29,10^0,BH,BHI,,,,2019-08-01,,IKL,,,6,25,,,,,,2020-05-18 08:30,Shelby Sandstrom
Skin Microbiome Study,LK832,p3-SID1332,KHID81,Healthy Skin,Alar crease,Y,N,Micrococcus,,,,2019-09-19,10^0,BD,BHI,,,,2019-10-28,,SAS,,,11,27,,,,,,2020-05-18 08:30,Shelby Sandstrom
Skin Microbiome Study,LK847,p3-SID1219,KHID86,Healthy Skin,Antecubital fossa,Y,N,Micrococcus,,,,2019-09-19,10^0,BT,BHI,,,,2019-10-28,,SAS,,,11,42,,,,,,2020-05-18 08:30,Shelby Sandstrom
Skin Microbiome Study,LK873,p3-SID1141,KHID92,Healthy Skin,Back,Y,N,Micrococcus,,,,2019-09-19,10^0,BT,BHI,,,,2019-10-28,,SAS,,,11,68,,,,,,2020-05-18 08:30,Shelby Sandstrom
Skin Microbiome Study,LK874,p3-SID1228,KHID97,Healthy Skin,Nares,Y,N,Micrococcus,,,,2019-09-19,10^0,B,BHI,,,,2019-10-28,,SAS,,,11,69,,,,,,2020-05-18 08:30,Shelby Sandstrom
Skin Microbiome Study,LK1271,p3-SID1775,KHID135,Healthy Skin,Toe web space,Y,N,Nesterenkonia,,,,2019-09-17,10^0,B,BHI + Tween,,,,2019-12-24,,SAS,,,16,61,,,,,,2020-05-18 08:30,Shelby Sandstrom
Skin Microbiome Study,LK536,p3-SID665,KHID60,Healthy Skin,Occiput,Y,N,Niallia,,,,2019-07-26,10^-1,BL,BHI,,,,2019-08-06,,IKL,,,7,55,,,,,,2020-05-18 08:30,Shelby Sandstrom
Skin Microbiome Study,LK450,p3-SID746,KHID33,Healthy Skin,Toe web space,Y,N,Penicillium,,,,2019-07-26,10^-1,BH,BHI,,,,2019-08-01,,IKL,,,6,50,,,,,,2020-05-18 08:30,Shelby Sandstrom
Skin Microbiome Study,LK860,p3-SID1223,KHID117,Healthy Skin,Antecubital fossa,Y,N,Rhodocococcus,,,,2019-09-19,10^0,B,BHI+Tween,,,,2019-10-28,,SAS,,,11,55,,,,,,2020-05-18 08:30,Shelby Sandstrom
Skin Microbiome Study,LK1081,p3-SID1645,KHID137,Healthy Skin,Nares,Y,N,Rothia,,,,2019-09-17,10^0,B,BHI + Tween,,,,2019-12-10,,SAS,,,14,33,,,,,,2020-05-18 08:30,Shelby Sandstrom
Skin Microbiome Study,LK1083,p3-SID1654,KHID137,Healthy Skin,Nares,Y,N,Rothia,,,,2019-09-17,10^0,B,BHI + Tween,,,,2019-12-10,,SAS,,,14,35,,,,,,2020-05-18 08:30,Shelby Sandstrom
Skin Microbiome Study,LK875,p3-SID1240,KHID103,Healthy Skin,Toe web space,Y,N,Sphingobacterium,,,,2019-09-19,10^0,BD,BHI,,,,2019-10-28,,SAS,,,11,70,,,,,,2020-05-18 08:30,Shelby Sandstrom
Skin Microbiome Study,LK834,p3-SID1127,KHID105,Healthy Skin,Nares,Y,N,Staphylococcus,,,,2019-09-19,10^0,B,BHI,,,,2019-10-28,,SAS,,,11,29,,,,,,2020-05-18 08:30,Shelby Sandstrom
Skin Microbiome Study,LK835,p3-SID1218,KHID112,Healthy Skin,Alar crease,Y,N,Staphylococcus,,,,2019-09-19,10^0,BT,BHI,,,,2019-10-28,,SAS,,,11,30,,,,,,2020-05-18 08:30,Shelby Sandstrom
Skin Microbiome Study,LK837,p3-SID1210,KHID112,Healthy Skin,Alar crease,Y,N,Staphylococcus,,,,2019-09-19,10^0,B,BHI,,,,2019-10-28,,SAS,,,11,32,,,,,,2020-05-18 08:30,Shelby Sandstrom
Skin Microbiome Study,LK1219,p3-SID1758,KHID158,Healthy Skin,Umbilicus,Y,N,Staphylococcus,,,,2019-09-17,10^0,BD,BHI + Tween,,,,2019-12-20,,SAS,,,16,9,,,,,,2020-05-18 08:30,Shelby Sandstrom
Skin Microbiome Study,LK1254,p3-SID1729,KHID158,Healthy Skin,Umbilicus,Y,N,Staphylococcus,,,,2019-09-17,10^0,B,BHI + Tween,,,,2019-12-24,,SAS,,,16,44,,,,,,2020-05-18 08:30,Shelby Sandstrom
Skin Microbiome Study,LK1265,p3-SID1760,KHID158,Healthy Skin,Umbilicus,Y,N,Staphylococcus,,,,2019-09-17,10^0,BD,BHI + Tween,,,,2019-12-24,,SAS,,,16,55,,,,,,2020-05-18 08:30,Shelby Sandstrom
Skin Microbiome Study,LK594,p3-SID883,KHID45,Healthy Skin,Back,Y,N,Staphylococcus,,,,2019-07-29,10^0,BL,BHI,,,,2019-08-29,,IKL,,,8,32,,,,,,2020-05-18 08:30,Shelby Sandstrom
Skin Microbiome Study,LK1373,p3-SID603,KHID58,Healthy Skin,Alar crease,Y,N,Staphylococcus,,,,2019-07-26,10^-1,BT,BHI + Tween,,,,2020-03-05,,SAS,,,18,1,,,,,,2020-05-18 08:30,Shelby Sandstrom
Skin Microbiome Study,LK620,p3-SID666,KHID60,Healthy Skin,Occiput,Y,N,Staphylococcus,,,,2019-07-26,10^-1,BL,BHI,,,,2019-08-29,,IKL,,,8,58,,,,,,2020-05-18 08:30,Shelby Sandstrom
Skin Microbiome Study,LK625,p3-SID789,KHID74,Healthy Skin,Alar crease,Y,N,Staphylococcus,,,,2019-07-29,10^-1,BL,BHI,,,,2019-08-29,,IKL,,,8,63,,,,,,2020-05-18 08:30,Shelby Sandstrom
Skin Microbiome Study,LK615,p3-SID774,KHID77,Healthy Skin,Back,Y,N,Staphylococcus,,,,2019-07-29,10^-1,BL,BHI,,,,2019-08-29,,IKL,,,8,53,,,,,,2020-05-18 08:30,Shelby Sandstrom
Skin Microbiome Study,LK616,p3-SID840,KHID78,Healthy Skin,Volar forearm,Y,N,Staphylococcus,,,,2019-07-29,10^-1,BL,BHI,,,,2019-08-29,,IKL,,,8,54,,,,,,2020-05-18 08:30,Shelby Sandstrom
Skin Microbiome Study,LK674,p3-SID769,KHID78,Healthy Skin,Volar forearm,Y,N,Staphylococcus,,,,2019-07-29,10^-1,BH,BHI,,,,2019-08-12,,IKL,,,9,31,,,,,,2020-05-18 08:30,Shelby Sandstrom
Skin Microbiome Study,LK600,p3-SID815,KHID79,Healthy Skin,Antecubital fossa,Y,N,Staphylococcus,,,,2019-07-29,10^-1,BL,BHI,,,,2019-08-29,,IKL,,,8,38,,,,,,2020-05-18 08:30,Shelby Sandstrom
Skin Microbiome Study,LK601,p3-SID816,KHID79,Healthy Skin,Antecubital fossa,Y,N,Staphylococcus,,,,2019-07-29,10^-1,BL,BHI,,,,2019-08-29,,IKL,,,8,39,,,,,,2020-05-18 08:30,Shelby Sandstrom
Skin Microbiome Study,LK637,p3-SID853,KHID79,Healthy Skin,Antecubital fossa,Y,N,Staphylococcus,,,,2019-07-29,10^-1,BT,BHI,,,,2019-08-29,,IKL,,,8,75,,,,,,2020-05-18 08:30,Shelby Sandstrom
Skin Microbiome Study,LK857,p3-SID1274,KHID88,Healthy Skin,Toe web space,Y,N,Staphylococcus,,,,2019-09-19,10^0,B,BHI+0.1%Tween 80,,,,2019-10-28,,SAS,,,11,52,,,,,,2020-05-18 08:30,Shelby Sandstrom
Skin Microbiome Study,LK849,p3-SID1279,KHID91,Healthy Skin,Occiput,Y,N,Staphylococcus,,,,2019-09-19,10^0,B,BHI,,,,2019-10-28,,SAS,,,11,44,,,,,,2020-05-18 08:30,Shelby Sandstrom
Skin Microbiome Study,LK853,p3-SID1283,KHID91,Healthy Skin,Occiput,Y,N,Staphylococcus,,,,2019-09-19,10^0,B,BHI,,,,2019-10-28,,SAS,,,11,48,,,,,,2020-05-18 08:30,Shelby Sandstrom
Skin Microbiome Study,LK861,p3-SID1280,KHID91,Healthy Skin,Occiput,Y,N,Staphylococcus,,,,2019-09-19,10^0,B,BHI,,,,2019-10-28,,SAS,,,11,56,,,,,,2020-05-18 08:30,Shelby Sandstrom